doc	source_file	pmid	field	kind	entity_id	label	original_spans	context	relationship_subject_id	relationship_subject_label	chemical_relationship	chemicals_utilized	study_taxa	strains	chemical_relationship_id	chemical_relationship_label	chemical_relationship_match_type	grounded_id	grounded_ids	kg_name	kg_category	match_type	kg_edge_count	kg_edge_evidence
1	00001-41779015-abstract.txt	41779015	study_taxa	taxon_candidate	AUTO:Salinimicrobium%20aquimaris	Salinimicrobium aquimaris	1542:1567	...novel Salinimicrobium species, for which the name [[Salinimicrobium aquimaris]] sp. nov. is proposed. The type strain is HB62T (=...				0	1	0									0	
1	00001-41779015-abstract.txt	41779015	study_taxa	taxon_candidate	AUTO:Salinimicrobium%20soli	Salinimicrobium soli	544:564	...hared the highest sequence identity of 98.0% with [[Salinimicrobium soli]] CAU 1287T and those of ≤97.9% and ≤94.6% with the...				0	1	0				NCBITaxon:1254399	NCBITaxon:1254399	Salinimicrobium soli	biolink:OrganismTaxon	name	4	out:biolink:subclass_of:NCBITaxon:561367|in:biolink:subclass_of:kgmicrobe.strain:CCUG-64794|in:biolink:subclass_of:kgmicrobe.strain:KCTC-32163|in:biolink:subclass_of:kgmicrobe.strain:bacdive_156750
1	00001-41779015-abstract.txt	41779015	study_taxa	taxon_candidate	AUTO:Salinimicrobium	Salinimicrobium	544:559; 623:638; 840:855; 946:961; 1498:1513; 1542:1557	...hared the highest sequence identity of 98.0% with [[Salinimicrobium]] soli CAU 1287T and those of ≤97.9% and ≤94.6% wit...; ...T and those of ≤97.9% and ≤94.6% with the rest of [[Salinimicrobium]] type strains and other genera type strains, respe...; ... strain HB62T was stably clustered into the genus [[Salinimicrobium]]. Average nucleotide identity and digital DNA-DNA ...; ... DNA-DNA hybridization values of strain HB62T and [[Salinimicrobium]] type strains were 72.1-78.2% and 17.8-21.2%, resp...; ...s, strain HB62T is concluded to represent a novel [[Salinimicrobium]] species, for which the name Salinimicrobium aquim...; ...novel Salinimicrobium species, for which the name [[Salinimicrobium]] aquimaris sp. nov. is proposed. The type strain i...				0	1	0				NCBITaxon:561367	NCBITaxon:561367	Salinimicrobium	biolink:OrganismTaxon	name	16	in:biolink:subclass_of:NCBITaxon:1254399|in:biolink:subclass_of:NCBITaxon:390640|in:biolink:subclass_of:NCBITaxon:999702|in:biolink:subclass_of:NCBITaxon:1343891|in:biolink:subclass_of:NCBITaxon:680283
1	00001-41779015-abstract.txt	41779015	strains	strain	AUTO:HB62T	HB62T	92:97; 218:223; 339:344; 487:492; 798:803; 936:941; 1458:1463; 1609:1614	"...ly anaerobic and rod-shaped strain, designated as [[HB62T]], was isolated from seawater in the tidal region o...; ...and, People's Republic of China. Growth of strain [[HB62T]] occurs at 16-40 °C, 0.5-10.0% (w/v) and pH 6.0-9....; ...a of 37 °C, 1.5-2.0% (w/v) and pH 6.5-7.0. Strain [[HB62T]] could grow anaerobically by using nitrate and sul...; ...ene sequence identity analysis showed that strain [[HB62T]] shared the highest sequence identity of 98.0% wit...; ...le-copy orthologous clusters revealed that strain [[HB62T]] was stably clustered into the genus Salinimicrobi...; ...nd digital DNA-DNA hybridization values of strain [[HB62T]] and Salinimicrobium type strains were 72.1-78.2% ...; ...ic, chemotaxonomic and phenotypic results, strain [[HB62T]] is concluded to represent a novel Salinimicrobium...; ...quimaris sp. nov. is proposed. The type strain is [[HB62T]] (=KCTC 102226T=MCCC 1K08856T).
"				0	0	1									0	
1	00001-41779015-abstract.txt	41779015	strains	strain	AUTO:CAU%201287T	CAU 1287T	565:574	...uence identity of 98.0% with Salinimicrobium soli [[CAU 1287T]] and those of ≤97.9% and ≤94.6% with the rest of S...				0	0	1									0	
1	00001-41779015-abstract.txt	41779015	strains	strain	AUTO:KCTC%20102226T	KCTC 102226T	1617:1629	"... sp. nov. is proposed. The type strain is HB62T (=[[KCTC 102226T]]=MCCC 1K08856T).
"				0	0	1									0	
1	00001-41779015-abstract.txt	41779015	strains	strain	AUTO:MCCC%201K08856T	MCCC 1K08856T	1630:1643	"...proposed. The type strain is HB62T (=KCTC 102226T=[[MCCC 1K08856T]]).
"				0	0	1									0	
1	00001-41779015-abstract.txt	41779015	chemical_utilization_object	chemical	AUTO:nitrate	nitrate	379:386	...0. Strain [[HB62T]] could grow anaerobically by using [[nitrate]] and sulphate as electron acceptors. The 16S rRNA ...	AUTO:HB62T	HB62T	uses_as_electron_acceptor	1	0	0	METPO:2000008	uses as electron acceptor	label	CHEBI:17632	CHEBI:17632	nitrate	biolink:ChemicalEntity|biolink:ChemicalSubstance|biolink:SmallMolecule	name	25573	out:biolink:subclass_of:CHEBI:33458|out:biolink:subclass_of:CHEBI:62764|out:biolink:subclass_of:CHEBI:79389|out:biolink:related_to:CHEBI:48107|in:METPO:2000019:kgmicrobe.strain:bacdive_1006
1	00001-41779015-abstract.txt	41779015	chemical_utilization_object	chemical	AUTO:sulphate	sulphate	391:399	...62T could grow anaerobically by using nitrate and [[sulphate]] as electron acceptors. The 16S rRNA gene sequence...	AUTO:HB62T	HB62T	uses_as_electron_acceptor	1	0	0	METPO:2000008	uses as electron acceptor	label	CHEBI:16189	CHEBI:16189	sulfate	biolink:ChemicalEntity|biolink:ChemicalSubstance|biolink:SmallMolecule	synonym	554	out:biolink:subclass_of:CHEBI:24834|out:biolink:subclass_of:CHEBI:33482|out:biolink:subclass_of:CHEBI:48154|out:biolink:subclass_of:CHEBI:79388|out:biolink:related_to:CHEBI:23357
2	00002-41774080-abstract.txt	41774080	study_taxa	taxon_candidate	AUTO:Janibacter	Janibacter	428:438; 522:532; 655:665; 689:699; 885:895; 1651:1661; 1683:1693; 1721:1731	...ecies, with both species falling within the genus [[Janibacter]]. Strains G56T and G1551 exhibited the highest 16S...; ... the highest 16S rRNA gene sequence similarity to [[Janibacter]] anophelis CCUG 49715T (98.61%), whereas strains G...; ... the highest 16S rRNA gene sequence similarity to [[Janibacter]] limosus DSM 11140T and Janibacter terrae NBRC 107...; ...e similarity to Janibacter limosus DSM 11140T and [[Janibacter]] terrae NBRC 107853T (99.03-99.10%). The average n...; ...strains (G56T and G349T) and species of the genus [[Janibacter]] were 74.59-89.54% and 19.70-38.30%, respectively....; ...dered to represent two novel species of the genus [[Janibacter]], for which the names Janibacter zhaoxuefangae sp....; ...cies of the genus Janibacter, for which the names [[Janibacter]] zhaoxuefangae sp. nov. and Janibacter zhangyanbon...; ...h the names Janibacter zhaoxuefangae sp. nov. and [[Janibacter]] zhangyanbonis sp. nov. are proposed. The type str...				0	1	0				NCBITaxon:53457	NCBITaxon:53457	Janibacter	biolink:OrganismTaxon	name	18	in:biolink:subclass_of:NCBITaxon:103817|in:biolink:subclass_of:NCBITaxon:1069963|in:biolink:subclass_of:NCBITaxon:1285192|in:biolink:subclass_of:NCBITaxon:256549|in:biolink:subclass_of:NCBITaxon:262209
2	00002-41774080-abstract.txt	41774080	study_taxa	taxon_candidate	AUTO:Janibacter%20anophelis	Janibacter anophelis	522:542	... the highest 16S rRNA gene sequence similarity to [[Janibacter anophelis]] CCUG 49715T (98.61%), whereas strains G349T and G...				0	1	0				NCBITaxon:319054	NCBITaxon:319054	Janibacter anophelis	biolink:OrganismTaxon	name	29	in:biolink:subclass_of:NCBITaxon:1216968|out:biolink:subclass_of:NCBITaxon:53457|out:METPO:2000006:CHEBI:25115|out:METPO:2000006:CHEBI:26271|out:METPO:2000006:CHEBI:27082
2	00002-41774080-abstract.txt	41774080	study_taxa	taxon_candidate	AUTO:Janibacter%20limosus	Janibacter limosus	655:673	... the highest 16S rRNA gene sequence similarity to [[Janibacter limosus]] DSM 11140T and Janibacter terrae NBRC 107853T (99...				0	1	0				NCBITaxon:53458	NCBITaxon:53458	Janibacter limosus	biolink:OrganismTaxon	name	121	in:biolink:subclass_of:NCBITaxon:1216970|out:biolink:subclass_of:NCBITaxon:53457|out:METPO:2000517:mediadive.medium:92|out:biolink:has_phenotype:METPO:1000604|out:biolink:has_phenotype:METPO:1000602
2	00002-41774080-abstract.txt	41774080	study_taxa	taxon_candidate	AUTO:Janibacter%20terrae	Janibacter terrae	689:706	...e similarity to Janibacter limosus DSM 11140T and [[Janibacter terrae]] NBRC 107853T (99.03-99.10%). The average nucleoti...				0	1	0				NCBITaxon:103817	NCBITaxon:103817	Janibacter terrae	biolink:OrganismTaxon	name	35	out:biolink:subclass_of:NCBITaxon:53457|out:METPO:2000517:mediadive.medium:457|out:METPO:2000517:mediadive.medium:220|out:METPO:2000517:mediadive.medium:535|out:biolink:has_phenotype:METPO:1000602
2	00002-41774080-abstract.txt	41774080	study_taxa	taxon_candidate	AUTO:Janibacter%20zhaoxuefangae	Janibacter zhaoxuefangae	1683:1707	...cies of the genus Janibacter, for which the names [[Janibacter zhaoxuefangae]] sp. nov. and Janibacter zhangyanbonis sp. nov. ar...				0	1	0									0	
2	00002-41774080-abstract.txt	41774080	study_taxa	taxon_candidate	AUTO:Janibacter%20zhangyanbonis	Janibacter zhangyanbonis	1721:1745	...h the names Janibacter zhaoxuefangae sp. nov. and [[Janibacter zhangyanbonis]] sp. nov. are proposed. The type strains are G56T ...				0	1	0									0	
2	00002-41774080-abstract.txt	41774080	strains	strain	AUTO:G56T	G56T	44:48; 287:291; 448:452; 844:848; 970:974; 1146:1150; 1576:1580; 1790:1794	Four novel bacterial strains, designated as [[G56T]], G1551, G349T and G368, were isolated from in sit...; ...is based on 16S rRNA gene sequences revealed that [[G56T]] and G1551 represented the same species, and that ...; ...cies falling within the genus Janibacter. Strains [[G56T]] and G1551 exhibited the highest 16S rRNA gene seq...; ...ization values between the proposed type strains ([[G56T]] and G349T) and species of the genus Janibacter we...; ....70-38.30%, respectively. The DNA G+C contents of [[G56T]] and G349T were 71.0 and 71.5 mol%, respectively, ...; ...quinone. The major cellular fatty acids of strain [[G56T]] were C16:0 10-methyl and/or iso-C17:1 ω9c, iso-C1...; ...phylogenetic and chemotaxonomic evidence, strains [[G56T]] and G349T were considered to represent two novel ...; ...bonis sp. nov. are proposed. The type strains are [[G56T]] (=GDMCC 1.5581T=JCM 37886T) and G349T (=GDMCC 1.5...				0	0	1									0	
2	00002-41774080-abstract.txt	41774080	strains	strain	AUTO:G1551	G1551	50:55; 296:301; 457:462	Four novel bacterial strains, designated as G56T, [[G1551]], G349T and G368, were isolated from in situ coal ...; ...on 16S rRNA gene sequences revealed that G56T and [[G1551]] represented the same species, and that G349T and ...; ...ing within the genus Janibacter. Strains G56T and [[G1551]] exhibited the highest 16S rRNA gene sequence simi...				0	0	1									0	
2	00002-41774080-abstract.txt	41774080	strains	strain	AUTO:G349T	G349T	57:62; 341:346; 581:586; 853:858; 979:984; 1243:1248; 1585:1590; 1827:1832	"...vel bacterial strains, designated as G56T, G1551, [[G349T]] and G368, were isolated from in situ coal samples...; ... and G1551 represented the same species, and that [[G349T]] and G368 represented another species, with both s...; ...r anophelis CCUG 49715T (98.61%), whereas strains [[G349T]] and G368 exhibited the highest 16S rRNA gene sequ...; ...alues between the proposed type strains (G56T and [[G349T]]) and species of the genus Janibacter were 74.59-8...; ...%, respectively. The DNA G+C contents of G56T and [[G349T]] were 71.0 and 71.5 mol%, respectively, and both s...; ... iso-C17:0 and iso-C15:0, whereas those of strain [[G349T]] were C18:1 ω9c, iso-C16:0 and C17:1 ω8c. The pola...; ...tic and chemotaxonomic evidence, strains G56T and [[G349T]] were considered to represent two novel species of...; ... strains are G56T (=GDMCC 1.5581T=JCM 37886T) and [[G349T]] (=GDMCC 1.5549T=JCM 37887T).
"				0	0	1									0	
2	00002-41774080-abstract.txt	41774080	strains	strain	AUTO:G368	G368	67:71; 351:355; 591:595	...ial strains, designated as G56T, G1551, G349T and [[G368]], were isolated from in situ coal samples. All fou...; ... represented the same species, and that G349T and [[G368]] represented another species, with both species fa...; ...s CCUG 49715T (98.61%), whereas strains G349T and [[G368]] exhibited the highest 16S rRNA gene sequence simi...				0	0	1									0	
2	00002-41774080-abstract.txt	41774080	strains	strain	AUTO:CCUG%2049715T	CCUG 49715T	543:554	... gene sequence similarity to Janibacter anophelis [[CCUG 49715T]] (98.61%), whereas strains G349T and G368 exhibite...				0	0	1									0	
2	00002-41774080-abstract.txt	41774080	strains	strain	AUTO:DSM%2011140T	DSM 11140T	674:684	...NA gene sequence similarity to Janibacter limosus [[DSM 11140T]] and Janibacter terrae NBRC 107853T (99.03-99.10%)...				0	0	1									0	
2	00002-41774080-abstract.txt	41774080	strains	strain	AUTO:NBRC%20107853T	NBRC 107853T	707:719	...nibacter limosus DSM 11140T and Janibacter terrae [[NBRC 107853T]] (99.03-99.10%). The average nucleotide identity a...				0	0	1									0	
2	00002-41774080-abstract.txt	41774080	strains	strain	AUTO:GDMCC%201.5581T	GDMCC 1.5581T	1797:1810	...p. nov. are proposed. The type strains are G56T (=[[GDMCC 1.5581T]]=JCM 37886T) and G349T (=GDMCC 1.5549T=JCM 37887T)...				0	0	1									0	
2	00002-41774080-abstract.txt	41774080	strains	strain	AUTO:JCM%2037886T	JCM 37886T	1811:1821	"...oposed. The type strains are G56T (=GDMCC 1.5581T=[[JCM 37886T]]) and G349T (=GDMCC 1.5549T=JCM 37887T).
"				0	0	1									0	
2	00002-41774080-abstract.txt	41774080	strains	strain	AUTO:GDMCC%201.5549T	GDMCC 1.5549T	1835:1848	"... are G56T (=GDMCC 1.5581T=JCM 37886T) and G349T (=[[GDMCC 1.5549T]]=JCM 37887T).
"				0	0	1									0	
2	00002-41774080-abstract.txt	41774080	strains	strain	AUTO:JCM%2037887T	JCM 37887T	1849:1859	"...MCC 1.5581T=JCM 37886T) and G349T (=GDMCC 1.5549T=[[JCM 37887T]]).
"				0	0	1									0	
3	00003-41773501-abstract.txt	41773501	study_taxa	taxon_candidate	AUTO:Umbribacter%20vaginalis	Umbribacter vaginalis	1296:1317	...n the Eggerthellaceae family. We propose the name [[Umbribacter vaginalis]] gen. nov., sp. nov. with DNF00809T representing t...				0	1	0				kgmicrobe.strain:bacdive_177120	kgmicrobe.strain:bacdive_177120	Umbribacter vaginalis	biolink:OrganismTaxon	name	1	out:METPO:2000517:mediadive.medium:1203
3	00003-41773501-abstract.txt	41773501	study_taxa	taxon_candidate	AUTO:Eggerthella-like%20vaginal%20bacterium%20%28ELVB%29	Eggerthella-like vaginal bacterium (ELVB)	351:392	...d bacterial clone sequence AY738656 designated as [[Eggerthella-like vaginal bacterium (ELVB)]] and shared 100% 16S rRNA gene sequence identity w...				0	1	0									0	
3	00003-41773501-abstract.txt	41773501	strains	strain	AUTO:DNF00809T	DNF00809T	760:769; 826:835; 982:991; 1188:1197; 1343:1352	..., we characterized the novel bacterium designated [[DNF00809T]] using biochemical, genotypic and phylogenetic ana...; ...biochemical, genotypic and phylogenetic analyses. [[DNF00809T]] was a coccobacillus that was non-motile, non-spor...; ...le negative. Fatty acid methyl ester analysis for [[DNF00809T]] indicated C14 : 0, C16 : 0, C16 : 0 dimethyl acet...; ...logenetic and phylogenomic analyses indicate that [[DNF00809T]] represents a novel genus and novel species within...; ...me Umbribacter vaginalis gen. nov., sp. nov. with [[DNF00809T]] representing the type strain of this species (=DS...				0	0	1									0	
3	00003-41773501-abstract.txt	41773501	strains	strain	AUTO:DNF00809	DNF00809	50:58; 760:768; 826:834; 982:990; 1188:1196; 1343:1351	Gram-variable obligately anaerobic novel bacteria [[DNF00809]] and PR-HUZ-602407-17 were isolated from vaginal f...; ..., we characterized the novel bacterium designated [[DNF00809]]T using biochemical, genotypic and phylogenetic an...; ...biochemical, genotypic and phylogenetic analyses. [[DNF00809]]T was a coccobacillus that was non-motile, non-spo...; ...le negative. Fatty acid methyl ester analysis for [[DNF00809]]T indicated C14 : 0, C16 : 0, C16 : 0 dimethyl ace...; ...logenetic and phylogenomic analyses indicate that [[DNF00809]]T represents a novel genus and novel species withi...; ...me Umbribacter vaginalis gen. nov., sp. nov. with [[DNF00809]]T representing the type strain of this species (=D...				0	0	1									0	
3	00003-41773501-abstract.txt	41773501	strains	strain	AUTO:PR-HUZ-602407-17	PR-HUZ-602407-17	63:79	... obligately anaerobic novel bacteria DNF00809 and [[PR-HUZ-602407-17]] were isolated from vaginal fluid samples from wom...				0	0	1									0	
3	00003-41773501-abstract.txt	41773501	strains	strain	AUTO:DSM%20118866T	DSM 118866T	1400:1411	"...9T representing the type strain of this species (=[[DSM 118866T]]=CCUG77988T).
"				0	0	1									0	
3	00003-41773501-abstract.txt	41773501	strains	strain	AUTO:CCUG77988T	CCUG77988T	1412:1422	"...ing the type strain of this species (=DSM 118866T=[[CCUG77988T]]).
"				0	0	1									0	
4	00004-41790565-abstract.txt	41790565	study_taxa	taxon_candidate	AUTO:Thaumasiovibrio%20clandestinus	Thaumasiovibrio clandestinus	1256:1284	... of the genus Thaumasiovibrio, for which the name [[Thaumasiovibrio clandestinus]] sp. nov. is proposed. The type strain is DFM-14T ...				0	1	0									0	
4	00004-41790565-abstract.txt	41790565	study_taxa	taxon_candidate	AUTO:Thaumasiovibrio%20subtropicus	Thaumasiovibrio subtropicus	524:551	...ota). Strain DFM-14T formed a distinct clade with [[Thaumasiovibrio subtropicus]] C4V358T and Thaumasiovibrio occultus C4II189ᵀ, sh...				0	1	0				NCBITaxon:1891207	NCBITaxon:1891207	Thaumasiovibrio subtropicus	biolink:OrganismTaxon	name	6	out:biolink:subclass_of:NCBITaxon:2014233|out:METPO:2000517:mediadive.medium:514|out:METPO:2000517:mediadive.medium:J118|in:biolink:subclass_of:kgmicrobe.strain:DSM-101555|in:biolink:subclass_of:kgmicrobe.strain:JCM-31630
4	00004-41790565-abstract.txt	41790565	study_taxa	taxon_candidate	AUTO:Thaumasiovibrio%20occultus	Thaumasiovibrio occultus	564:588	...lade with Thaumasiovibrio subtropicus C4V358T and [[Thaumasiovibrio occultus]] C4II189ᵀ, sharing 16S rRNA gene sequence similari...				0	1	0				NCBITaxon:1891184	NCBITaxon:1891184	Thaumasiovibrio occultus	biolink:OrganismTaxon	name	6	out:biolink:subclass_of:NCBITaxon:2014233|out:METPO:2000517:mediadive.medium:514|out:METPO:2000517:mediadive.medium:J118|in:biolink:subclass_of:kgmicrobe.strain:DSM-101554|in:biolink:subclass_of:kgmicrobe.strain:JCM-31629
4	00004-41790565-abstract.txt	41790565	strains	strain	AUTO:DFM-14T	DFM-14T	60:67; 487:494; 1326:1333	"...etically distinct bacterial strain, designated as [[DFM-14T]], was isolated in 2022 from marine mud collected i...; ...mily Vibrionaceae, phylum Pseudomonadota). Strain [[DFM-14T]] formed a distinct clade with Thaumasiovibrio subt...; ...destinus sp. nov. is proposed. The type strain is [[DFM-14T]] (=KEMB 24352T=JCM 37837T=KCTC 8887T).
"				0	0	1									0	
4	00004-41790565-abstract.txt	41790565	strains	strain	AUTO:C4V358T	C4V358T	552:559	...a distinct clade with Thaumasiovibrio subtropicus [[C4V358T]] and Thaumasiovibrio occultus C4II189ᵀ, sharing 16...				0	0	1									0	
4	00004-41790565-abstract.txt	41790565	strains	strain	AUTO:C4II189T	C4II189T						0	0	1									0	
4	00004-41790565-abstract.txt	41790565	chemical_utilization_object	chemical	AUTO:NaCl	NaCl	1087:1091	...timal growth occurs at 25 °C, pH 7.0 and 2% (w/v) [[NaCl]]. Based on phenotypic, phylogenetic, chemotaxonomi...	AUTO:DFM-14T	DFM-14T	tolerates	1	0	0	METPO:2000064	tolerates	label	CHEBI:26710	CHEBI:26710	1% sodium chloride	biolink:ChemicalEntity|biolink:ChemicalSubstance|biolink:SmallMolecule	synonym	2636	out:biolink:subclass_of:CHEBI:36093|out:biolink:subclass_of:CHEBI:38702|out:biolink:related_to:CHEBI:149552|out:biolink:has_chemical_role:CHEBI:149552|out:biolink:related_to:CHEBI:228364
5	00005-41649942-abstract.txt	41649942	study_taxa	taxon_candidate	AUTO:Flavobacterium%20oryzagri	Flavobacterium oryzagri	1218:1241	... of the genus Flavobacterium, for which the names [[Flavobacterium oryzagri]] sp. nov. (type strain M3-11T=KACC 22761T=JCM 3594...				0	1	0									0	
5	00005-41649942-abstract.txt	41649942	study_taxa	taxon_candidate	AUTO:Flavobacterium%20oryzicola	Flavobacterium oryzicola	1299:1323	.... (type strain M3-11T=KACC 22761T=JCM 35942T) and [[Flavobacterium oryzicola]] sp. nov. (type strain M6-14T=KACC 22763T=JCM 3594...				0	1	0									0	
5	00005-41649942-abstract.txt	41649942	study_taxa	taxon_candidate	AUTO:Flavobacterium%20zhairuonense	Flavobacterium zhairuonense	460:487	...Flavobacterium, showing the highest similarity to [[Flavobacterium zhairuonense]] A5.7T (97.98%) and Flavobacterium nitrogenifigens...				0	1	0				NCBITaxon:2493631	NCBITaxon:2493631	Flavobacterium zhairuonense	biolink:OrganismTaxon	name	4	out:biolink:subclass_of:NCBITaxon:237|in:biolink:subclass_of:kgmicrobe.strain:KCTC-62406|in:biolink:subclass_of:kgmicrobe.strain:MCCC-1K03494|in:biolink:subclass_of:kgmicrobe.strain:bacdive_167358
5	00005-41649942-abstract.txt	41649942	study_taxa	taxon_candidate	AUTO:Flavobacterium%20nitrogenifigens	Flavobacterium nitrogenifigens	507:537	...to Flavobacterium zhairuonense A5.7T (97.98%) and [[Flavobacterium nitrogenifigens]] NXU-44T (98.23 %), respectively. The genomic simi...				0	1	0				NCBITaxon:1617283	NCBITaxon:1617283	Flavobacterium nitrogenifigens	biolink:OrganismTaxon	name	7	out:biolink:subclass_of:NCBITaxon:237|out:METPO:2000517:mediadive.medium:545|out:biolink:has_phenotype:METPO:1000602|in:biolink:subclass_of:kgmicrobe.strain:CIP-110894|in:biolink:subclass_of:kgmicrobe.strain:DSM-29982
5	00005-41649942-abstract.txt	41649942	strains	strain	AUTO:M3-11T	M3-11T	34:40; 363:369; 1127:1133; 1264:1270	Two bacterial strains, designated [[M3-11T]] and M6-14T, were isolated from paddy field soils ...; ...on 16S rRNA gene sequences indicated that strains [[M3-11T]] and M6-14T were placed within the genus Flavobact...; ...c data obtained in this study showed that strains [[M3-11T]] and M6-14T represent novel species of the genus F...; ...mes Flavobacterium oryzagri sp. nov. (type strain [[M3-11T]]=KACC 22761T=JCM 35942T) and Flavobacterium oryzic...				0	0	1									0	
5	00005-41649942-abstract.txt	41649942	strains	strain	AUTO:M6-14T	M6-14T	45:51; 374:380; 1138:1144; 1346:1352	"Two bacterial strains, designated M3-11T and [[M6-14T]], were isolated from paddy field soils in the Repu...; ... gene sequences indicated that strains M3-11T and [[M6-14T]] were placed within the genus Flavobacterium, show...; ...ined in this study showed that strains M3-11T and [[M6-14T]] represent novel species of the genus Flavobacteri...; ...nd Flavobacterium oryzicola sp. nov. (type strain [[M6-14T]]=KACC 22763T=JCM 35943T) are proposed.
"				0	0	1									0	
5	00005-41649942-abstract.txt	41649942	strains	strain	AUTO:A5.7T	A5.7T	488:493	...highest similarity to Flavobacterium zhairuonense [[A5.7T]] (97.98%) and Flavobacterium nitrogenifigens NXU-4...				0	0	1									0	
5	00005-41649942-abstract.txt	41649942	strains	strain	AUTO:NXU-44T	NXU-44T	538:545	...A5.7T (97.98%) and Flavobacterium nitrogenifigens [[NXU-44T]] (98.23 %), respectively. The genomic similarity b...				0	0	1									0	
5	00005-41649942-abstract.txt	41649942	strains	strain	AUTO:KACC%2022761T	KACC 22761T	1271:1282	...vobacterium oryzagri sp. nov. (type strain M3-11T=[[KACC 22761T]]=JCM 35942T) and Flavobacterium oryzicola sp. nov....				0	0	1									0	
5	00005-41649942-abstract.txt	41649942	strains	strain	AUTO:JCM%2035942T	JCM 35942T	1283:1293	...oryzagri sp. nov. (type strain M3-11T=KACC 22761T=[[JCM 35942T]]) and Flavobacterium oryzicola sp. nov. (type stra...				0	0	1									0	
5	00005-41649942-abstract.txt	41649942	strains	strain	AUTO:KACC%2022763T	KACC 22763T	1353:1364	"...obacterium oryzicola sp. nov. (type strain M6-14T=[[KACC 22763T]]=JCM 35943T) are proposed.
"				0	0	1									0	
5	00005-41649942-abstract.txt	41649942	strains	strain	AUTO:JCM%2035943T	JCM 35943T	1365:1375	"...ryzicola sp. nov. (type strain M6-14T=KACC 22763T=[[JCM 35943T]]) are proposed.
"				0	0	1									0	
6	00006-41739071-abstract.txt	41739071	study_taxa	taxon_candidate	AUTO:Flagellimonas%20ulvae	Flagellimonas ulvae	1458:1477	...s of the genus Flagellimonas, for which the names [[Flagellimonas ulvae]] sp. nov. (S174ᵀ=KACC 24029ᵀ=JCM 37803ᵀ) and Flage...				0	1	0									0	
6	00006-41739071-abstract.txt	41739071	study_taxa	taxon_candidate	AUTO:Flagellimonas%20rhodophyticola	Flagellimonas rhodophyticola	1522:1550	...ulvae sp. nov. (S174ᵀ=KACC 24029ᵀ=JCM 37803ᵀ) and [[Flagellimonas rhodophyticola]] sp. nov. (W118ᵀ=KACC 24030ᵀ=JCM 37802ᵀ) are propo...				0	1	0									0	
6	00006-41739071-abstract.txt	41739071	study_taxa	taxon_candidate	AUTO:Flagellimonas%20meridianipacifica	Flagellimonas meridianipacifica	1080:1111	...ains S174ᵀ and W118ᵀ were most closely related to [[Flagellimonas meridianipacifica]] SW027ᵀ (97.2%) and Flagellimonas onchidii XY-359ᵀ...				0	1	0				NCBITaxon:1080225	NCBITaxon:1080225	Flagellimonas meridianipacifica	biolink:OrganismTaxon	name	9	out:biolink:subclass_of:NCBITaxon:444459|out:METPO:2000517:mediadive.medium:J118|out:METPO:2000517:mediadive.medium:514|out:biolink:has_phenotype:METPO:1000602|out:biolink:has_phenotype:METPO:1000429
6	00006-41739071-abstract.txt	41739071	study_taxa	taxon_candidate	AUTO:Flagellimonas%20onchidii	Flagellimonas onchidii	1131:1153	...lagellimonas meridianipacifica SW027ᵀ (97.2%) and [[Flagellimonas onchidii]] XY-359ᵀ (97.9%), respectively, and ANI and dDDH v...				0	1	0				NCBITaxon:2562684	NCBITaxon:2562684	Flagellimonas onchidii	biolink:OrganismTaxon	name	4	in:biolink:subclass_of:kgmicrobe.strain:KCTC-72218|in:biolink:subclass_of:kgmicrobe.strain:MCCC-1K03658|in:biolink:subclass_of:kgmicrobe.strain:bacdive_166860|out:biolink:subclass_of:NCBITaxon:444459
6	00006-41739071-abstract.txt	41739071	strains	strain	AUTO:S174%E1%B5%80	S174ᵀ	95:100; 683:688; 1035:1040; 1366:1371; 1488:1493	...n-motile, rod-shaped bacteria, designated strains [[S174ᵀ]] and W118ᵀ, were isolated from the marine green al...; ...quences, were 39.1 mol% for both strains. Strains [[S174ᵀ]] and W118ᵀ shared 93.6% 16S rRNA gene sequence sim...; ... lineages within the genus Flagellimonas. Strains [[S174ᵀ]] and W118ᵀ were most closely related to Flagellimo...; ...pic, chemotaxonomic and genomic features, strains [[S174ᵀ]] and W118ᵀ represent two novel species of the genu...; ...for which the names Flagellimonas ulvae sp. nov. ([[S174ᵀ]]=KACC 24029ᵀ=JCM 37803ᵀ) and Flagellimonas rhodoph...				0	0	1									0	
6	00006-41739071-abstract.txt	41739071	strains	strain	AUTO:W118%E1%B5%80	W118ᵀ	105:110; 693:698; 1045:1050; 1376:1381; 1561:1566	"...rod-shaped bacteria, designated strains S174ᵀ and [[W118ᵀ]], were isolated from the marine green alga Ulva pr...; ...ere 39.1 mol% for both strains. Strains S174ᵀ and [[W118ᵀ]] shared 93.6% 16S rRNA gene sequence similarity, 7...; ...within the genus Flagellimonas. Strains S174ᵀ and [[W118ᵀ]] were most closely related to Flagellimonas meridi...; ...taxonomic and genomic features, strains S174ᵀ and [[W118ᵀ]] represent two novel species of the genus Flagelli...; ...7803ᵀ) and Flagellimonas rhodophyticola sp. nov. ([[W118ᵀ]]=KACC 24030ᵀ=JCM 37802ᵀ) are proposed.
"				0	0	1									0	
6	00006-41739071-abstract.txt	41739071	strains	strain	AUTO:SW027%E1%B5%80	SW027ᵀ	1112:1118	...losely related to Flagellimonas meridianipacifica [[SW027ᵀ]] (97.2%) and Flagellimonas onchidii XY-359ᵀ (97.9%...				0	0	1									0	
6	00006-41739071-abstract.txt	41739071	strains	strain	AUTO:XY-359%E1%B5%80	XY-359ᵀ	1154:1161	...acifica SW027ᵀ (97.2%) and Flagellimonas onchidii [[XY-359ᵀ]] (97.9%), respectively, and ANI and dDDH values wi...				0	0	1									0	
6	00006-41739071-abstract.txt	41739071	strains	strain	AUTO:KACC%2024029%E1%B5%80	KACC 24029ᵀ	1494:1505	...ich the names Flagellimonas ulvae sp. nov. (S174ᵀ=[[KACC 24029ᵀ]]=JCM 37803ᵀ) and Flagellimonas rhodophyticola sp. ...				0	0	1									0	
6	00006-41739071-abstract.txt	41739071	strains	strain	AUTO:JCM%2037803%E1%B5%80	JCM 37803ᵀ	1506:1516	...s Flagellimonas ulvae sp. nov. (S174ᵀ=KACC 24029ᵀ=[[JCM 37803ᵀ]]) and Flagellimonas rhodophyticola sp. nov. (W118ᵀ...				0	0	1									0	
6	00006-41739071-abstract.txt	41739071	strains	strain	AUTO:KACC%2024030%E1%B5%80	KACC 24030ᵀ	1567:1578	"... and Flagellimonas rhodophyticola sp. nov. (W118ᵀ=[[KACC 24030ᵀ]]=JCM 37802ᵀ) are proposed.
"				0	0	1									0	
6	00006-41739071-abstract.txt	41739071	strains	strain	AUTO:JCM%2037802%E1%B5%80	JCM 37802ᵀ	1579:1589	"...imonas rhodophyticola sp. nov. (W118ᵀ=KACC 24030ᵀ=[[JCM 37802ᵀ]]) are proposed.
"				0	0	1									0	
6	00006-41739071-abstract.txt	41739071	chemical_utilization_object	chemical	AUTO:NaCl	NaCl	367:371	...nd grew optimally at 25 °C, pH 8.0 and 2.0% (w/v) [[NaCl]]. The major fatty acids (>10%) in both strains wer...	AUTO:S174%E1%B5%80	S174ᵀ	requires_for_growth	1	0	0	METPO:2000018	requires for growth	label	CHEBI:26710	CHEBI:26710	1% sodium chloride	biolink:ChemicalEntity|biolink:ChemicalSubstance|biolink:SmallMolecule	synonym	2636	out:biolink:subclass_of:CHEBI:36093|out:biolink:subclass_of:CHEBI:38702|out:biolink:related_to:CHEBI:149552|out:biolink:has_chemical_role:CHEBI:149552|out:biolink:related_to:CHEBI:228364
6	00006-41739071-abstract.txt	41739071	chemical_utilization_object	chemical	AUTO:NaCl	NaCl	367:371	...nd grew optimally at 25 °C, pH 8.0 and 2.0% (w/v) [[NaCl]]. The major fatty acids (>10%) in both strains wer...	AUTO:W118%E1%B5%80	W118ᵀ	requires_for_growth	1	0	0	METPO:2000018	requires for growth	label	CHEBI:26710	CHEBI:26710	1% sodium chloride	biolink:ChemicalEntity|biolink:ChemicalSubstance|biolink:SmallMolecule	synonym	2636	out:biolink:subclass_of:CHEBI:36093|out:biolink:subclass_of:CHEBI:38702|out:biolink:related_to:CHEBI:149552|out:biolink:has_chemical_role:CHEBI:149552|out:biolink:related_to:CHEBI:228364
7	00007-41701003-abstract.txt	41701003	study_taxa	taxon_candidate	AUTO:Rhizorhabdus%20antheiae	Rhizorhabdus antheiae	1039:1060	...as the type strains of new species with the names [[Rhizorhabdus antheiae]] sp. nov. and Sphingomonas eleionomae sp. nov., re...				0	1	0									0	
7	00007-41701003-abstract.txt	41701003	study_taxa	taxon_candidate	AUTO:Sphingomonas%20eleionomae	Sphingomonas eleionomae	1074:1097	"...with the names Rhizorhabdus antheiae sp. nov. and [[Sphingomonas eleionomae]] sp. nov., respectively.
"				0	1	0									0	
7	00007-41701003-abstract.txt	41701003	strains	strain	AUTO:FW153T	FW153T	25:31; 605:611	A peach-pigmented strain [[FW153T]] and a yellow-pigmented FW199T were isolated from ...; ...3%) and Rhizorhabdus histidinilytica (98.52%) for [[FW153T]], while for FW199T, it was Sphingomonas molluscoru...				0	0	1									0	
7	00007-41701003-abstract.txt	41701003	strains	strain	AUTO:FW199T	FW199T	55:61; 623:629; 940:946	...ch-pigmented strain FW153T and a yellow-pigmented [[FW199T]] were isolated from marsh water located at Fort Wh...; ...us histidinilytica (98.52%) for FW153T, while for [[FW199T]], it was Sphingomonas molluscorum (97.47%), Sphing...; ...otide identity (T (=NCIMB 15610T=DSM 120042T) and [[FW199T]] (=NCIMB 15611T=DSM 120043T) be classified as the ...				0	0	1									0	
7	00007-41701003-abstract.txt	41701003	strains	strain	AUTO:NCIMB%2015610T	NCIMB 15610T	910:922	...the genome, with average nucleotide identity (T (=[[NCIMB 15610T]]=DSM 120042T) and FW199T (=NCIMB 15611T=DSM 120043...				0	0	1									0	
7	00007-41701003-abstract.txt	41701003	strains	strain	AUTO:DSM%20120042T	DSM 120042T	923:934	...ith average nucleotide identity (T (=NCIMB 15610T=[[DSM 120042T]]) and FW199T (=NCIMB 15611T=DSM 120043T) be classi...				0	0	1									0	
7	00007-41701003-abstract.txt	41701003	strains	strain	AUTO:NCIMB%2015611T	NCIMB 15611T	949:961	...ntity (T (=NCIMB 15610T=DSM 120042T) and FW199T (=[[NCIMB 15611T]]=DSM 120043T) be classified as the type strains of...				0	0	1									0	
7	00007-41701003-abstract.txt	41701003	strains	strain	AUTO:DSM%20120043T	DSM 120043T	962:973	...IMB 15610T=DSM 120042T) and FW199T (=NCIMB 15611T=[[DSM 120043T]]) be classified as the type strains of new species...				0	0	1									0	
7	00007-41701003-abstract.txt	41701003	chemical_utilization_object	chemical	AUTO:bacteriochlorophyll%20a	bacteriochlorophyll a	263:284	...ircled by a light-harvesting I complex containing [[bacteriochlorophyll a]]. They do not produce RuBisCo and do not grow anae...	AUTO:FW153T	FW153T	produces	1	0	0	METPO:2000202	produces	label	CHEBI:30033	CHEBI:30033|CHEBI:61720	bacteriochlorophyll a	biolink:ChemicalEntity|biolink:ChemicalSubstance|biolink:SmallMolecule	name	21	out:biolink:subclass_of:CHEBI:25248|out:biolink:subclass_of:CHEBI:38201|out:biolink:related_to:CHEBI:61720|in:METPO:2000222:kgmicrobe.strain:bacdive_133325|in:METPO:2000222:kgmicrobe.strain:bacdive_133344
7	00007-41701003-abstract.txt	41701003	chemical_utilization_object	chemical	AUTO:bacteriochlorophyll%20a	bacteriochlorophyll a	263:284	...ircled by a light-harvesting I complex containing [[bacteriochlorophyll a]]. They do not produce RuBisCo and do not grow anae...	AUTO:FW199T	FW199T	produces	1	0	0	METPO:2000202	produces	label	CHEBI:30033	CHEBI:30033|CHEBI:61720	bacteriochlorophyll a	biolink:ChemicalEntity|biolink:ChemicalSubstance|biolink:SmallMolecule	name	21	out:biolink:subclass_of:CHEBI:25248|out:biolink:subclass_of:CHEBI:38201|out:biolink:related_to:CHEBI:61720|in:METPO:2000222:kgmicrobe.strain:bacdive_133325|in:METPO:2000222:kgmicrobe.strain:bacdive_133344
8	00008-41671031-abstract.txt	41671031	study_taxa	taxon_candidate	AUTO:Plantibacter%20lichenum	Plantibacter lichenum	1632:1653	...ies of the genus Plantibacter, for which the name [[Plantibacter lichenum]] sp. nov. is proposed, with YIM 135249ᵀ as the typ...				0	1	0									0	
8	00008-41671031-abstract.txt	41671031	study_taxa	taxon_candidate	AUTO:Plantibacter%20flavus	Plantibacter flavus	820:839	...t similarity (98.6%) to those of the type strains [[Plantibacter flavus]] NBRC 103081ᵀ and Plantibacter auratus NBRC 15702ᵀ...				0	1	0				NCBITaxon:150123	NCBITaxon:150123	Plantibacter flavus	biolink:OrganismTaxon	name	17	out:biolink:subclass_of:NCBITaxon:190323|out:METPO:2000517:mediadive.medium:92|out:METPO:2000517:mediadive.medium:J26|out:biolink:has_phenotype:METPO:1000602|out:biolink:has_phenotype:METPO:1000698
8	00008-41671031-abstract.txt	41671031	study_taxa	taxon_candidate	AUTO:Plantibacter%20auratus	Plantibacter auratus	857:877	...type strains Plantibacter flavus NBRC 103081ᵀ and [[Plantibacter auratus]] NBRC 15702ᵀ. Phylogenetic analyses based on both ...				0	1	0				NCBITaxon:272914	NCBITaxon:272914	Plantibacter auratus	biolink:OrganismTaxon	name	15	out:biolink:subclass_of:NCBITaxon:190323|out:METPO:2000517:mediadive.medium:J26|out:METPO:2000517:mediadive.medium:830|out:biolink:has_phenotype:METPO:1000602|out:biolink:has_phenotype:METPO:1000698
8	00008-41671031-abstract.txt	41671031	strains	strain	AUTO:YIM%20135249T	YIM 135249T	40:51	Two novel bacterial strains, designated [[YIM 135249T]] and YIM 135347, were isolated from two distinct s...				0	0	1									0	
8	00008-41671031-abstract.txt	41671031	strains	strain	AUTO:YIM%20135347	YIM 135347	56:66; 742:752; 1381:1391; 1549:1559	...vel bacterial strains, designated YIM 135249T and [[YIM 135347]], were isolated from two distinct species of liche...; ...6S rRNA gene sequences of strains YIM 135249ᵀ and [[YIM 135347]] showed the highest similarity (98.6%) to those of...; ...DH and ANI values between strains YIM 135249ᵀ and [[YIM 135347]] were 82.0% and 97.9%, respectively. The genomic G...; ...typic and genotypic data, strains YIM 135249ᵀ and [[YIM 135347]] represent a novel species of the genus Plantibact...				0	0	1									0	
8	00008-41671031-abstract.txt	41671031	strains	strain	AUTO:NBRC%20103081T	NBRC 103081T						0	0	1									0	
8	00008-41671031-abstract.txt	41671031	strains	strain	AUTO:NBRC%2015702T	NBRC 15702T						0	0	1									0	
8	00008-41671031-abstract.txt	41671031	strains	strain	AUTO:MCCC%201K09942T	MCCC 1K09942T	1714:1727	"...s proposed, with YIM 135249ᵀ as the type strain (=[[MCCC 1K09942T]]=NBRC 117222T).
"				0	0	1									0	
8	00008-41671031-abstract.txt	41671031	strains	strain	AUTO:NBRC%20117222T	NBRC 117222T	1728:1740	"...th YIM 135249ᵀ as the type strain (=MCCC 1K09942T=[[NBRC 117222T]]).
"				0	0	1									0	
8	00008-41671031-abstract.txt	41671031	chemical_utilization_object	chemical	AUTO:sodium%20chloride	sodium chloride	397:412	... °C), pH 4.0-9.0 (optimum pH 7.0) and with 0-9.0% [[sodium chloride]] (NaCl, w/v, optimum 0%). Menaquinone (MK)-10 and ...	AUTO:YIM%20135249T	YIM 135249T	tolerates	1	0	0	METPO:2000064	tolerates	label	mediadive.solution:3145	mediadive.solution:3145|mediadive.ingredient:1105|CHEBI:26710	SODIUM CHLORIDE	biolink:ChemicalMixture	name	8	in:biolink:has_part:mediadive.medium:1518|out:biolink:has_part:CHEBI:2509|out:biolink:has_part:mediadive.ingredient:4|out:biolink:has_part:CHEBI:131527|out:biolink:has_part:CHEBI:26710
8	00008-41671031-abstract.txt	41671031	chemical_utilization_object	chemical	AUTO:sodium%20chloride	sodium chloride	397:412	... °C), pH 4.0-9.0 (optimum pH 7.0) and with 0-9.0% [[sodium chloride]] (NaCl, w/v, optimum 0%). Menaquinone (MK)-10 and ...	AUTO:YIM%20135347	YIM 135347	tolerates	1	0	0	METPO:2000064	tolerates	label	mediadive.solution:3145	mediadive.solution:3145|mediadive.ingredient:1105|CHEBI:26710	SODIUM CHLORIDE	biolink:ChemicalMixture	name	8	in:biolink:has_part:mediadive.medium:1518|out:biolink:has_part:CHEBI:2509|out:biolink:has_part:mediadive.ingredient:4|out:biolink:has_part:CHEBI:131527|out:biolink:has_part:CHEBI:26710
9	00009-41553856-abstract.txt	41553856	study_taxa	taxon_candidate	AUTO:Pseudomonas%20alabamensis	Pseudomonas alabamensis	1701:1724	...ies of Pseudomonas, for which we propose the name [[Pseudomonas alabamensis]]. The specific epithet, alabamensis, was chosen to...				0	1	0				NCBITaxon:3064349	NCBITaxon:3064349	Pseudomonas alabamensis	biolink:OrganismTaxon	name	1	out:biolink:subclass_of:NCBITaxon:286
9	00009-41553856-abstract.txt	41553856	strains	strain	AUTO:22-AL-CL-001	22-AL-CL-001	53:65; 455:467; 1444:1456; 1820:1832	...2022, a fluorescent bacterial isolate, designated [[22-AL-CL-001]], was isolated from diseased cantaloupe (Cucumis m...; ...in Kansas, USA, as genetically similar to isolate [[22-AL-CL-001]]. The two isolates were then characterized using p...; ...as well as MALDI-TOF mass spectrometry of isolate [[22-AL-CL-001]], was also unable to identify the isolate as a mem...; ...n to represent the location where the type strain [[22-AL-CL-001]]T (NCPPB 4760T=LMG 33363T) was isolated, Alabama, ...				0	0	1									0	
9	00009-41553856-abstract.txt	41553856	strains	strain	AUTO:USDA-ARS-USMARC-56711	USDA-ARS-USMARC-56711	329:350	... bacterial genomes identified Pseudomonas isolate [[USDA-ARS-USMARC-56711]], isolated from a clinically healthy calf (Bos tau...				0	0	1									0	
9	00009-41553856-abstract.txt	41553856	strains	strain	AUTO:NCPPB%204760T	NCPPB 4760T	1835:1846	...the location where the type strain 22-AL-CL-001T ([[NCPPB 4760T]]=LMG 33363T) was isolated, Alabama, USA. Taxonomic...				0	0	1									0	
9	00009-41553856-abstract.txt	41553856	strains	strain	AUTO:LMG%2033363T	LMG 33363T	1847:1857	... where the type strain 22-AL-CL-001T (NCPPB 4760T=[[LMG 33363T]]) was isolated, Alabama, USA. Taxonomic classifica...				0	0	1									0	
10	00010-41553838-abstract.txt	41553838	study_taxa	taxon_candidate	AUTO:Fulvimarina%20fulva	Fulvimarina fulva	1554:1571	...ies in the genus Fulvimarina, for which the names [[Fulvimarina fulva]] sp. nov. and Fulvimarina thalattae sp. nov. are p...				0	1	0									0	
10	00010-41553838-abstract.txt	41553838	study_taxa	taxon_candidate	AUTO:Fulvimarina%20thalattae	Fulvimarina thalattae	1585:1606	...or which the names Fulvimarina fulva sp. nov. and [[Fulvimarina thalattae]] sp. nov. are proposed, respectively. The F. fulva...				0	1	0									0	
10	00010-41553838-abstract.txt	41553838	study_taxa	taxon_candidate	AUTO:Fulvimarina%20endophytica	Fulvimarina endophytica	1039:1062	...ared the highest sequence similarity (97.7%) with [[Fulvimarina endophytica]] 85T, while strain MAC8T shared 97.9% sequence sim...				0	1	0				NCBITaxon:2293836	NCBITaxon:2293836	Fulvimarina endophytica	biolink:OrganismTaxon	name	1	out:biolink:subclass_of:NCBITaxon:217510
10	00010-41553838-abstract.txt	41553838	study_taxa	taxon_candidate	AUTO:Fulvimarina%20pelagi	Fulvimarina pelagi	1125:1143	...train MAC8T shared 97.9% sequence similarity with [[Fulvimarina pelagi]] HTCC2506T. The DNA guanine and cytosine (G+C) con...				0	1	0				NCBITaxon:217511	NCBITaxon:217511	Fulvimarina pelagi	biolink:OrganismTaxon	name	48	out:biolink:subclass_of:NCBITaxon:217510|out:METPO:2000517:mediadive.medium:514|out:biolink:has_phenotype:METPO:1000602|out:biolink:has_phenotype:METPO:1000699|out:biolink:has_phenotype:METPO:1000872
10	00010-41553838-abstract.txt	41553838	strains	strain	AUTO:MAC3T	MAC3T	53:58; 405:410; 981:986; 1206:1211; 1464:1469; 1691:1696	... novel Gram-stain-negative strains, designated as [[MAC3T]] and MAC8T, which produced brownish-yellow and bri...; ...trains grew at 4-40 °C and at pH 4.0-10.0. Strain [[MAC3T]] grew in sodium chloride (NaCl) concentrations (w/...; ... two strains within the genus Fulvimarina. Strain [[MAC3T]] shared the highest sequence similarity (97.7%) wi...; ...he DNA guanine and cytosine (G+C) content of both [[MAC3T]] and MAC8T was 61.5 mol%. The digital DNA-DNA hybr...; ...n the results of the polyphasic analysis, strains [[MAC3T]] and MAC8T represent two novel species in the genu...; ...y. The F. fulva and F. thalattae type strains are [[MAC3T]] (=KACC 23727T=TBRC 19011T) and MAC8T (=KACC 23726...				0	0	1									0	
10	00010-41553838-abstract.txt	41553838	strains	strain	AUTO:MAC8T	MAC8T	63:68; 488:493; 1081:1086; 1216:1221; 1474:1479; 1728:1733	"...m-stain-negative strains, designated as MAC3T and [[MAC8T]], which produced brownish-yellow and bright-orange...; ...Cl) concentrations (w/v) of 0-15.0%, while strain [[MAC8T]] tolerated 0-14.0%. Both strains contained ubiquin...; ...%) with Fulvimarina endophytica 85T, while strain [[MAC8T]] shared 97.9% sequence similarity with Fulvimarina...; ...nine and cytosine (G+C) content of both MAC3T and [[MAC8T]] was 61.5 mol%. The digital DNA-DNA hybridization ...; ...lts of the polyphasic analysis, strains MAC3T and [[MAC8T]] represent two novel species in the genus Fulvimar...; ... strains are MAC3T (=KACC 23727T=TBRC 19011T) and [[MAC8T]] (=KACC 23726T=TBRC 19010T), respectively.
"				0	0	1									0	
10	00010-41553838-abstract.txt	41553838	strains	strain	AUTO:85T	85T	1063:1066	...e similarity (97.7%) with Fulvimarina endophytica [[85T]], while strain MAC8T shared 97.9% sequence similar...				0	0	1									0	
10	00010-41553838-abstract.txt	41553838	strains	strain	AUTO:HTCC2506T	HTCC2506T	1144:1153	...97.9% sequence similarity with Fulvimarina pelagi [[HTCC2506T]]. The DNA guanine and cytosine (G+C) content of bo...				0	0	1									0	
10	00010-41553838-abstract.txt	41553838	strains	strain	AUTO:KACC%2023727T	KACC 23727T	1699:1710	.... fulva and F. thalattae type strains are MAC3T (=[[KACC 23727T]]=TBRC 19011T) and MAC8T (=KACC 23726T=TBRC 19010T)...				0	0	1									0	
10	00010-41553838-abstract.txt	41553838	strains	strain	AUTO:TBRC%2019011T	TBRC 19011T	1711:1722	...F. thalattae type strains are MAC3T (=KACC 23727T=[[TBRC 19011T]]) and MAC8T (=KACC 23726T=TBRC 19010T), respective...				0	0	1									0	
10	00010-41553838-abstract.txt	41553838	strains	strain	AUTO:KACC%2023726T	KACC 23726T	1736:1747	"... are MAC3T (=KACC 23727T=TBRC 19011T) and MAC8T (=[[KACC 23726T]]=TBRC 19010T), respectively.
"				0	0	1									0	
10	00010-41553838-abstract.txt	41553838	strains	strain	AUTO:TBRC%2019010T	TBRC 19010T	1748:1759	"...=KACC 23727T=TBRC 19011T) and MAC8T (=KACC 23726T=[[TBRC 19010T]]), respectively.
"				0	0	1									0	
10	00010-41553838-abstract.txt	41553838	chemical_utilization_object	chemical	AUTO:sodium%20chloride	sodium chloride	419:434	... 4-40 °C and at pH 4.0-10.0. Strain [[MAC3T]] grew in [[sodium chloride]] (NaCl) concentrations (w/v) of 0-15.0%, while str...	AUTO:MAC3T	MAC3T	uses_for_growth	1	0	0	METPO:2000012	uses for growth	label	mediadive.solution:3145	mediadive.solution:3145|mediadive.ingredient:1105|CHEBI:26710	SODIUM CHLORIDE	biolink:ChemicalMixture	name	8	in:biolink:has_part:mediadive.medium:1518|out:biolink:has_part:CHEBI:2509|out:biolink:has_part:mediadive.ingredient:4|out:biolink:has_part:CHEBI:131527|out:biolink:has_part:CHEBI:26710
10	00010-41553838-abstract.txt	41553838	chemical_utilization_object	chemical	AUTO:sodium%20chloride	sodium chloride	419:434	... 4-40 °C and at pH 4.0-10.0. Strain MAC3T grew in [[sodium chloride]] (NaCl) concentrations (w/v) of 0-15.0%, while str...	AUTO:MAC8T	MAC8T	tolerates	1	0	0	METPO:2000064	tolerates	label	mediadive.solution:3145	mediadive.solution:3145|mediadive.ingredient:1105|CHEBI:26710	SODIUM CHLORIDE	biolink:ChemicalMixture	name	8	in:biolink:has_part:mediadive.medium:1518|out:biolink:has_part:CHEBI:2509|out:biolink:has_part:mediadive.ingredient:4|out:biolink:has_part:CHEBI:131527|out:biolink:has_part:CHEBI:26710
11	00011-41543052-abstract.txt	41543052	study_taxa	taxon_candidate	AUTO:Gordonia	Gordonia	313:321; 395:403; 438:446; 523:531; 1689:1697; 1719:1727; 1799:1807	...sic taxonomy placed both strains within the genus [[Gordonia]]. Strain ABSL1-1T showed the highest 16S rRNA gene...; ... the highest 16S rRNA gene sequence similarity to [[Gordonia]] otitidis NBRC 100426T (98.5%) and Gordonia soli N...; ...ity to Gordonia otitidis NBRC 100426T (98.5%) and [[Gordonia]] soli NBRC 108243T (98.3%), while ABSL49-1T showed...; ... while ABSL49-1T showed the highest similarity to [[Gordonia]] polyisoprenivorans DSM 44302T (98.4%). The digita...; ...he type strains of two novel species of the genus [[Gordonia]], for which the names Gordonia heveisoli sp. nov. ...; ...pecies of the genus Gordonia, for which the names [[Gordonia]] heveisoli sp. nov. (type strain ABSL1-1ᵀ=TBRC 158...; ...ype strain ABSL1-1ᵀ=TBRC 15892ᵀ=NBRC 116252ᵀ) and [[Gordonia]] gummivorans sp. nov. (type strain ABSL49-1ᵀ=TBRC ...				0	1	0				NCBITaxon:2053	NCBITaxon:2053	Gordonia <high G+C Gram-positive bacteria>	biolink:OrganismTaxon	synonym	66	in:biolink:subclass_of:NCBITaxon:1007097|in:biolink:subclass_of:NCBITaxon:1053547|in:biolink:subclass_of:NCBITaxon:1056982|in:biolink:subclass_of:NCBITaxon:1136941|in:biolink:subclass_of:NCBITaxon:122202
11	00011-41543052-abstract.txt	41543052	study_taxa	taxon_candidate	AUTO:Gordonia%20heveisoli	Gordonia heveisoli	1719:1737	...pecies of the genus Gordonia, for which the names [[Gordonia heveisoli]] sp. nov. (type strain ABSL1-1ᵀ=TBRC 15892ᵀ=NBRC 1...				0	1	0									0	
11	00011-41543052-abstract.txt	41543052	study_taxa	taxon_candidate	AUTO:Gordonia%20gummivorans	Gordonia gummivorans	1799:1819	...ype strain ABSL1-1ᵀ=TBRC 15892ᵀ=NBRC 116252ᵀ) and [[Gordonia gummivorans]] sp. nov. (type strain ABSL49-1ᵀ=TBRC 15624ᵀ=NBRC ...				0	1	0									0	
11	00011-41543052-abstract.txt	41543052	strains	strain	AUTO:ABSL1-1T	ABSL1-1T	144:152; 330:338; 674:682; 1281:1289; 1473:1481	...rasiliensis plantations in Thailand, two strains, [[ABSL1-1T]] and ABSL49-1T, were isolated using mineral salts ...; ...ed both strains within the genus Gordonia. Strain [[ABSL1-1T]] showed the highest 16S rRNA gene sequence similar...; ...nucleotide identity based on blast values between [[ABSL1-1T]] and closely related type strains were 20.1-20.9%,...; ... the polar lipids. The predominant fatty acids of [[ABSL1-1T]] were C16:0, and C18:1 ω9c, while those for ABSL49...; ...l. The G+C contents of the genomic DNA of strains [[ABSL1-1T]] and ABSL49-1T were 67.0 mol% and 66.0 mol%, respe...				0	0	1									0	
11	00011-41543052-abstract.txt	41543052	strains	strain	AUTO:ABSL49-1T	ABSL49-1T	157:166; 480:489; 779:788; 1333:1342; 1486:1495	...lantations in Thailand, two strains, ABSL1-1T and [[ABSL49-1T]], were isolated using mineral salts medium with na...; ...5%) and Gordonia soli NBRC 108243T (98.3%), while [[ABSL49-1T]] showed the highest similarity to Gordonia polyiso...; ...9%, and 74.1-76.5%, respectively, while those for [[ABSL49-1T]] and closely related type strains were 20.6-22.9%,...; ...SL1-1T were C16:0, and C18:1 ω9c, while those for [[ABSL49-1T]] were C16:0, C18:1 ω9c, summed feature 3 (C16:1 ω7...; ...ntents of the genomic DNA of strains ABSL1-1T and [[ABSL49-1T]] were 67.0 mol% and 66.0 mol%, respectively. Based...				0	0	1									0	
11	00011-41543052-abstract.txt	41543052	strains	strain	AUTO:Gordonia%20otitidis%20NBRC%20100426T	Gordonia otitidis NBRC 100426T	395:425	... the highest 16S rRNA gene sequence similarity to [[Gordonia otitidis NBRC 100426T]] (98.5%) and Gordonia soli NBRC 108243T (98.3%), w...				0	0	1									0	
11	00011-41543052-abstract.txt	41543052	strains	strain	AUTO:Gordonia%20soli%20NBRC%20108243T	Gordonia soli NBRC 108243T	438:464	...ity to Gordonia otitidis NBRC 100426T (98.5%) and [[Gordonia soli NBRC 108243T]] (98.3%), while ABSL49-1T showed the highest simil...				0	0	1									0	
11	00011-41543052-abstract.txt	41543052	strains	strain	AUTO:Gordonia%20polyisoprenivorans%20DSM%2044302T	Gordonia polyisoprenivorans DSM 44302T	523:561	... while ABSL49-1T showed the highest similarity to [[Gordonia polyisoprenivorans DSM 44302T]] (98.4%). The digital DNA-DNA hybridization (dDDH)...				0	0	1									0	
11	00011-41543052-abstract.txt	41543052	strains	strain	AUTO:TBRC%2015892T	TBRC 15892T						0	0	1									0	
11	00011-41543052-abstract.txt	41543052	strains	strain	AUTO:NBRC%20116252T	NBRC 116252T						0	0	1									0	
11	00011-41543052-abstract.txt	41543052	strains	strain	AUTO:TBRC%2015624T	TBRC 15624T						0	0	1									0	
11	00011-41543052-abstract.txt	41543052	strains	strain	AUTO:NBRC%20115559T	NBRC 115559T						0	0	1									0	
11	00011-41543052-abstract.txt	41543052	chemical_utilization_object	chemical	AUTO:natural%20rubber	natural rubber	214:228	...1T, were isolated using mineral salts medium with [[natural rubber]] as the sole carbon source. Polyphasic taxonomy pl...	AUTO:ABSL1-1T	ABSL1-1T	uses_as_carbon_source	1	0	0	METPO:2000006	uses as carbon source	label						0	
11	00011-41543052-abstract.txt	41543052	chemical_utilization_object	chemical	AUTO:natural%20rubber	natural rubber	214:228	...1T, were isolated using mineral salts medium with [[natural rubber]] as the sole carbon source. Polyphasic taxonomy pl...	AUTO:ABSL49-1T	ABSL49-1T	uses_as_carbon_source	1	0	0	METPO:2000006	uses as carbon source	label						0	
12	00012-41498776-abstract.txt	41498776	study_taxa	taxon_candidate	AUTO:Pseudomonas%20vesperimontis	Pseudomonas vesperimontis	1731:1756	...pecies within the genus Pseudomonas are proposed: [[Pseudomonas vesperimontis]] sp. nov. (type strain TMP9T=BIM B-1560T=VKM B-388...				0	1	0									0	
12	00012-41498776-abstract.txt	41498776	study_taxa	taxon_candidate	AUTO:Pseudomonas%20viridinivis	Pseudomonas viridinivis	1814:1837	.... (type strain TMP9T=BIM B-1560T=VKM B-3887T) and [[Pseudomonas viridinivis]] sp. nov. (type strain G.S.17T=BIM B-1635T=VKM B-3...				0	1	0									0	
12	00012-41498776-abstract.txt	41498776	study_taxa	taxon_candidate	AUTO:Pseudomonas%20peli	Pseudomonas peli	790:806	...s: strains TMP9T and TMP25 are closely related to [[Pseudomonas peli]] DSM 17833Т (99.5% identity), and the strain G.S.1...				0	1	0				NCBITaxon:592361	NCBITaxon:592361	Pseudomonas peli	biolink:OrganismTaxon	name	37	out:biolink:subclass_of:NCBITaxon:286|out:METPO:2000517:mediadive.medium:1|out:METPO:2000517:mediadive.medium:535|out:biolink:has_phenotype:METPO:1000872|out:METPO:2000006:CHEBI:25115
12	00012-41498776-abstract.txt	41498776	study_taxa	taxon_candidate	AUTO:Pseudomonas%20rossensis	Pseudomonas rossensis	894:915	...strain G.S.17T exhibits the highest similarity to [[Pseudomonas rossensis]] P2663T (99.1% identity). Whole-genome comparisons...				0	1	0				NCBITaxon:2305471	NCBITaxon:2305471	Pseudomonas rossensis	biolink:OrganismTaxon	name	1	out:biolink:subclass_of:NCBITaxon:286
12	00012-41498776-abstract.txt	41498776	study_taxa	taxon_candidate	AUTO:Pseudomonas%20guineae	Pseudomonas guineae	1128:1147	...nus Pseudomonas, which is most closely related to [[Pseudomonas guineae]] LMG 24016T (83.3%). Strain G.S.17T also represent...				0	1	0				NCBITaxon:425504	NCBITaxon:425504	Pseudomonas guineae	biolink:OrganismTaxon	name	25	out:biolink:subclass_of:NCBITaxon:286|out:METPO:2000517:mediadive.medium:545|out:METPO:2000517:mediadive.medium:535b|out:biolink:has_phenotype:METPO:1000699|out:METPO:2000006:CHEBI:25115
12	00012-41498776-abstract.txt	41498776	study_taxa	taxon_candidate	AUTO:Pseudomonas%20caspiana	Pseudomonas caspiana	1275:1295	... genus Pseudomonas and is most closely related to [[Pseudomonas caspiana]] FBF102T (80.5%). The predominant cellular fatty a...				0	1	0				NCBITaxon:1451454	NCBITaxon:1451454	Pseudomonas caspiana	biolink:OrganismTaxon	name	4	out:biolink:subclass_of:NCBITaxon:136849|in:biolink:subclass_of:kgmicrobe.strain:CCUG-69273|in:biolink:subclass_of:kgmicrobe.strain:CECT-9164|in:biolink:subclass_of:kgmicrobe.strain:bacdive_157062
12	00012-41498776-abstract.txt	41498776	strains	strain	AUTO:TMP9T	TMP9T	212:217; 345:350; 512:517; 751:756; 1023:1028; 1361:1366; 1561:1566; 1779:1784	...lls Oasis, Enderby Land, East Antarctica. Strains [[TMP9T]] and TMP25 were isolated from temporary meltwater ...; ...was obtained from a sample of green snow. Strains [[TMP9T]] and TMP25 were motile rods, catalase-negative and...; ...motility, but was catalase- and oxidase-positive. [[TMP9T]] and TMP25 grew at 4-25 °C, pH 5.5-9.0 and tolerat...; ...all strains within the genus Pseudomonas: strains [[TMP9T]] and TMP25 are closely related to Pseudomonas peli...; ...verage nucleotide identity suggested that strains [[TMP9T]] and TMP25 represent a novel species within the ge...; .... The predominant cellular fatty acids of strains [[TMP9T]], TMP25 and G.S.17T were cis-9-hexadecenoic, hexad...; ... analysis results, clearly differentiated strains [[TMP9T]], TMP25 and G.S.17T from type strains of closely r...; ...: Pseudomonas vesperimontis sp. nov. (type strain [[TMP9T]]=BIM B-1560T=VKM B-3887T) and Pseudomonas viridini...				0	0	1									0	
12	00012-41498776-abstract.txt	41498776	strains	strain	AUTO:TMP25	TMP25	222:227; 355:360; 522:527; 761:766; 1033:1038; 1368:1373; 1568:1573	... Enderby Land, East Antarctica. Strains TMP9T and [[TMP25]] were isolated from temporary meltwater ponds, whi...; ...ed from a sample of green snow. Strains TMP9T and [[TMP25]] were motile rods, catalase-negative and oxidase-p...; ...but was catalase- and oxidase-positive. TMP9T and [[TMP25]] grew at 4-25 °C, pH 5.5-9.0 and tolerated up to 4...; ...s within the genus Pseudomonas: strains TMP9T and [[TMP25]] are closely related to Pseudomonas peli DSM 17833...; ...leotide identity suggested that strains TMP9T and [[TMP25]] represent a novel species within the genus Pseudo...; ...redominant cellular fatty acids of strains TMP9T, [[TMP25]] and G.S.17T were cis-9-hexadecenoic, hexadecanoic...; ...is results, clearly differentiated strains TMP9T, [[TMP25]] and G.S.17T from type strains of closely related ...				0	0	1									0	
12	00012-41498776-abstract.txt	41498776	strains	strain	AUTO:G.S.17T	G.S.17T	287:294; 425:432; 587:594; 851:858; 1175:1182; 1378:1385; 1578:1585; 1860:1867	"...ated from temporary meltwater ponds, while strain [[G.S.17T]] was obtained from a sample of green snow. Strains...; ...ds, catalase-negative and oxidase-positive, while [[G.S.17T]] was rod-shaped and exhibited motility, but was ca...; ...-25 °C, pH 5.5-9.0 and tolerated up to 4.5% NaCl. [[G.S.17T]] grew at 4-28 °C, pH 5.0-8.5 and NaCl concentratio...; ... peli DSM 17833Т (99.5% identity), and the strain [[G.S.17T]] exhibits the highest similarity to Pseudomonas ro...; ...to Pseudomonas guineae LMG 24016T (83.3%). Strain [[G.S.17T]] also represents a novel species within the genus ...; ... cellular fatty acids of strains TMP9T, TMP25 and [[G.S.17T]] were cis-9-hexadecenoic, hexadecanoic and trans-9...; ..., clearly differentiated strains TMP9T, TMP25 and [[G.S.17T]] from type strains of closely related species. Thu...; ...and Pseudomonas viridinivis sp. nov. (type strain [[G.S.17T]]=BIM B-1635T=VKM B-3888T).
"				0	0	1									0	
12	00012-41498776-abstract.txt	41498776	strains	strain	AUTO:DSM%2017833T	DSM 17833T						0	0	1									0	
12	00012-41498776-abstract.txt	41498776	strains	strain	AUTO:P2663T	P2663T	916:922	...s the highest similarity to Pseudomonas rossensis [[P2663T]] (99.1% identity). Whole-genome comparisons using ...				0	0	1									0	
12	00012-41498776-abstract.txt	41498776	strains	strain	AUTO:LMG%2024016T	LMG 24016T	1148:1158	...ch is most closely related to Pseudomonas guineae [[LMG 24016T]] (83.3%). Strain G.S.17T also represents a novel s...				0	0	1									0	
12	00012-41498776-abstract.txt	41498776	strains	strain	AUTO:FBF102T	FBF102T	1296:1303	...d is most closely related to Pseudomonas caspiana [[FBF102T]] (80.5%). The predominant cellular fatty acids of ...				0	0	1									0	
12	00012-41498776-abstract.txt	41498776	strains	strain	AUTO:BIM%20B-1560T	BIM B-1560T	1785:1796	...domonas vesperimontis sp. nov. (type strain TMP9T=[[BIM B-1560T]]=VKM B-3887T) and Pseudomonas viridinivis sp. nov....				0	0	1									0	
12	00012-41498776-abstract.txt	41498776	strains	strain	AUTO:VKM%20B-3887T	VKM B-3887T	1797:1808	...erimontis sp. nov. (type strain TMP9T=BIM B-1560T=[[VKM B-3887T]]) and Pseudomonas viridinivis sp. nov. (type strai...				0	0	1									0	
12	00012-41498776-abstract.txt	41498776	strains	strain	AUTO:BIM%20B-1635T	BIM B-1635T	1868:1879	"...domonas viridinivis sp. nov. (type strain G.S.17T=[[BIM B-1635T]]=VKM B-3888T).
"				0	0	1									0	
12	00012-41498776-abstract.txt	41498776	strains	strain	AUTO:VKM%20B-3888T	VKM B-3888T	1880:1891	"...dinivis sp. nov. (type strain G.S.17T=BIM B-1635T=[[VKM B-3888T]]).
"				0	0	1									0	
12	00012-41498776-abstract.txt	41498776	chemical_utilization_object	chemical	AUTO:NaCl	NaCl	581:585; 627:631	...w at 4-25 °C, pH 5.5-9.0 and tolerated up to 4.5% [[NaCl]]. G.S.17T grew at 4-28 °C, pH 5.0-8.5 and NaCl con...; ....5% NaCl. G.S.17T grew at 4-28 °C, pH 5.0-8.5 and [[NaCl]] concentration up to 3.0%. The 16S rRNA gene seque...	AUTO:TMP9T	TMP9T	tolerates	1	0	0	METPO:2000064	tolerates	label	CHEBI:26710	CHEBI:26710	1% sodium chloride	biolink:ChemicalEntity|biolink:ChemicalSubstance|biolink:SmallMolecule	synonym	2636	out:biolink:subclass_of:CHEBI:36093|out:biolink:subclass_of:CHEBI:38702|out:biolink:related_to:CHEBI:149552|out:biolink:has_chemical_role:CHEBI:149552|out:biolink:related_to:CHEBI:228364
12	00012-41498776-abstract.txt	41498776	chemical_utilization_object	chemical	AUTO:NaCl	NaCl	581:585; 627:631	...w at 4-25 °C, pH 5.5-9.0 and tolerated up to 4.5% [[NaCl]]. G.S.17T grew at 4-28 °C, pH 5.0-8.5 and NaCl con...; ....5% NaCl. G.S.17T grew at 4-28 °C, pH 5.0-8.5 and [[NaCl]] concentration up to 3.0%. The 16S rRNA gene seque...	AUTO:TMP25	TMP25	tolerates	1	0	0	METPO:2000064	tolerates	label	CHEBI:26710	CHEBI:26710	1% sodium chloride	biolink:ChemicalEntity|biolink:ChemicalSubstance|biolink:SmallMolecule	synonym	2636	out:biolink:subclass_of:CHEBI:36093|out:biolink:subclass_of:CHEBI:38702|out:biolink:related_to:CHEBI:149552|out:biolink:has_chemical_role:CHEBI:149552|out:biolink:related_to:CHEBI:228364
12	00012-41498776-abstract.txt	41498776	chemical_utilization_object	chemical	AUTO:NaCl	NaCl	581:585; 627:631	...w at 4-25 °C, pH 5.5-9.0 and tolerated up to 4.5% [[NaCl]]. [[G.S.17T]] grew at 4-28 °C, pH 5.0-8.5 and NaCl con...; ....5% NaCl. [[G.S.17T]] grew at 4-28 °C, pH 5.0-8.5 and [[NaCl]] concentration up to 3.0%. The 16S rRNA gene seque...	AUTO:G.S.17T	G.S.17T	tolerates	1	0	0	METPO:2000064	tolerates	label	CHEBI:26710	CHEBI:26710	1% sodium chloride	biolink:ChemicalEntity|biolink:ChemicalSubstance|biolink:SmallMolecule	synonym	2636	out:biolink:subclass_of:CHEBI:36093|out:biolink:subclass_of:CHEBI:38702|out:biolink:related_to:CHEBI:149552|out:biolink:has_chemical_role:CHEBI:149552|out:biolink:related_to:CHEBI:228364
13	00013-41525133-abstract.txt	41525133	study_taxa	taxon_candidate	AUTO:Oceanimonas%20aquatica	Oceanimonas aquatica	1222:1242	...sification as novel species. We propose the names [[Oceanimonas aquatica]] sp. nov. (type strain CHS3-5T=KACC 23248T=TBRC 17...				0	1	0									0	
13	00013-41525133-abstract.txt	41525133	study_taxa	taxon_candidate	AUTO:Arenibacter%20flavimaris	Arenibacter flavimaris	1302:1324	...(type strain CHS3-5T=KACC 23248T=TBRC 17651T) and [[Arenibacter flavimaris]] sp. nov. (type strain M-2T=KACC 23249T=TBRC 17650...				0	1	0									0	
13	00013-41525133-abstract.txt	41525133	strains	strain	AUTO:CHS3-5T	CHS3-5T	18:25; 150:157; 483:490; 591:598; 1082:1089; 1265:1272	The novel strains [[CHS3-5T]] and M-2T were isolated from seawater collected ne...; ...es on Seongmodo Island, Republic of Korea. Strain [[CHS3-5T]] was Gram-stain-negative, motile with flagella, ro...; ...ed on 16S rRNA and draft genome analyses, strains [[CHS3-5T]] and M-2T were identified as members of the Oceani...; ...onas and Arenibacter genera, respectively. Strain [[CHS3-5T]] grew at temperatures of 10-40 °C, pH 4.0-10.0 and...; ... values were 84.5-85.7% and 26.5-34.7% for strain [[CHS3-5T]] and 76.6-85.9% and 18.6-30.3% for strain M-2T, re...; ... names Oceanimonas aquatica sp. nov. (type strain [[CHS3-5T]]=KACC 23248T=TBRC 17651T) and Arenibacter flavimar...				0	0	1									0	
13	00013-41525133-abstract.txt	41525133	strains	strain	AUTO:M-2T	M-2T	30:34; 301:305; 495:499; 743:747; 1131:1135; 1347:1351	"The novel strains CHS3-5T and [[M-2T]] were isolated from seawater collected near Suaeda...; ...ar, convex, ivory-coloured colonies, while strain [[M-2T]] was Gram-stain-negative, motile by gliding, rod-s...; ...NA and draft genome analyses, strains CHS3-5T and [[M-2T]] were identified as members of the Oceanimonas and...; ...mal growth at 30 °C, pH 7.0 and 3.0% NaCl. Strain [[M-2T]] grew at temperatures of 15-40 °C, pH 6.0-9.0 and ...; ... CHS3-5T and 76.6-85.9% and 18.6-30.3% for strain [[M-2T]], respectively, supporting their classification as...; ... and Arenibacter flavimaris sp. nov. (type strain [[M-2T]]=KACC 23249T=TBRC 17650T) for these strains.
"				0	0	1									0	
13	00013-41525133-abstract.txt	41525133	strains	strain	AUTO:KACC%2023248T	KACC 23248T	1273:1284	...ceanimonas aquatica sp. nov. (type strain CHS3-5T=[[KACC 23248T]]=TBRC 17651T) and Arenibacter flavimaris sp. nov. ...				0	0	1									0	
13	00013-41525133-abstract.txt	41525133	strains	strain	AUTO:TBRC%2017651T	TBRC 17651T	1285:1296	...quatica sp. nov. (type strain CHS3-5T=KACC 23248T=[[TBRC 17651T]]) and Arenibacter flavimaris sp. nov. (type strain...				0	0	1									0	
13	00013-41525133-abstract.txt	41525133	strains	strain	AUTO:KACC%2023249T	KACC 23249T	1352:1363	"...Arenibacter flavimaris sp. nov. (type strain M-2T=[[KACC 23249T]]=TBRC 17650T) for these strains.
"				0	0	1									0	
13	00013-41525133-abstract.txt	41525133	strains	strain	AUTO:TBRC%2017650T	TBRC 17650T	1364:1375	"...flavimaris sp. nov. (type strain M-2T=KACC 23249T=[[TBRC 17650T]]) for these strains.
"				0	0	1									0	
13	00013-41525133-abstract.txt	41525133	chemical_utilization_object	chemical	AUTO:NaCl	NaCl	678:682; 730:734; 825:829; 877:881	... °C, pH 4.0-10.0 and in the presence of 2.0-11.0% [[NaCl]], with optimal growth at 30 °C, pH 7.0 and 3.0% Na...; ...Cl, with optimal growth at 30 °C, pH 7.0 and 3.0% [[NaCl]]. Strain M-2T grew at temperatures of 15-40 °C, pH...; ...40 °C, pH 6.0-9.0 and in the presence of 2.0-4.0% [[NaCl]], with optimal growth at 30 °C, pH 7.0 and 3.0% Na...; ...Cl, with optimal growth at 30 °C, pH 7.0 and 3.0% [[NaCl]]. Both novel strains showed low genomic relatednes...	AUTO:CHS3-5T	CHS3-5T	tolerates	1	0	0	METPO:2000064	tolerates	label	CHEBI:26710	CHEBI:26710	1% sodium chloride	biolink:ChemicalEntity|biolink:ChemicalSubstance|biolink:SmallMolecule	synonym	2636	out:biolink:subclass_of:CHEBI:36093|out:biolink:subclass_of:CHEBI:38702|out:biolink:related_to:CHEBI:149552|out:biolink:has_chemical_role:CHEBI:149552|out:biolink:related_to:CHEBI:228364
13	00013-41525133-abstract.txt	41525133	chemical_utilization_object	chemical	AUTO:NaCl	NaCl	678:682; 730:734; 825:829; 877:881	... °C, pH 4.0-10.0 and in the presence of 2.0-11.0% [[NaCl]], with optimal growth at 30 °C, pH 7.0 and 3.0% Na...; ...Cl, with optimal growth at 30 °C, pH 7.0 and 3.0% [[NaCl]]. Strain [[M-2T]] grew at temperatures of 15-40 °C, pH...; ...40 °C, pH 6.0-9.0 and in the presence of 2.0-4.0% [[NaCl]], with optimal growth at 30 °C, pH 7.0 and 3.0% Na...; ...Cl, with optimal growth at 30 °C, pH 7.0 and 3.0% [[NaCl]]. Both novel strains showed low genomic relatednes...	AUTO:M-2T	M-2T	tolerates	1	0	0	METPO:2000064	tolerates	label	CHEBI:26710	CHEBI:26710	1% sodium chloride	biolink:ChemicalEntity|biolink:ChemicalSubstance|biolink:SmallMolecule	synonym	2636	out:biolink:subclass_of:CHEBI:36093|out:biolink:subclass_of:CHEBI:38702|out:biolink:related_to:CHEBI:149552|out:biolink:has_chemical_role:CHEBI:149552|out:biolink:related_to:CHEBI:228364
14	00014-41609689-abstract.txt	41609689	study_taxa	taxon_candidate	AUTO:Gardnerella%20lacydonensis	Gardnerella lacydonensis	1708:1732	...ella, for which the following names are proposed: [[Gardnerella lacydonensis]] sp. nov. (type strain: Marseille-Q9181T=CSUR Q918...				0	1	0									0	
14	00014-41609689-abstract.txt	41609689	study_taxa	taxon_candidate	AUTO:Gardnerella%20bretellae	Gardnerella bretellae	1799:1820	...train: Marseille-Q9181T=CSUR Q9181T=CECT 31121T), [[Gardnerella bretellae]] sp. nov. (type strain: Marseille-QA0894T=CSUR QA0...				0	1	0									0	
14	00014-41609689-abstract.txt	41609689	study_taxa	taxon_candidate	AUTO:Gardnerella%20massiliensis	Gardnerella massiliensis	1889:1913	...ain: Marseille-QA0894T=CSUR QA0894T=CECT 31122T), [[Gardnerella massiliensis]] sp. nov. (type strain: Marseille-Q2328T=CSUR Q232...				0	1	0									0	
14	00014-41609689-abstract.txt	41609689	study_taxa	taxon_candidate	AUTO:Gardnerella%20phocaeensis	Gardnerella phocaeensis	1983:2006	...in: Marseille-Q2328T=CSUR Q2328T=CECT 30239T) and [[Gardnerella phocaeensis]] sp. nov. (type strain: Marseille-Q9179T=CSUR Q917...				0	1	0									0	
14	00014-41609689-abstract.txt	41609689	study_taxa	taxon_candidate	AUTO:Gardnerella%20vaginalis	Gardnerella vaginalis	1040:1061	...T, Marseille-QA0894T and Marseille-Q2328T against [[Gardnerella vaginalis]] 1400E (genomic species 2), G. vaginalis 6119V5 (g...				0	1	0				NCBITaxon:2702	NCBITaxon:2702	Gardnerella vaginalis	biolink:OrganismTaxon	name	309	out:biolink:subclass_of:NCBITaxon:2701|out:METPO:2000517:mediadive.medium:693|out:METPO:2000517:mediadive.medium:215|out:biolink:has_phenotype:METPO:1000667|out:biolink:has_phenotype:METPO:1000872
14	00014-41609689-abstract.txt	41609689	strains	strain	AUTO:Marseille-Q9181T	Marseille-Q9181T	25:41; 462:478; 704:720; 975:991; 1756:1772	Four bacterial strains - [[Marseille-Q9181T]], Marseille-QA0894T, Marseille-Q9179T and Marseill...; ...otile and non-spore-forming coccobacilli. Strains [[Marseille-Q9181T]], Marseille-Q2328T and Marseille-Q9179T were facul...; ...dominant fatty acids (>10%) identified in strains [[Marseille-Q9181T]], Marseille-QA0894T and Marseille-Q2328T were C16 ...; ...l DNA-DNA hybridization (dDDH) values for strains [[Marseille-Q9181T]], Marseille-QA0894T and Marseille-Q2328T against G...; ...: Gardnerella lacydonensis sp. nov. (type strain: [[Marseille-Q9181T]]=CSUR Q9181T=CECT 31121T), Gardnerella bretellae s...				0	0	1									0	
14	00014-41609689-abstract.txt	41609689	strains	strain	AUTO:Marseille-QA0894T	Marseille-QA0894T	43:60; 588:605; 722:739; 993:1010; 1844:1861	Four bacterial strains - Marseille-Q9181T, [[Marseille-QA0894T]], Marseille-Q9179T and Marseille-Q2328T - were iso...; ...erobes with microaerophilic capabilities, whereas [[Marseille-QA0894T]] was strictly anaerobic and microaerophilic. The d...; ...ds (>10%) identified in strains Marseille-Q9181T, [[Marseille-QA0894T]] and Marseille-Q2328T were C16 : 0, C18 : 1 ω9c an...; ...ation (dDDH) values for strains Marseille-Q9181T, [[Marseille-QA0894T]] and Marseille-Q2328T against Gardnerella vaginali...; ...1T), Gardnerella bretellae sp. nov. (type strain: [[Marseille-QA0894T]]=CSUR QA0894T=CECT 31122T), Gardnerella massiliens...				0	0	1									0	
14	00014-41609689-abstract.txt	41609689	strains	strain	AUTO:Marseille-Q9179T	Marseille-Q9179T	62:78; 501:517; 810:826; 1347:1363; 2030:2046	"...al strains - Marseille-Q9181T, Marseille-QA0894T, [[Marseille-Q9179T]] and Marseille-Q2328T - were isolated, the first t...; ...i. Strains Marseille-Q9181T, Marseille-Q2328T and [[Marseille-Q9179T]] were facultative anaerobes with microaerophilic c...; ... were C16 : 0, C18 : 1 ω9c and C18 : 0. In strain [[Marseille-Q9179T]], C18 : 0 was also among the most abundant fatty a...; ...pecies demarcation threshold. In contrast, strain [[Marseille-Q9179T]] exhibited both dDDH and OrthoANI values below the...; ...nd Gardnerella phocaeensis sp. nov. (type strain: [[Marseille-Q9179T]]=CSUR Q9179T=CECT 31120T).
"				0	0	1									0	
14	00014-41609689-abstract.txt	41609689	strains	strain	AUTO:Marseille-Q2328T	Marseille-Q2328T	83:99; 480:496; 744:760; 1015:1031; 1937:1953	...e-Q9181T, Marseille-QA0894T, Marseille-Q9179T and [[Marseille-Q2328T]] - were isolated, the first three from vaginal sam...; ...e-forming coccobacilli. Strains Marseille-Q9181T, [[Marseille-Q2328T]] and Marseille-Q9179T were facultative anaerobes w...; ...n strains Marseille-Q9181T, Marseille-QA0894T and [[Marseille-Q2328T]] were C16 : 0, C18 : 1 ω9c and C18 : 0. In strain ...; ...r strains Marseille-Q9181T, Marseille-QA0894T and [[Marseille-Q2328T]] against Gardnerella vaginalis 1400E (genomic spec...; ..., Gardnerella massiliensis sp. nov. (type strain: [[Marseille-Q2328T]]=CSUR Q2328T=CECT 30239T) and Gardnerella phocaeen...				0	0	1									0	
14	00014-41609689-abstract.txt	41609689	strains	strain	AUTO:Gardnerella%20vaginalis%201400E	Gardnerella vaginalis 1400E	1040:1067	...T, Marseille-QA0894T and Marseille-Q2328T against [[Gardnerella vaginalis 1400E]] (genomic species 2), G. vaginalis 6119V5 (genomic...				0	0	1				NCBITaxon:698956	NCBITaxon:698956	Gardnerella vaginalis 1400E	biolink:OrganismTaxon	name	9	out:biolink:subclass_of:NCBITaxon:2702|out:biolink:has_phenotype:METPO:1000703|out:biolink:has_phenotype:METPO:1000668|out:biolink:has_phenotype:METPO:1000698|out:biolink:has_phenotype:METPO:1000667
14	00014-41609689-abstract.txt	41609689	strains	strain	AUTO:Gardnerella%20vaginalis%206119V5	Gardnerella vaginalis 6119V5	1102:1108	...vaginalis 1400E (genomic species 2), G. vaginalis [[6119V5]] (genomic species 9) and G. vaginalis NR010 (genom...				0	0	1				NCBITaxon:698961	NCBITaxon:698961	Gardnerella vaginalis 6119V5	biolink:OrganismTaxon	name	9	out:biolink:subclass_of:NCBITaxon:2702|out:biolink:has_phenotype:METPO:1000703|out:biolink:has_phenotype:METPO:1000668|out:biolink:has_phenotype:METPO:1000615|out:biolink:has_phenotype:METPO:1000698
14	00014-41609689-abstract.txt	41609689	strains	strain	AUTO:Gardnerella%20vaginalis%20NR010	Gardnerella vaginalis NR010	1146:1151	...nalis 6119V5 (genomic species 9) and G. vaginalis [[NR010]] (genomic species 14) were 72.1%, 72.4% and 75.5%,...				0	0	1									0	
15	00015-41568814-abstract.txt	41568814	study_taxa	taxon_candidate	AUTO:Parvimonas	Parvimonas	359:369; 414:424; 447:457; 978:988; 1019:1029; 1050:1060	...revealed that these 4 strains belong to the genus [[Parvimonas]]. These strains were most closely related to Parvi...; ...monas. These strains were most closely related to [[Parvimonas]] micra ATCC 33270T and Parvimonas parva S3374T. Av...; ...osely related to Parvimonas micra ATCC 33270T and [[Parvimonas]] parva S3374T. Average nucleotide identity (84.0-9...; ...d G1604T represent two novel species of the genus [[Parvimonas]], respectively, with the names Parvimonas oralis s...; ...he genus Parvimonas, respectively, with the names [[Parvimonas]] oralis sp. nov. and Parvimonas pharyngis sp. nov....; ...ly, with the names Parvimonas oralis sp. nov. and [[Parvimonas]] pharyngis sp. nov. The type strains are G1425T (=...				0	1	0				NCBITaxon:543311	NCBITaxon:543311	Parvimonas	biolink:OrganismTaxon	name	7	in:biolink:subclass_of:NCBITaxon:2769485|in:biolink:subclass_of:NCBITaxon:33033|out:biolink:subclass_of:NCBITaxon:1570339|in:biolink:subclass_of:kgmicrobe.strain:CCUG-44106-T|in:biolink:subclass_of:kgmicrobe.strain:bacdive_151461
15	00015-41568814-abstract.txt	41568814	study_taxa	taxon_candidate	AUTO:Parvimonas%20micra	Parvimonas micra	414:430	...monas. These strains were most closely related to [[Parvimonas micra]] ATCC 33270T and Parvimonas parva S3374T. Average ...				0	1	0				NCBITaxon:33033	NCBITaxon:33033	Parvimonas micra	biolink:OrganismTaxon	name	34	out:biolink:subclass_of:NCBITaxon:543311|out:biolink:has_phenotype:METPO:1000698|out:biolink:has_phenotype:METPO:1000872|out:biolink:has_phenotype:METPO:1000604|out:biolink:has_phenotype:METPO:1000668
15	00015-41568814-abstract.txt	41568814	study_taxa	taxon_candidate	AUTO:Parvimonas%20parva	Parvimonas parva	447:463	...osely related to Parvimonas micra ATCC 33270T and [[Parvimonas parva]] S3374T. Average nucleotide identity (84.0-90.9%) ...				0	1	0				NCBITaxon:2769485	NCBITaxon:2769485	Parvimonas parva	biolink:OrganismTaxon	name	7	out:biolink:subclass_of:NCBITaxon:543311|out:METPO:2000517:mediadive.medium:693|out:METPO:2000517:mediadive.medium:110|in:biolink:subclass_of:kgmicrobe.strain:CCOS-1934|in:biolink:subclass_of:kgmicrobe.strain:CCUG-74294
15	00015-41568814-abstract.txt	41568814	study_taxa	taxon_candidate	AUTO:Parvimonas%20oralis	Parvimonas oralis	1019:1036	...he genus Parvimonas, respectively, with the names [[Parvimonas oralis]] sp. nov. and Parvimonas pharyngis sp. nov. The ty...				0	1	0									0	
15	00015-41568814-abstract.txt	41568814	study_taxa	taxon_candidate	AUTO:Parvimonas%20pharyngis	Parvimonas pharyngis	1050:1070	...ly, with the names Parvimonas oralis sp. nov. and [[Parvimonas pharyngis]] sp. nov. The type strains are G1425T (=GDMCC 1.54...				0	1	0									0	
15	00015-41568814-abstract.txt	41568814	strains	strain	AUTO:G1425T	G1425T	132:138; 919:925; 1101:1107	... non-spore-forming, non-motile, coccoid bacteria ([[G1425T]]/G1967 and G1604T/G1641) were isolated from the ph...; ...nd phylogenetic evidence, we propose that strains [[G1425T]] and G1604T represent two novel species of the gen...; ...arvimonas pharyngis sp. nov. The type strains are [[G1425T]] (=GDMCC 1.5468T=JCM 37774T) and G1604T (=GDMCC1.5...				0	0	1									0	
15	00015-41568814-abstract.txt	41568814	strains	strain	AUTO:G1967	G1967	139:144	...ore-forming, non-motile, coccoid bacteria (G1425T/[[G1967]] and G1604T/G1641) were isolated from the pharynge...				0	0	1									0	
15	00015-41568814-abstract.txt	41568814	strains	strain	AUTO:G1604T	G1604T	149:155; 930:936; 1140:1146	"...g, non-motile, coccoid bacteria (G1425T/G1967 and [[G1604T]]/G1641) were isolated from the pharyngeal swabs of...; ...etic evidence, we propose that strains G1425T and [[G1604T]] represent two novel species of the genus Parvimon...; ...trains are G1425T (=GDMCC 1.5468T=JCM 37774T) and [[G1604T]] (=GDMCC1.5469T=JCM 37775T).
"				0	0	1									0	
15	00015-41568814-abstract.txt	41568814	strains	strain	AUTO:G1641	G1641	156:161	...motile, coccoid bacteria (G1425T/G1967 and G1604T/[[G1641]]) were isolated from the pharyngeal swabs of coal ...				0	0	1									0	
15	00015-41568814-abstract.txt	41568814	strains	strain	AUTO:ATCC%2033270T	ATCC 33270T	431:442	...ins were most closely related to Parvimonas micra [[ATCC 33270T]] and Parvimonas parva S3374T. Average nucleotide i...				0	0	1									0	
15	00015-41568814-abstract.txt	41568814	strains	strain	AUTO:S3374T	S3374T	464:470	...Parvimonas micra ATCC 33270T and Parvimonas parva [[S3374T]]. Average nucleotide identity (84.0-90.9%) and dig...				0	0	1									0	
16	00016-41510800-abstract.txt	41510800	study_taxa	taxon_candidate	AUTO:Bdellovibrio	Bdellovibrio	215:227; 683:695; 1494:1506; 1518:1530	... prey. It was identified as a member of the genus [[Bdellovibrio]] based on its 16S rRNA gene sequence. It has a cir...; ... values of T and other known species in the genus [[Bdellovibrio]] are below the threshold for species delineation. ...; ...lts, 22VT represents a novel species in the genus [[Bdellovibrio]], for which Bdellovibrio bacteriopascens sp. nov. ...; ...ovel species in the genus Bdellovibrio, for which [[Bdellovibrio]] bacteriopascens sp. nov. is proposed. The type st...				0	1	0				NCBITaxon:958	NCBITaxon:958	Bdellovibrio	biolink:OrganismTaxon	name	7	in:biolink:subclass_of:NCBITaxon:959|in:biolink:subclass_of:NCBITaxon:2835041|in:biolink:subclass_of:NCBITaxon:2972972|in:biolink:subclass_of:NCBITaxon:163517|in:biolink:subclass_of:NCBITaxon:2633795
16	00016-41510800-abstract.txt	41510800	study_taxa	taxon_candidate	AUTO:Escherichia	Escherichia	828:839	...cteria, including nine strains from seven genera ([[Escherichia]], Klebsiella, Proteus, Pseudomonas, Salmonella, Sh...				0	1	0				NCBITaxon:561	NCBITaxon:561	Escherichia	biolink:OrganismTaxon	name	13	in:biolink:subclass_of:NCBITaxon:1499973|in:biolink:subclass_of:NCBITaxon:2762229|in:biolink:subclass_of:NCBITaxon:562|in:biolink:subclass_of:NCBITaxon:564|in:biolink:subclass_of:NCBITaxon:2608867
16	00016-41510800-abstract.txt	41510800	study_taxa	taxon_candidate	AUTO:Klebsiella	Klebsiella	841:851	...ding nine strains from seven genera (Escherichia, [[Klebsiella]], Proteus, Pseudomonas, Salmonella, Shigella and V...				0	1	0				NCBITaxon:570	NCBITaxon:570	Klebsiella	biolink:OrganismTaxon	name	21	in:biolink:subclass_of:NCBITaxon:1134687|in:biolink:subclass_of:NCBITaxon:1259973|in:biolink:subclass_of:NCBITaxon:2058152|in:biolink:subclass_of:NCBITaxon:2153354|in:biolink:subclass_of:NCBITaxon:2582917
16	00016-41510800-abstract.txt	41510800	study_taxa	taxon_candidate	AUTO:Proteus	Proteus	853:860	...rains from seven genera (Escherichia, Klebsiella, [[Proteus]], Pseudomonas, Salmonella, Shigella and Vibrio). B...				0	1	0				NCBITaxon:583	NCBITaxon:583	Proteus <enterobacteria>	biolink:OrganismTaxon	synonym	17	in:biolink:subclass_of:NCBITaxon:102862|in:biolink:subclass_of:NCBITaxon:1574161|in:biolink:subclass_of:NCBITaxon:183417|in:biolink:subclass_of:NCBITaxon:184072|in:biolink:subclass_of:NCBITaxon:1973495
16	00016-41510800-abstract.txt	41510800	study_taxa	taxon_candidate	AUTO:Pseudomonas	Pseudomonas	862:873	...m seven genera (Escherichia, Klebsiella, Proteus, [[Pseudomonas]], Salmonella, Shigella and Vibrio). By fluorescenc...				0	1	0				NCBITaxon:286	NCBITaxon:286	Pseudomonas	biolink:OrganismTaxon	name	413	in:biolink:subclass_of:NCBITaxon:1007099|in:biolink:subclass_of:NCBITaxon:104087|in:biolink:subclass_of:NCBITaxon:1055468|in:biolink:subclass_of:NCBITaxon:1055469|in:biolink:subclass_of:NCBITaxon:1148509
16	00016-41510800-abstract.txt	41510800	study_taxa	taxon_candidate	AUTO:Salmonella	Salmonella	875:885	...a (Escherichia, Klebsiella, Proteus, Pseudomonas, [[Salmonella]], Shigella and Vibrio). By fluorescence and cryo-e...				0	1	0				NCBITaxon:590	NCBITaxon:590	Salmonella	biolink:OrganismTaxon	name	6	in:biolink:subclass_of:NCBITaxon:28901|in:biolink:subclass_of:NCBITaxon:54736|in:biolink:subclass_of:NCBITaxon:2614656|in:biolink:subclass_of:NCBITaxon:263770|in:biolink:subclass_of:NCBITaxon:3398606
16	00016-41510800-abstract.txt	41510800	study_taxa	taxon_candidate	AUTO:Shigella	Shigella	887:895	...ia, Klebsiella, Proteus, Pseudomonas, Salmonella, [[Shigella]] and Vibrio). By fluorescence and cryo-electron mi...				0	1	0				NCBITaxon:620	NCBITaxon:620	Shigella	biolink:OrganismTaxon	name	7	in:biolink:subclass_of:NCBITaxon:621|in:biolink:subclass_of:NCBITaxon:622|in:biolink:subclass_of:NCBITaxon:623|in:biolink:subclass_of:NCBITaxon:624|in:biolink:subclass_of:NCBITaxon:2629414
16	00016-41510800-abstract.txt	41510800	study_taxa	taxon_candidate	AUTO:Vibrio	Vibrio	142:148; 221:227; 689:695; 900:906; 1500:1506; 1524:1530	...d from Tamaulipas, Mexico, which forms plaques on [[Vibrio]] parahaemolyticus prey. It was identified as a mem...; ... It was identified as a member of the genus Bdello[[vibrio]] based on its 16S rRNA gene sequence. It has a cir...; ...s of T and other known species in the genus Bdello[[vibrio]] are below the threshold for species delineation. ...; ...a, Proteus, Pseudomonas, Salmonella, Shigella and [[Vibrio]]). By fluorescence and cryo-electron microscopy, 2...; ...2VT represents a novel species in the genus Bdello[[vibrio]], for which Bdellovibrio bacteriopascens sp. nov. ...; ...pecies in the genus Bdellovibrio, for which Bdello[[vibrio]] bacteriopascens sp. nov. is proposed. The type st...				0	1	0				NCBITaxon:662	NCBITaxon:662	Vibrio	biolink:OrganismTaxon	name	201	in:biolink:subclass_of:NCBITaxon:1004316|in:biolink:subclass_of:NCBITaxon:1004326|in:biolink:subclass_of:NCBITaxon:104609|in:biolink:subclass_of:NCBITaxon:1046128|in:biolink:subclass_of:NCBITaxon:1074311
16	00016-41510800-abstract.txt	41510800	strains	strain	AUTO:22VT	22VT	46:50; 504:508; 745:749; 955:959; 1449:1453; 1588:1592	"A predatory, motile, Gram-negative bacterium, [[22VT]], was isolated from a soil sample collected from T...; ...atenated housekeeping genes and core genes placed [[22VT]] as a member of a new species. The digital DNA-DNA...; ... are below the threshold for species delineation. [[22VT]] can prey on Gram-negative bacteria, including nin...; ...o). By fluorescence and cryo-electron microscopy, [[22VT]] was observed as a tiny, motile bacterium that inv...; ...Based on the phenotypic and phylogenomic results, [[22VT]] represents a novel species in the genus Bdellovib...; ...opascens sp. nov. is proposed. The type strain is [[22VT]] (=ATCC TSD- 365T=CM-CNRG 933T).
"				0	0	1									0	
16	00016-41510800-abstract.txt	41510800	strains	strain	AUTO:ATCC%20TSD-365T	ATCC TSD-365T						0	0	1									0	
16	00016-41510800-abstract.txt	41510800	strains	strain	AUTO:CM-CNRG%20933T	CM-CNRG 933T	1610:1622	"...roposed. The type strain is 22VT (=ATCC TSD- 365T=[[CM-CNRG 933T]]).
"				0	0	1									0	
16	00016-41510800-abstract.txt	41510800	study_taxa	taxon_candidate	AUTO:Bdellovibrio%20bacteriopascens%20sp.%20nov.	Bdellovibrio bacteriopascens sp. nov.	1518:1555	...ovel species in the genus Bdellovibrio, for which [[Bdellovibrio bacteriopascens sp. nov.]] is proposed. The type strain is 22VT (=ATCC TSD- ...				0	1	0									0	
17	00017-41568592-abstract.txt	41568592	study_taxa	taxon_candidate	AUTO:Rothia%20similimucilaginosa	Rothia similimucilaginosa	1754:1779	...ly related to R. mucilaginosa, for which the name [[Rothia similimucilaginosa]] sp. nov. is proposed. The type strain is RSM42T (...				0	1	0									0	
17	00017-41568592-abstract.txt	41568592	study_taxa	taxon_candidate	AUTO:Rothia%20mucilaginosa	Rothia mucilaginosa	419:438	...haring 99.6% 16S rRNA gene sequence identity with [[Rothia mucilaginosa]] 5762/67T, BLAST+ average nucleotide identity, MUM...				0	1	0				NCBITaxon:43675	NCBITaxon:43675	Rothia mucilaginosa	biolink:OrganismTaxon	name	164	out:biolink:subclass_of:NCBITaxon:32207|out:METPO:2000517:mediadive.medium:215|out:METPO:2000517:mediadive.medium:92|out:METPO:2000517:mediadive.medium:J28|out:METPO:2000517:mediadive.medium:220
17	00017-41568592-abstract.txt	41568592	strains	strain	AUTO:RSM42T	RSM42T	219:225; 760:766; 850:856; 1008:1014; 1821:1827	"...ing the Spring of 2008. These strains, designated [[RSM42T]], RSM292, RSM386 and RSM407, were subjected to a c...; ...genetic and pangenomic comparisons indicated that [[RSM42T]], RSM292, RSM386 and RSM407 form a separate lineag...; ... separate lineage within the genus Rothia. Strain [[RSM42T]] is further distinguished from R. mucilaginosa 576...; ...use fructose-6-phosphate as a sole carbon source. [[RSM42T]] also exhibits an enzyme activity profile consiste...; ...laginosa sp. nov. is proposed. The type strain is [[RSM42T]] (=ATCC TSD-447T=DSM 118581T).
"				0	0	1									0	
17	00017-41568592-abstract.txt	41568592	strains	strain	AUTO:RSM292	RSM292	227:233; 768:774	...Spring of 2008. These strains, designated RSM42T, [[RSM292]], RSM386 and RSM407, were subjected to a comprehen...; ...and pangenomic comparisons indicated that RSM42T, [[RSM292]], RSM386 and RSM407 form a separate lineage within...				0	0	1									0	
17	00017-41568592-abstract.txt	41568592	strains	strain	AUTO:RSM386	RSM386	235:241; 776:782	...f 2008. These strains, designated RSM42T, RSM292, [[RSM386]] and RSM407, were subjected to a comprehensive bio...; ...enomic comparisons indicated that RSM42T, RSM292, [[RSM386]] and RSM407 form a separate lineage within the gen...				0	0	1									0	
17	00017-41568592-abstract.txt	41568592	strains	strain	AUTO:RSM407	RSM407	246:252; 787:793	...se strains, designated RSM42T, RSM292, RSM386 and [[RSM407]], were subjected to a comprehensive biochemical an...; ...arisons indicated that RSM42T, RSM292, RSM386 and [[RSM407]] form a separate lineage within the genus Rothia. ...				0	0	1									0	
17	00017-41568592-abstract.txt	41568592	strains	strain	AUTO:5762/67T	5762/67T	439:447; 903:911	...A gene sequence identity with Rothia mucilaginosa [[5762/67T]], BLAST+ average nucleotide identity, MUMmer3 aver...; ...42T is further distinguished from R. mucilaginosa [[5762/67T]] by its unique ability among Rothia species to use...				0	0	1									0	
17	00017-41568592-abstract.txt	41568592	strains	strain	AUTO:ATCC%20TSD-447T	ATCC TSD-447T	1830:1843	"...sp. nov. is proposed. The type strain is RSM42T (=[[ATCC TSD-447T]]=DSM 118581T).
"				0	0	1									0	
17	00017-41568592-abstract.txt	41568592	strains	strain	AUTO:DSM%20118581T	DSM 118581T	1844:1855	"...oposed. The type strain is RSM42T (=ATCC TSD-447T=[[DSM 118581T]]).
"				0	0	1									0	
17	00017-41568592-abstract.txt	41568592	chemical_utilization_object	chemical	AUTO:fructose-6-phosphate	fructose-6-phosphate	962:982	...by its unique ability among Rothia species to use [[fructose-6-phosphate]] as a sole carbon source. [[RSM42T]] also exhibits an ...	AUTO:RSM42T	RSM42T	uses_as_carbon_source	1	0	0	METPO:2000006	uses as carbon source	label	CHEBI:16084	CHEBI:16084|CHEBI:15946	beta-D-fructofuranose 6-phosphate	biolink:SmallMolecule	synonym	5	out:biolink:subclass_of:CHEBI:61553|out:biolink:related_to:CHEBI:75771|out:biolink:related_to:CHEBI:57634|out:biolink:related_to:CHEBI:28645|in:biolink:related_to:CHEBI:57634
18	00018-41568815-abstract.txt	41568815	study_taxa	taxon_candidate	AUTO:Melissospora%20conviva	Melissospora conviva	1527:1547	... to explore the microbial dark matter. We propose [[Melissospora conviva]] as a novel genus and species within the Actinomyc...				0	1	0				NCBITaxon:3388432	NCBITaxon:3388432|kgmicrobe.strain:bacdive_177112	Melissospora conviva	biolink:OrganismTaxon	name	1	out:biolink:subclass_of:NCBITaxon:3456036
18	00018-41568815-abstract.txt	41568815	study_taxa	taxon_candidate	AUTO:Micromonosporaceae	Micromonosporaceae	694:712; 1059:1077	...ioned these isolates within a distinct lineage of [[Micromonosporaceae]], separate from the five officially recognized cla...; ...e to genome reduction (4.6 Mbp) compared to other [[Micromonosporaceae]]. Pangenomic comparisons with their closest Microm...				0	1	0				NCBITaxon:28056	NCBITaxon:28056	Micromonosporaceae	biolink:OrganismTaxon	name	46	in:biolink:subclass_of:NCBITaxon:1865|out:biolink:subclass_of:NCBITaxon:85008|in:biolink:subclass_of:kgmicrobe.strain:JCM-32592|in:biolink:subclass_of:kgmicrobe.strain:NBRC-113144|in:biolink:subclass_of:kgmicrobe.strain:PLAI-1-1
18	00018-41568815-abstract.txt	41568815	study_taxa	taxon_candidate	AUTO:Micromonospora	Micromonospora	694:708; 773:787; 1059:1073; 1121:1135	...ioned these isolates within a distinct lineage of [[Micromonospora]]ceae, separate from the five officially recognized...; ...from the five officially recognized clades of the [[Micromonospora]] genus. A combination of microscopic, chemotaxonom...; ...e to genome reduction (4.6 Mbp) compared to other [[Micromonospora]]ceae. Pangenomic comparisons with their closest Mi...; ...raceae. Pangenomic comparisons with their closest [[Micromonospora]] relatives revealed gene losses in key metabolic p...				0	1	0				NCBITaxon:1873	NCBITaxon:1873	Micromonospora	biolink:OrganismTaxon	name	174	in:biolink:subclass_of:NCBITaxon:1003110|in:biolink:subclass_of:NCBITaxon:1043168|in:biolink:subclass_of:NCBITaxon:1077942|in:biolink:subclass_of:NCBITaxon:1128667|in:biolink:subclass_of:NCBITaxon:1144548
18	00018-41568815-abstract.txt	41568815	strains	strain	AUTO:DT32	DT32	429:433	...s mellifera beehive, we identified five isolates ([[DT32]], DT45T, DT55, DT59 and DT194) that required co-cu...				0	0	1									0	
18	00018-41568815-abstract.txt	41568815	strains	strain	AUTO:DT45T	DT45T	435:440; 1624:1629	...ifera beehive, we identified five isolates (DT32, [[DT45T]], DT55, DT59 and DT194) that required co-cultivati...; ...es within the Actinomycetota phylum, with isolate [[DT45T]] as the representative type species and type strai...				0	0	1									0	
18	00018-41568815-abstract.txt	41568815	strains	strain	AUTO:DT55	DT55	442:446	...eehive, we identified five isolates (DT32, DT45T, [[DT55]], DT59 and DT194) that required co-cultivation for...				0	0	1									0	
18	00018-41568815-abstract.txt	41568815	strains	strain	AUTO:DT59	DT59	448:452	..., we identified five isolates (DT32, DT45T, DT55, [[DT59]] and DT194) that required co-cultivation for growt...				0	0	1									0	
18	00018-41568815-abstract.txt	41568815	strains	strain	AUTO:DT194	DT194	457:462	...tified five isolates (DT32, DT45T, DT55, DT59 and [[DT194]]) that required co-cultivation for growth recovery...				0	0	1									0	
18	00018-41568815-abstract.txt	41568815	strains	strain	AUTO:DSM%20117791	DSM 117791	1757:1767	"...in public collections under the accession numbers [[DSM 117791]] and LMG 33580.
"				0	0	1									0	
18	00018-41568815-abstract.txt	41568815	strains	strain	AUTO:LMG%2033580	LMG 33580	1772:1781	"...ctions under the accession numbers DSM 117791 and [[LMG 33580]].
"				0	0	1									0	
18	00018-41568815-abstract.txt	41568815	chemical_utilization_object	chemical	AUTO:carbon%20sources	carbon sources	977:991	...xhibited high auxotrophy, being unable to use all [[carbon sources]] tested, likely due to genome reduction (4.6 Mbp) ...	AUTO:DT32	DT32	does_not_use_for_growth	1	0	0	METPO:2000038	does not use for growth	label						0	
18	00018-41568815-abstract.txt	41568815	chemical_utilization_object	chemical	AUTO:carbon%20sources	carbon sources	977:991	...xhibited high auxotrophy, being unable to use all [[carbon sources]] tested, likely due to genome reduction (4.6 Mbp) ...	AUTO:DT45T	DT45T	does_not_use_for_growth	1	0	0	METPO:2000038	does not use for growth	label						0	
18	00018-41568815-abstract.txt	41568815	chemical_utilization_object	chemical	AUTO:carbon%20sources	carbon sources	977:991	...xhibited high auxotrophy, being unable to use all [[carbon sources]] tested, likely due to genome reduction (4.6 Mbp) ...	AUTO:DT55	DT55	does_not_use_for_growth	1	0	0	METPO:2000038	does not use for growth	label						0	
18	00018-41568815-abstract.txt	41568815	chemical_utilization_object	chemical	AUTO:carbon%20sources	carbon sources	977:991	...xhibited high auxotrophy, being unable to use all [[carbon sources]] tested, likely due to genome reduction (4.6 Mbp) ...	AUTO:DT59	DT59	does_not_use_for_growth	1	0	0	METPO:2000038	does not use for growth	label						0	
18	00018-41568815-abstract.txt	41568815	chemical_utilization_object	chemical	AUTO:carbon%20sources	carbon sources	977:991	...xhibited high auxotrophy, being unable to use all [[carbon sources]] tested, likely due to genome reduction (4.6 Mbp) ...	AUTO:DT194	DT194	does_not_use_for_growth	1	0	0	METPO:2000038	does not use for growth	label						0	
19	00019-41364487-abstract.txt	41364487	study_taxa	taxon_candidate	AUTO:Chlamydiaceae	Chlamydiaceae	4:17	The [[Chlamydiaceae]] is a family of strict, intracellular bacteria whi...				0	1	0				NCBITaxon:809	NCBITaxon:809	Chlamydiaceae	biolink:OrganismTaxon	name	7	in:biolink:subclass_of:NCBITaxon:1113537|in:biolink:subclass_of:NCBITaxon:1290369|in:biolink:subclass_of:NCBITaxon:1686199|in:biolink:subclass_of:NCBITaxon:1851152|in:biolink:subclass_of:NCBITaxon:2822114
19	00019-41364487-abstract.txt	41364487	study_taxa	taxon_candidate	AUTO:Chlamydia	Chlamydia	4:13; 113:122; 139:148; 647:656; 719:728; 849:858; 983:992; 1566:1575	"The [[Chlamydia]]ceae is a family of strict, intracellular bacteria...; ... which include human and animal pathogens such as [[Chlamydia]] trachomatis and Chlamydia psittaci. Following the...; ...nimal pathogens such as Chlamydia trachomatis and [[Chlamydia]] psittaci. Following the death of multiple Ancistr...; ...as classified as a novel species belonging to the [[Chlamydia]] genus (DSMZ no. 117479, CSUR no. QA1836). We prop...; ...no. 117479, CSUR no. QA1836). We propose the name [[Chlamydia]] vaughanii sp. nov., in memory of the late Profess...; ...vaughanii has the largest genome (1.3 Mbp) of the [[Chlamydia]] genus. This appears to be a consequence of multip...; ...encoding putative adhesins. Like other pathogenic [[Chlamydia]], it can infect mammalian cells, but it cannot inf...; ... was not a contaminant. C. vaughanii is the first [[Chlamydia]] isolated from fish.
"				0	1	0				NCBITaxon:810	NCBITaxon:810	Chlamydia	biolink:OrganismTaxon	name	25	in:biolink:subclass_of:NCBITaxon:1457141|in:biolink:subclass_of:NCBITaxon:1457153|in:biolink:subclass_of:NCBITaxon:1967783|in:biolink:subclass_of:NCBITaxon:2494525|in:biolink:subclass_of:NCBITaxon:2766982
19	00019-41364487-abstract.txt	41364487	study_taxa	taxon_candidate	AUTO:Chlamydia%20trachomatis	Chlamydia trachomatis	113:134	... which include human and animal pathogens such as [[Chlamydia trachomatis]] and Chlamydia psittaci. Following the death of mu...				0	1	0				NCBITaxon:813	NCBITaxon:813	Chlamydia trachomatis	biolink:OrganismTaxon	name	121	out:biolink:subclass_of:NCBITaxon:810|out:METPO:2000517:mediadive.medium:1193|out:biolink:has_phenotype:METPO:1000615|out:biolink:has_phenotype:METPO:1000667|out:biolink:has_phenotype:METPO:1000703
19	00019-41364487-abstract.txt	41364487	study_taxa	taxon_candidate	AUTO:Chlamydia%20psittaci	Chlamydia psittaci	139:157	...nimal pathogens such as Chlamydia trachomatis and [[Chlamydia psittaci]]. Following the death of multiple Ancistrus dolich...				0	1	0				NCBITaxon:83554	NCBITaxon:83554	Chlamydia psittaci	biolink:OrganismTaxon	name	81	out:biolink:subclass_of:NCBITaxon:810|out:METPO:2000517:mediadive.medium:1193|out:biolink:has_phenotype:METPO:1000872|out:biolink:has_phenotype:METPO:1000667|out:biolink:has_phenotype:METPO:1000703
19	00019-41364487-abstract.txt	41364487	study_taxa	taxon_candidate	AUTO:Chlamydia%20vaughanii	Chlamydia vaughanii	719:738	...no. 117479, CSUR no. QA1836). We propose the name [[Chlamydia vaughanii]] sp. nov., in memory of the late Professor Lloyd V...				0	1	0				NCBITaxon:3112552	NCBITaxon:3112552	Chlamydia vaughanii	biolink:OrganismTaxon	name	1	out:biolink:subclass_of:NCBITaxon:810
19	00019-41364487-abstract.txt	41364487	strains	strain	AUTO:DSMZ%20no.%20117479	DSMZ no. 117479	664:679	...a novel species belonging to the Chlamydia genus ([[DSMZ no. 117479]], CSUR no. QA1836). We propose the name Chlamydia ...				0	0	1									0	
19	00019-41364487-abstract.txt	41364487	strains	strain	AUTO:CSUR%20no.%20QA1836	CSUR no. QA1836	681:696	...elonging to the Chlamydia genus (DSMZ no. 117479, [[CSUR no. QA1836]]). We propose the name Chlamydia vaughanii sp. nov...				0	0	1									0	
20	00020-41410399-abstract.txt	41410399	study_taxa	taxon_candidate	AUTO:Streptomyces%20dryopteridis	Streptomyces dryopteridis	1207:1232	... a novel Streptomyces species, for which the name [[Streptomyces dryopteridis]] sp. nov. is proposed. The type strain is strain B...				0	1	0									0	
20	00020-41410399-abstract.txt	41410399	study_taxa	taxon_candidate	AUTO:Streptomyces%20cinnamoneus	Streptomyces cinnamoneus	288:312	...s and shared the highest sequence similarities to [[Streptomyces cinnamoneus]] JCM 4633T (98.75%), Streptomyces hiroshimensis JC...				0	1	0				NCBITaxon:53446	NCBITaxon:53446	Streptomyces cinnamoneus	biolink:OrganismTaxon	name	96	in:biolink:subclass_of:NCBITaxon:173776|out:biolink:subclass_of:NCBITaxon:1481185|out:METPO:2000517:mediadive.medium:84|out:METPO:2000517:mediadive.medium:J50|out:METPO:2000517:mediadive.medium:65
20	00020-41410399-abstract.txt	41410399	study_taxa	taxon_candidate	AUTO:Streptomyces%20hiroshimensis	Streptomyces hiroshimensis	333:359	...s to Streptomyces cinnamoneus JCM 4633T (98.75%), [[Streptomyces hiroshimensis]] JCM 4586T (98.74%) and Streptomyces pseudoechinos...				0	1	0				NCBITaxon:66424	NCBITaxon:66424	Streptomyces hiroshimensis	biolink:OrganismTaxon	name	149	out:biolink:subclass_of:NCBITaxon:1883|out:METPO:2000517:mediadive.medium:84|out:METPO:2000517:mediadive.medium:J42|out:METPO:2000517:mediadive.medium:J43|out:METPO:2000517:mediadive.medium:252
20	00020-41410399-abstract.txt	41410399	study_taxa	taxon_candidate	AUTO:Streptomyces%20pseudoechinosporeus	Streptomyces pseudoechinosporeus	383:415	...Streptomyces hiroshimensis JCM 4586T (98.74%) and [[Streptomyces pseudoechinosporeus]] NBRC 12518T (98.68%). Phylogenetic analysis based...				0	1	0				NCBITaxon:285444	NCBITaxon:285444	Streptomyces pseudoechinosporeus	biolink:OrganismTaxon	name	30	out:biolink:subclass_of:NCBITaxon:1883|out:METPO:2000517:mediadive.medium:84|out:METPO:2000517:mediadive.medium:65|out:METPO:2000517:mediadive.medium:J66|out:METPO:2000517:mediadive.medium:J58
20	00020-41410399-abstract.txt	41410399	study_taxa	taxon_candidate	AUTO:Streptomyces%20laurentii	Streptomyces laurentii	558:580	...s indicated that strain BI20T was most related to [[Streptomyces laurentii]] ATCC 31255T. However, the average nucleotide iden...				0	1	0				NCBITaxon:39478	NCBITaxon:39478	Streptomyces laurentii	biolink:OrganismTaxon	name	32	out:biolink:subclass_of:NCBITaxon:1883|out:METPO:2000517:mediadive.medium:84|out:METPO:2000517:mediadive.medium:252|out:METPO:2000517:mediadive.medium:J42|out:METPO:2000517:mediadive.medium:65
20	00020-41410399-abstract.txt	41410399	study_taxa	taxon_candidate	AUTO:Streptomyces%20cuspidosporus	Streptomyces cuspidosporus	1345:1371	...K09588T=JCM 38134T). In addition, we propose that [[Streptomyces cuspidosporus]] Higashide et al. 1966 (Approved Lists 1980) is a ...				0	1	0				NCBITaxon:66882	NCBITaxon:66882	Streptomyces cuspidosporus	biolink:OrganismTaxon	name	19	out:biolink:subclass_of:NCBITaxon:1883|out:METPO:2000517:mediadive.medium:252|out:METPO:2000517:mediadive.medium:65|out:METPO:2000517:mediadive.medium:J42|out:METPO:2000517:mediadive.medium:84
20	00020-41410399-abstract.txt	41410399	study_taxa	taxon_candidate	AUTO:Streptomyces%20sparsogenes	Streptomyces sparsogenes	1450:1474	...ved Lists 1980) is a later heterotypic synonym of [[Streptomyces sparsogenes]] Owen et al. 1963 (Approved Lists 1980) based on c...				0	1	0				NCBITaxon:67365	NCBITaxon:67365	Streptomyces sparsogenes	biolink:OrganismTaxon	name	3	in:biolink:subclass_of:NCBITaxon:1331668|out:biolink:subclass_of:NCBITaxon:1883|out:biolink:has_phenotype:METPO:1000698
20	00020-41410399-abstract.txt	41410399	strains	strain	AUTO:BI20T	BI20T	31:36; 199:204; 532:537; 715:720; 920:925; 1141:1146; 1281:1286	A novel actinobacterium strain [[BI20T]], isolated from the rhizosphere of Dryopteris marg...; ... of the 16S rRNA gene sequence showed that strain [[BI20T]] belonged to the genus Streptomyces and shared the...; ... and whole-genome sequences indicated that strain [[BI20T]] was most related to Streptomyces laurentii ATCC 3...; ...NA-DNA hybridization (dDDH) values between strain [[BI20T]] and the above four Streptomyces strains were 84.8...; ...eating species. Whole-cell hydrolysates of strain [[BI20T]] contained ll-diaminopimelic acid and whole-cell s...; ...and C16 : 0. All these data indicated that strain [[BI20T]] represents a novel Streptomyces species, for whic...; ...s sp. nov. is proposed. The type strain is strain [[BI20T]] (=MCCC 1K09588T=JCM 38134T). In addition, we prop...				0	0	1									0	
20	00020-41410399-abstract.txt	41410399	strains	strain	AUTO:JCM%204633T	JCM 4633T	313:322	...sequence similarities to Streptomyces cinnamoneus [[JCM 4633T]] (98.75%), Streptomyces hiroshimensis JCM 4586T (9...				0	0	1									0	
20	00020-41410399-abstract.txt	41410399	strains	strain	AUTO:JCM%204586T	JCM 4586T	360:369	...us JCM 4633T (98.75%), Streptomyces hiroshimensis [[JCM 4586T]] (98.74%) and Streptomyces pseudoechinosporeus NBR...				0	0	1									0	
20	00020-41410399-abstract.txt	41410399	strains	strain	AUTO:NBRC%2012518T	NBRC 12518T	416:427	...86T (98.74%) and Streptomyces pseudoechinosporeus [[NBRC 12518T]] (98.68%). Phylogenetic analysis based on 16S rRNA...				0	0	1									0	
20	00020-41410399-abstract.txt	41410399	strains	strain	AUTO:ATCC%2031255T	ATCC 31255T	581:592	... BI20T was most related to Streptomyces laurentii [[ATCC 31255T]]. However, the average nucleotide identity by MUMm...				0	0	1									0	
20	00020-41410399-abstract.txt	41410399	strains	strain	AUTO:MCCC%201K09588T	MCCC 1K09588T	1289:1302	...v. is proposed. The type strain is strain BI20T (=[[MCCC 1K09588T]]=JCM 38134T). In addition, we propose that Strepto...				0	0	1									0	
20	00020-41410399-abstract.txt	41410399	strains	strain	AUTO:JCM%2038134T	JCM 38134T	1303:1313	.... The type strain is strain BI20T (=MCCC 1K09588T=[[JCM 38134T]]). In addition, we propose that Streptomyces cuspi...				0	0	1									0	
20	00020-41410399-abstract.txt	41410399	chemical_utilization_object	chemical	AUTO:ll-diaminopimelic%20acid	ll-diaminopimelic acid	936:958	...Whole-cell hydrolysates of strain [[BI20T]] contained [[ll-diaminopimelic acid]] and whole-cell sugars contained glucose. The pred...	AUTO:BI20T	BI20T	produces	1	0	0	METPO:2000202	produces	label						0	
20	00020-41410399-abstract.txt	41410399	chemical_utilization_object	chemical	AUTO:glucose	glucose	991:998	...aminopimelic acid and whole-cell sugars contained [[glucose]]. The predominant cellular fatty acids (>10%) were...	AUTO:BI20T	BI20T	produces	1	0	0	METPO:2000202	produces	label	CHEBI:17234	CHEBI:17234|CHEBI:42758|CHEBI:4167	glucose	biolink:ChemicalEntity|biolink:SmallMolecule	name	27450	out:biolink:subclass_of:CHEBI:33917|out:biolink:related_to:CHEBI:78675|out:biolink:has_chemical_role:CHEBI:78675|in:biolink:subclass_of:CHEBI:17634|in:METPO:2000006:NCBITaxon:1002795
21	00021-41329602-abstract.txt	41329602	study_taxa	taxon_candidate	AUTO:Saccharothrix%20sabaoui	Saccharothrix sabaoui	1517:1538	"...es of the genus Saccharothrix, for which the name [[Saccharothrix sabaoui]] sp. nov. is proposed.
"				0	1	0									0	
21	00021-41329602-abstract.txt	41329602	study_taxa	taxon_candidate	AUTO:Saccharothrix%20yanglingensis	Saccharothrix yanglingensis	701:728	...ne sequence indicated the highest similarity with [[Saccharothrix yanglingensis]] Hhs.015T (98.95%). The G+C content of the genomic...				0	1	0				NCBITaxon:659496	NCBITaxon:659496	Saccharothrix yanglingensis	biolink:OrganismTaxon	name	1	out:biolink:subclass_of:NCBITaxon:2071
21	00021-41329602-abstract.txt	41329602	strains	strain	AUTO:Mg75T	Mg75T	27:32; 320:325; 793:798; 866:871; 1180:1185; 1409:1414	A novel strain, designated [[Mg75T]], was isolated from a vineyard soil sample collect...; ...nal Streptomyces Project 2 (ISP2), ISP3 and ISP4. [[Mg75T]] exhibited growth across a temperature range of 15...; ...5%). The G+C content of the genomic DNA of strain [[Mg75T]] was 73.4 mol%. Digital DNA-DNA hybridization (dDD...; ...gital DNA-DNA hybridization (dDDH) between strain [[Mg75T]] and its neighbouring Saccharothrix species ranged...; ...ANI and AAI used for species delimitation. Strain [[Mg75T]] was found to share a similar chemotaxonomic profi...; ...onomic and phenotypic data, indicated that strain [[Mg75T]] (=DSM 118769T=CECT 31160T) represented a novel sp...				0	0	1									0	
21	00021-41329602-abstract.txt	41329602	strains	strain	AUTO:Hhs.015T	Hhs.015T	729:737	...ghest similarity with Saccharothrix yanglingensis [[Hhs.015T]] (98.95%). The G+C content of the genomic DNA of s...				0	0	1									0	
21	00021-41329602-abstract.txt	41329602	strains	strain	AUTO:DSM%20118769T	DSM 118769T	1417:1428	...nd phenotypic data, indicated that strain Mg75T (=[[DSM 118769T]]=CECT 31160T) represented a novel species of the g...				0	0	1									0	
21	00021-41329602-abstract.txt	41329602	strains	strain	AUTO:CECT%2031160T	CECT 31160T	1429:1440	...c data, indicated that strain Mg75T (=DSM 118769T=[[CECT 31160T]]) represented a novel species of the genus Sacchar...				0	0	1									0	
21	00021-41329602-abstract.txt	41329602	chemical_utilization_object	chemical	AUTO:NaCl	NaCl	505:509	...nd 10.0, with an optimum at pH 7.0, and tolerated [[NaCl]] concentrations ranging from 0% to 3% (w/v), with ...	AUTO:Mg75T	Mg75T	tolerates	1	0	0	METPO:2000064	tolerates	label	CHEBI:26710	CHEBI:26710	1% sodium chloride	biolink:ChemicalEntity|biolink:ChemicalSubstance|biolink:SmallMolecule	synonym	2636	out:biolink:subclass_of:CHEBI:36093|out:biolink:subclass_of:CHEBI:38702|out:biolink:related_to:CHEBI:149552|out:biolink:has_chemical_role:CHEBI:149552|out:biolink:related_to:CHEBI:228364
22	00022-41369690-abstract.txt	41369690	study_taxa	taxon_candidate	AUTO:Halosubterraneus%20shenae	Halosubterraneus shenae	2042:2065	...hin the family Haloferacaceae, for which the name [[Halosubterraneus shenae]] gen. nov., sp. nov. is proposed. The type strain ...				0	1	0									0	
22	00022-41369690-abstract.txt	41369690	study_taxa	taxon_candidate	AUTO:Haloparvum%20sedimenti	Haloparvum sedimenti	524:544	...A gene sequences showed the closest similarity to [[Haloparvum sedimenti]] DYS4T, with similarities of 95.11% (AD34T) and 95...				0	1	0				NCBITaxon:1678448	NCBITaxon:1678448	Haloparvum sedimenti	biolink:OrganismTaxon	name	8	out:biolink:subclass_of:NCBITaxon:1820337|in:biolink:subclass_of:kgmicrobe.strain:CGMCC-1.14998|in:biolink:subclass_of:kgmicrobe.strain:CGMCC-1.15000|in:biolink:subclass_of:kgmicrobe.strain:Dys-DYS4|in:biolink:subclass_of:kgmicrobe.strain:JCM-30891
22	00022-41369690-abstract.txt	41369690	study_taxa	taxon_candidate	AUTO:Haloparvum%20alkalitolerans	Haloparvum alkalitolerans	704:729	...PAK95 showed the highest similarity to species of [[Haloparvum alkalitolerans]] MK62-1T with 91.40% (PAK95) and 91.53% (AD34T) id...				0	1	0				NCBITaxon:1042953	NCBITaxon:1042953	Haloparvum alkalitolerans	biolink:OrganismTaxon	name	4	out:biolink:subclass_of:NCBITaxon:1820337|in:biolink:subclass_of:kgmicrobe.strain:JCM-30442|in:biolink:subclass_of:kgmicrobe.strain:KCTC-4214|in:biolink:subclass_of:kgmicrobe.strain:bacdive_133245
22	00022-41369690-abstract.txt	41369690	strains	strain	AUTO:AD34T	AD34T	33:38; 195:200; 262:267; 581:586; 644:649; 770:775; 845:850; 1055:1060; 1217:1222; 1443:1448; 1672:1677; 1869:1874; 2118:2123	"Two halophilic archaeal strains, [[AD34T]] and PAK95, were isolated from a salt mine in Yunn...; ...are 2,000 km apart, respectively. Cells of strain [[AD34T]] were spherical while those of PAK95 were rod-shap...; ...cal while those of PAK95 were rod-shaped. Strains [[AD34T]] and PAK95 were Gram-stain-negative, aerobic and a...; ...vum sedimenti DYS4T, with similarities of 95.11% ([[AD34T]]) and 95.46% (PAK95). The rpoB' gene sequences of ...; ....46% (PAK95). The rpoB' gene sequences of strains [[AD34T]] and PAK95 showed the highest similarity to specie...; ...itolerans MK62-1T with 91.40% (PAK95) and 91.53% ([[AD34T]]) identity. Comprehensive phylogenetic analyses re...; ...nsive phylogenetic analyses revealed that strains [[AD34T]] and PAK95 form a robust, monophyletic clade with ...; ...m whole-genome sequencing, the DNA G+C content of [[AD34T]] and PAK95 is 66.5 and 66.4 mol%, respectively, wh...; ...ectively. The average nucleotide identity between [[AD34T]], PAK95 and the family Haloferacaceae ranged from ...; ...(AAI) values were between 58.0 and 72.0%. Strains [[AD34T]] and PAK95 may represent a novel species of a nove...; ...hin this family. The major polar lipids of strain [[AD34T]] were phosphatidylglycerol (PG), PG phosphate meth...; ...hylogenetic analyses, it is proposed that strains [[AD34T]] (=MCCC 4K00176T=KCTC 4324T) and PAK95 (=MCCC 4K00...; ...n. nov., sp. nov. is proposed. The type strain is [[AD34T]].
"				0	0	1									0	
22	00022-41369690-abstract.txt	41369690	strains	strain	AUTO:PAK95	PAK95	43:48; 231:236; 272:277; 600:605; 654:659; 751:756; 855:860; 1065:1070; 1224:1229; 1453:1458; 1907:1912	Two halophilic archaeal strains, AD34T and [[PAK95]], were isolated from a salt mine in Yunnan and roc...; ...lls of strain AD34T were spherical while those of [[PAK95]] were rod-shaped. Strains AD34T and PAK95 were Gra...; ...those of PAK95 were rod-shaped. Strains AD34T and [[PAK95]] were Gram-stain-negative, aerobic and able to gro...; ..., with similarities of 95.11% (AD34T) and 95.46% ([[PAK95]]). The rpoB' gene sequences of strains AD34T and P...; ...5). The rpoB' gene sequences of strains AD34T and [[PAK95]] showed the highest similarity to species of Halop...; ...of Haloparvum alkalitolerans MK62-1T with 91.40% ([[PAK95]]) and 91.53% (AD34T) identity. Comprehensive phylo...; ...ogenetic analyses revealed that strains AD34T and [[PAK95]] form a robust, monophyletic clade with 100% boots...; ...nome sequencing, the DNA G+C content of AD34T and [[PAK95]] is 66.5 and 66.4 mol%, respectively, while that o...; ...y. The average nucleotide identity between AD34T, [[PAK95]] and the family Haloferacaceae ranged from 66.5 to...; ...es were between 58.0 and 72.0%. Strains AD34T and [[PAK95]] may represent a novel species of a novel genus wi...; ...hat strains AD34T (=MCCC 4K00176T=KCTC 4324T) and [[PAK95]] (=MCCC 4K00231=CGMCC 1.62791=KCTC 4376) represent...				0	0	1									0	
22	00022-41369690-abstract.txt	41369690	strains	strain	AUTO:DYS4T	DYS4T	545:550; 1122:1127	...ed the closest similarity to Haloparvum sedimenti [[DYS4T]], with similarities of 95.11% (AD34T) and 95.46% (...; ...s 66.5 and 66.4 mol%, respectively, while that of [[DYS4T]] and MK62-1T is 68.3 and 69.1 mol%, respectively. ...				0	0	1									0	
22	00022-41369690-abstract.txt	41369690	strains	strain	AUTO:MK62-1T	MK62-1T	730:737; 1132:1139	...imilarity to species of Haloparvum alkalitolerans [[MK62-1T]] with 91.40% (PAK95) and 91.53% (AD34T) identity. ...; ... 66.4 mol%, respectively, while that of DYS4T and [[MK62-1T]] is 68.3 and 69.1 mol%, respectively. The average ...				0	0	1									0	
22	00022-41369690-abstract.txt	41369690	chemical_utilization_object	chemical	AUTO:NaCl	NaCl	342:346; 370:374	...n-negative, aerobic and able to grow at 1.4-4.8 M [[NaCl]] (with optimum at 3.1 M NaCl), pH 5.0-9.0 (optimum...; ... to grow at 1.4-4.8 M NaCl (with optimum at 3.1 M [[NaCl]]), pH 5.0-9.0 (optimum, pH 7.5) and 20-60 °C (opti...	AUTO:AD34T	AD34T	requires_for_growth	1	0	0	METPO:2000018	requires for growth	label	CHEBI:26710	CHEBI:26710	1% sodium chloride	biolink:ChemicalEntity|biolink:ChemicalSubstance|biolink:SmallMolecule	synonym	2636	out:biolink:subclass_of:CHEBI:36093|out:biolink:subclass_of:CHEBI:38702|out:biolink:related_to:CHEBI:149552|out:biolink:has_chemical_role:CHEBI:149552|out:biolink:related_to:CHEBI:228364
22	00022-41369690-abstract.txt	41369690	chemical_utilization_object	chemical	AUTO:NaCl	NaCl	342:346; 370:374	...n-negative, aerobic and able to grow at 1.4-4.8 M [[NaCl]] (with optimum at 3.1 M NaCl), pH 5.0-9.0 (optimum...; ... to grow at 1.4-4.8 M NaCl (with optimum at 3.1 M [[NaCl]]), pH 5.0-9.0 (optimum, pH 7.5) and 20-60 °C (opti...	AUTO:PAK95	PAK95	requires_for_growth	1	0	0	METPO:2000018	requires for growth	label	CHEBI:26710	CHEBI:26710	1% sodium chloride	biolink:ChemicalEntity|biolink:ChemicalSubstance|biolink:SmallMolecule	synonym	2636	out:biolink:subclass_of:CHEBI:36093|out:biolink:subclass_of:CHEBI:38702|out:biolink:related_to:CHEBI:149552|out:biolink:has_chemical_role:CHEBI:149552|out:biolink:related_to:CHEBI:228364
22	00022-41369690-abstract.txt	41369690	strains	strain	AUTO:MCCC%204K00176T	MCCC 4K00176T	1877:1890	...tic analyses, it is proposed that strains AD34T (=[[MCCC 4K00176T]]=KCTC 4324T) and PAK95 (=MCCC 4K00231=CGMCC 1.6279...				0	0	1									0	
22	00022-41369690-abstract.txt	41369690	strains	strain	AUTO:KCTC%204324T	KCTC 4324T	1891:1901	...it is proposed that strains AD34T (=MCCC 4K00176T=[[KCTC 4324T]]) and PAK95 (=MCCC 4K00231=CGMCC 1.62791=KCTC 4376...				0	0	1									0	
22	00022-41369690-abstract.txt	41369690	strains	strain	AUTO:MCCC%204K00231	MCCC 4K00231	1915:1927	...ins AD34T (=MCCC 4K00176T=KCTC 4324T) and PAK95 (=[[MCCC 4K00231]]=CGMCC 1.62791=KCTC 4376) represent a novel genus ...				0	0	1									0	
22	00022-41369690-abstract.txt	41369690	strains	strain	AUTO:CGMCC%201.62791	CGMCC 1.62791	1928:1941	...CCC 4K00176T=KCTC 4324T) and PAK95 (=MCCC 4K00231=[[CGMCC 1.62791]]=KCTC 4376) represent a novel genus and species wi...				0	0	1									0	
22	00022-41369690-abstract.txt	41369690	strains	strain	AUTO:KCTC%204376	KCTC 4376	1942:1951	...CTC 4324T) and PAK95 (=MCCC 4K00231=CGMCC 1.62791=[[KCTC 4376]]) represent a novel genus and species within the f...				0	0	1									0	
23	00023-41182829-abstract.txt	41182829	study_taxa	taxon_candidate	AUTO:Pasteurella%20multocida%20subsp.%20septica	Pasteurella multocida subsp. septica	240:276	...hree representative strains to the type strain of [[Pasteurella multocida subsp. septica]] with 95.82%. The highest digital DNA-DNA hybridiz...				0	1	0				NCBITaxon:115545	NCBITaxon:115545	Pasteurella multocida subsp. septica	biolink:OrganismTaxon	name	54	out:biolink:subclass_of:NCBITaxon:747|out:METPO:2000517:mediadive.medium:693|out:biolink:has_phenotype:METPO:1000604|out:biolink:has_phenotype:METPO:1000602|out:biolink:has_phenotype:METPO:1000432
23	00023-41182829-abstract.txt	41182829	study_taxa	taxon_candidate	AUTO:Haemophilus%20felis	Haemophilus felis	401:418	...whole-genome sequence of strain 22721-9-1T was to [[Haemophilus felis]] with 25.0%. The highest average nucleotide identi...				0	1	0				NCBITaxon:123822	NCBITaxon:123822	[Haemophilus] felis	biolink:OrganismTaxon	synonym	27	out:biolink:subclass_of:NCBITaxon:1524964|out:METPO:2000517:mediadive.medium:804|out:biolink:has_phenotype:METPO:1000699|out:biolink:has_phenotype:METPO:1000604|out:biolink:has_phenotype:METPO:1000432
23	00023-41182829-abstract.txt	41182829	study_taxa	taxon_candidate	AUTO:Lonepinella%20koalarum	Lonepinella koalarum	794:814	...ew genus, since the highest identity was found to [[Lonepinella koalarum]] with 83%, well below the upper threshold among ge...				0	1	0				NCBITaxon:53417	NCBITaxon:53417	Lonepinella koalarum	biolink:OrganismTaxon	name	18	out:biolink:subclass_of:NCBITaxon:53416|out:METPO:2000517:mediadive.medium:429|out:METPO:2000517:mediadive.medium:693|out:biolink:has_phenotype:METPO:1000699|out:biolink:has_phenotype:METPO:1000604
23	00023-41182829-abstract.txt	41182829	study_taxa	taxon_candidate	AUTO:Reella%20acinonychis	Reella acinonychis	907:925	...mong genera of 91%. A new genus with one species, [[Reella acinonychis]], is proposed. Production of indole and acid from ...				0	1	0									0	
23	00023-41182829-abstract.txt	41182829	strains	strain	AUTO:22721-9-1T	22721-9-1T	383:393; 481:491; 1371:1381	...redicted from the whole-genome sequence of strain [[22721-9-1T]] was to Haemophilus felis with 25.0%. The highest ...; ...The highest average nucleotide identity of strain [[22721-9-1T]] was also to H. felis with 74.36%, confirming a se...; ...dentification. The G+C content of the type strain [[22721-9-1T]] (=DSM 118580T=CCUG 77953T) is 38.53 mol%, calcula...				0	0	1									0	
23	00023-41182829-abstract.txt	41182829	chemical_utilization_object	chemical	AUTO:indole	indole	954:960	...s, [[Reella acinonychis]], is proposed. Production of [[indole]] and acid from sucrose and dulcitol separate the g...	AUTO:Reella%20acinonychis	Reella acinonychis	produces	1	0	0	METPO:2000202	produces	label	CHEBI:35581	CHEBI:35581|CHEBI:16881	indole	biolink:ChemicalEntity|biolink:SmallMolecule	name	18915	out:biolink:subclass_of:CHEBI:24828|out:biolink:subclass_of:CHEBI:35570|out:biolink:subclass_of:CHEBI:52362|out:biolink:related_to:CHEBI:77746|in:METPO:2000222:kgmicrobe.strain:bacdive_1006
23	00023-41182829-abstract.txt	41182829	chemical_utilization_object	chemical	AUTO:acid	acid	965:969	...cinonychis, is proposed. Production of indole and [[acid]] from sucrose and dulcitol separate the genus from...	AUTO:Reella%20acinonychis	Reella acinonychis	produces	1	0	0	METPO:2000202	produces	label	CHEBI:37527	CHEBI:37527	acid	biolink:ChemicalSubstance|biolink:SmallMolecule	name	3	out:biolink:subclass_of:CHEBI:51086|in:biolink:subclass_of:CHEBI:39141|in:biolink:subclass_of:CHEBI:39143
23	00023-41182829-abstract.txt	41182829	strains	strain	AUTO:DSM%20118580T	DSM 118580T	1384:1395	.... The G+C content of the type strain 22721-9-1T (=[[DSM 118580T]]=CCUG 77953T) is 38.53 mol%, calculated from the w...				0	0	1									0	
23	00023-41182829-abstract.txt	41182829	strains	strain	AUTO:CCUG%2077953T	CCUG 77953T	1396:1407	...ntent of the type strain 22721-9-1T (=DSM 118580T=[[CCUG 77953T]]) is 38.53 mol%, calculated from the whole genome....				0	0	1									0	
24	00024-41313628-abstract.txt	41313628	study_taxa	taxon_candidate	AUTO:Methanosuratincola%20petrocarbonis	Methanosuratincola petrocarbonis	1091:1123	...these findings, a new species within a new genus, [[Methanosuratincola petrocarbonis]] gen. nov., sp. nov., is proposed for LWZ-6T (=CCA...				0	1	0				NCBITaxon:3448697	NCBITaxon:3448697	Methanosuratincola petrocarbonis	biolink:OrganismTaxon	name	1	out:biolink:subclass_of:NCBITaxon:3415501
24	00024-41313628-abstract.txt	41313628	study_taxa	taxon_candidate	AUTO:Methanosuratincolaceae	Methanosuratincolaceae	1313:1335	...date class 'Ca. Methanomethylicia' represented by [[Methanosuratincolaceae]] fam. nov. and Methanosuratincolales ord. nov. wit...				0	1	0				NCBITaxon:3415500	NCBITaxon:3415500	Methanosuratincolaceae	biolink:OrganismTaxon	name	4	out:biolink:subclass_of:NCBITaxon:3415499|in:biolink:subclass_of:NCBITaxon:3415501|in:biolink:subclass_of:NCBITaxon:3415502|in:biolink:subclass_of:NCBITaxon:3415503
24	00024-41313628-abstract.txt	41313628	study_taxa	taxon_candidate	AUTO:Methanosuratincolales	Methanosuratincolales	1350:1371	"...presented by Methanosuratincolaceae fam. nov. and [[Methanosuratincolales]] ord. nov. within the phylum Thermoproteota.
"				0	1	0				NCBITaxon:3415499	NCBITaxon:3415499	Methanosuratincolales	biolink:OrganismTaxon	name	3	in:biolink:subclass_of:NCBITaxon:2758715|out:biolink:subclass_of:NCBITaxon:3415498|in:biolink:subclass_of:NCBITaxon:3415500
24	00024-41313628-abstract.txt	41313628	study_taxa	taxon_candidate	AUTO:Methanosuratincolia	Methanosuratincolia	1222:1241	...AM 1872T=JCM 39528T). In addition, we propose the [[Methanosuratincolia]] class. nov. for candidate class 'Ca. Methanomethy...				0	1	0				NCBITaxon:3415498	NCBITaxon:3415498	Methanosuratincolia	biolink:OrganismTaxon	name	4	in:biolink:subclass_of:NCBITaxon:1915414|in:biolink:subclass_of:NCBITaxon:2268149|out:biolink:subclass_of:NCBITaxon:28889|in:biolink:subclass_of:NCBITaxon:3415499
24	00024-41313628-abstract.txt	41313628	study_taxa	taxon_candidate	AUTO:%27Candidatus%20Methanomethylicia%27	'Candidatus Methanomethylicia'	960:990	...hat strain LWZ-6T belonged to the candidate class [['Candidatus Methanomethylicia']], which lacks cultivated representatives. Based on...				0	1	0									0	
24	00024-41313628-abstract.txt	41313628	study_taxa	taxon_candidate	AUTO:Infirmifilum%20lucidum	Infirmifilum lucidum	752:772	...hared 83.54% 16S rRNA gene sequence identity with [[Infirmifilum lucidum]] strain 3507LTT in the class Thermoprotei. Phyloge...				0	1	0				NCBITaxon:2776706	NCBITaxon:2776706	Infirmifilum lucidum	biolink:OrganismTaxon	name	4	in:biolink:subclass_of:kgmicrobe.strain:KCTC-15797|in:biolink:subclass_of:kgmicrobe.strain:VKM-B-3376|in:biolink:subclass_of:kgmicrobe.strain:bacdive_176392|out:biolink:subclass_of:NCBITaxon:2856573
24	00024-41313628-abstract.txt	41313628	strains	strain	AUTO:LWZ-6T	LWZ-6T	57:63; 133:139; 448:454; 520:526; 694:700; 921:927; 1161:1167	...robic, thermophilic methanogen, designated strain [[LWZ-6T]], was isolated from the Shengli oil field, China. ...; ...the Shengli oil field, China. The cells of strain [[LWZ-6T]] were non-motile cocci, with a diameter of 0.5-1.0...; ...d glucose were not used as energy sources. Strain [[LWZ-6T]] required yeast extract, acetate or CO2 as carbon ...; ...extract, acetate or CO2 as carbon sources. Strain [[LWZ-6T]] grew at 35-65 °C (optimum 55 °C), pH 5.0-8.0 (opt...; ...1.54 Mbp with a G+C content of 54.42 mol%. Strain [[LWZ-6T]] shared 83.54% 16S rRNA gene sequence identity wit...; ...with phylogenomic analysis, indicated that strain [[LWZ-6T]] belonged to the candidate class 'Candidatus Metha...; ...etrocarbonis gen. nov., sp. nov., is proposed for [[LWZ-6T]] (=CCAM 1872T=JCM 39528T). In addition, we propose...				0	0	1									0	
24	00024-41313628-abstract.txt	41313628	strains	strain	AUTO:3507LTT	3507LTT	780:787	...equence identity with Infirmifilum lucidum strain [[3507LTT]] in the class Thermoprotei. Phylogenetic analysis ...				0	0	1									0	
24	00024-41313628-abstract.txt	41313628	strains	strain	AUTO:CCAM%201872T	CCAM 1872T	1170:1180	...nis gen. nov., sp. nov., is proposed for LWZ-6T (=[[CCAM 1872T]]=JCM 39528T). In addition, we propose the Methanos...				0	0	1									0	
24	00024-41313628-abstract.txt	41313628	strains	strain	AUTO:JCM%2039528T	JCM 39528T	1181:1191	...v., sp. nov., is proposed for LWZ-6T (=CCAM 1872T=[[JCM 39528T]]). In addition, we propose the Methanosuratincolia...				0	0	1									0	
24	00024-41313628-abstract.txt	41313628	chemical_utilization_object	chemical	AUTO:methanol	methanol	230:238	...f 0.5-1.0 µm, and formed aggregates. They reduced [[methanol]] and monomethylamine into methane, using H2 as an ...	AUTO:LWZ-6T	LWZ-6T	reduces	1	0	0	METPO:2000017	reduces	label	CHEBI:17790	CHEBI:17790	methanol	biolink:ChemicalEntity|biolink:ChemicalSubstance|biolink:SmallMolecule	name	629	out:biolink:subclass_of:CHEBI:134179|out:biolink:subclass_of:CHEBI:15734|out:biolink:subclass_of:CHEBI:50584|out:biolink:subclass_of:CHEBI:64708|out:biolink:related_to:CHEBI:131604
24	00024-41313628-abstract.txt	41313628	chemical_utilization_object	chemical	AUTO:monomethylamine	monomethylamine	243:258	... and formed aggregates. They reduced methanol and [[monomethylamine]] into methane, using H2 as an electron donor. Dime...	AUTO:LWZ-6T	LWZ-6T	reduces	1	0	0	METPO:2000017	reduces	label	CHEBI:16830	CHEBI:16830	methylamine	biolink:ChemicalEntity|biolink:SmallMolecule	synonym	79	out:biolink:subclass_of:CHEBI:17062|out:biolink:subclass_of:CHEBI:25274|out:biolink:subclass_of:CHEBI:64708|out:biolink:related_to:CHEBI:75771|out:biolink:has_chemical_role:CHEBI:75771
24	00024-41313628-abstract.txt	41313628	chemical_utilization_object	chemical	AUTO:H2	H2	279:281; 352:354	... methanol and monomethylamine into methane, using [[H2]] as an electron donor. Dimethylamine, trimethylami...; .... Dimethylamine, trimethylamine and methanethiol, [[H2]]/CO2, formate, acetate, pyruvate, lactate and gluc...	AUTO:LWZ-6T	LWZ-6T	uses_as_electron_donor	1	0	0	METPO:2000009	uses as electron donor	label	CHEBI:18276	CHEBI:18276	dihydrogen	biolink:ChemicalEntity|biolink:ChemicalSubstance|biolink:SmallMolecule	synonym	275	out:biolink:subclass_of:CHEBI:138675|out:biolink:subclass_of:CHEBI:25362|out:biolink:subclass_of:CHEBI:33260|out:biolink:related_to:CHEBI:15022|out:biolink:has_chemical_role:CHEBI:15022
24	00024-41313628-abstract.txt	41313628	chemical_utilization_object	chemical	AUTO:dimethylamine	dimethylamine	304:317	...mine into methane, using H2 as an electron donor. [[Dimethylamine]], trimethylamine and methanethiol, H2/CO2, formate...	AUTO:LWZ-6T	LWZ-6T	does_not_use_for_growth	1	0	0	METPO:2000038	does not use for growth	label	CHEBI:17170	CHEBI:17170|CHEBI:58040	dimethylamine	biolink:ChemicalEntity|biolink:SmallMolecule	name	54	out:biolink:subclass_of:CHEBI:25274|out:biolink:subclass_of:CHEBI:50981|out:biolink:related_to:CHEBI:25212|out:biolink:has_chemical_role:CHEBI:25212|out:biolink:related_to:CHEBI:58040
24	00024-41313628-abstract.txt	41313628	chemical_utilization_object	chemical	AUTO:trimethylamine	trimethylamine	319:333	...ne, using H2 as an electron donor. Dimethylamine, [[trimethylamine]] and methanethiol, H2/CO2, formate, acetate, pyruv...	AUTO:LWZ-6T	LWZ-6T	does_not_use_for_growth	1	0	0	METPO:2000038	does not use for growth	label	CHEBI:18139	CHEBI:18139|mediadive.ingredient:1975|CHEBI:58389	trimethylamine	biolink:ChemicalEntity|biolink:ChemicalSubstance|biolink:SmallMolecule	name	66	in:biolink:related_to:CHEBI:15724|out:biolink:subclass_of:CHEBI:25274|out:biolink:subclass_of:CHEBI:32876|out:biolink:related_to:CHEBI:76967|out:biolink:has_chemical_role:CHEBI:76967
24	00024-41313628-abstract.txt	41313628	chemical_utilization_object	chemical	AUTO:methanethiol	methanethiol	338:350	...electron donor. Dimethylamine, trimethylamine and [[methanethiol]], H2/CO2, formate, acetate, pyruvate, lactate and ...	AUTO:LWZ-6T	LWZ-6T	does_not_use_for_growth	1	0	0	METPO:2000038	does not use for growth	label	CHEBI:16007	CHEBI:16007	methanethiol	biolink:SmallMolecule	name	73	out:biolink:subclass_of:CHEBI:47908|out:biolink:related_to:CHEBI:75772|out:biolink:related_to:CHEBI:77746|in:biolink:related_to:CHEBI:48563|in:biolink:related_to:CHEBI:74357
24	00024-41313628-abstract.txt	41313628	chemical_utilization_object	chemical	AUTO:H2/CO2	H2/CO2	352:358	.... Dimethylamine, trimethylamine and methanethiol, [[H2/CO2]], formate, acetate, pyruvate, lactate and glucose ...	AUTO:LWZ-6T	LWZ-6T	does_not_use_for_growth	1	0	0	METPO:2000038	does not use for growth	label						0	
24	00024-41313628-abstract.txt	41313628	chemical_utilization_object	chemical	AUTO:formate	formate	360:367	...ylamine, trimethylamine and methanethiol, H2/CO2, [[formate]], acetate, pyruvate, lactate and glucose were not ...	AUTO:LWZ-6T	LWZ-6T	does_not_use_for_growth	1	0	0	METPO:2000038	does not use for growth	label	CHEBI:15740	CHEBI:15740|CHEBI:52343	formate	biolink:ChemicalEntity|biolink:SmallMolecule	name	1250	out:biolink:subclass_of:CHEBI:35757|out:biolink:related_to:CHEBI:75772|out:biolink:related_to:CHEBI:77746|out:biolink:related_to:CHEBI:30751|in:biolink:related_to:CHEBI:62965
24	00024-41313628-abstract.txt	41313628	chemical_utilization_object	chemical	AUTO:acetate	acetate	369:376; 479:486	...trimethylamine and methanethiol, H2/CO2, formate, [[acetate]], pyruvate, lactate and glucose were not used as e...; ...gy sources. Strain [[LWZ-6T]] required yeast extract, [[acetate]] or CO2 as carbon sources. Strain [[LWZ-6T]] grew at 3...	AUTO:LWZ-6T	LWZ-6T	uses_as_carbon_source	1	0	0	METPO:2000006	uses as carbon source	label	CHEBI:30089	CHEBI:30089|mediadive.ingredient:1861|CHEBI:47622	acetate	biolink:ChemicalEntity|biolink:SmallMolecule	name	3823	in:biolink:related_to:CHEBI:18172|in:biolink:related_to:CHEBI:18401|in:biolink:related_to:CHEBI:25147|in:biolink:related_to:CHEBI:29805|out:biolink:subclass_of:CHEBI:35757
24	00024-41313628-abstract.txt	41313628	chemical_utilization_object	chemical	AUTO:acetate	acetate	369:376; 479:486	...trimethylamine and methanethiol, H2/CO2, formate, [[acetate]], pyruvate, lactate and glucose were not used as e...; ...gy sources. Strain [[LWZ-6T]] required yeast extract, [[acetate]] or CO2 as carbon sources. Strain [[LWZ-6T]] grew at 3...	AUTO:LWZ-6T	LWZ-6T	requires_for_growth	1	0	0	METPO:2000018	requires for growth	label	CHEBI:30089	CHEBI:30089|mediadive.ingredient:1861|CHEBI:47622	acetate	biolink:ChemicalEntity|biolink:SmallMolecule	name	3823	in:biolink:related_to:CHEBI:18172|in:biolink:related_to:CHEBI:18401|in:biolink:related_to:CHEBI:25147|in:biolink:related_to:CHEBI:29805|out:biolink:subclass_of:CHEBI:35757
24	00024-41313628-abstract.txt	41313628	chemical_utilization_object	chemical	AUTO:pyruvate	pyruvate	378:386	...amine and methanethiol, H2/CO2, formate, acetate, [[pyruvate]], lactate and glucose were not used as energy sour...	AUTO:LWZ-6T	LWZ-6T	does_not_use_for_growth	1	0	0	METPO:2000038	does not use for growth	label	CHEBI:15361	CHEBI:15361	pyruvate	biolink:ChemicalEntity|biolink:SmallMolecule	name	2707	out:biolink:subclass_of:CHEBI:35179|out:biolink:related_to:CHEBI:23357|out:biolink:has_chemical_role:CHEBI:23357|out:biolink:related_to:CHEBI:78675|out:biolink:has_chemical_role:CHEBI:78675
24	00024-41313628-abstract.txt	41313628	chemical_utilization_object	chemical	AUTO:lactate	lactate	388:395	...methanethiol, H2/CO2, formate, acetate, pyruvate, [[lactate]] and glucose were not used as energy sources. Stra...	AUTO:LWZ-6T	LWZ-6T	does_not_use_for_growth	1	0	0	METPO:2000038	does not use for growth	label	CHEBI:24996	CHEBI:24996|mediadive.ingredient:1385	lactate	biolink:ChemicalEntity|biolink:SmallMolecule	name	2262	in:biolink:subclass_of:CHEBI:16004|in:biolink:subclass_of:CHEBI:16651|out:biolink:subclass_of:CHEBI:36059|out:biolink:related_to:CHEBI:76971|out:biolink:has_chemical_role:CHEBI:76971
24	00024-41313628-abstract.txt	41313628	chemical_utilization_object	chemical	AUTO:glucose	glucose	400:407	..., H2/CO2, formate, acetate, pyruvate, lactate and [[glucose]] were not used as energy sources. Strain [[LWZ-6T]] re...	AUTO:LWZ-6T	LWZ-6T	does_not_use_for_growth	1	0	0	METPO:2000038	does not use for growth	label	CHEBI:17234	CHEBI:17234|CHEBI:42758|CHEBI:4167	glucose	biolink:ChemicalEntity|biolink:SmallMolecule	name	27450	out:biolink:subclass_of:CHEBI:33917|out:biolink:related_to:CHEBI:78675|out:biolink:has_chemical_role:CHEBI:78675|in:biolink:subclass_of:CHEBI:17634|in:METPO:2000006:NCBITaxon:1002795
24	00024-41313628-abstract.txt	41313628	chemical_utilization_object	chemical	AUTO:yeast%20extract	yeast extract	464:477	...ot used as energy sources. Strain [[LWZ-6T]] required [[yeast extract]], acetate or CO2 as carbon sources. Strain [[LWZ-6T]] ...	AUTO:LWZ-6T	LWZ-6T	requires_for_growth	1	0	0	METPO:2000018	requires for growth	label	CAS-RN:8013-01-2	CAS-RN:8013-01-2	Yeast extract	biolink:ChemicalEntity	name	2656	in:biolink:has_part:mediadive.solution:100|in:biolink:has_part:mediadive.solution:1004|in:biolink:has_part:mediadive.solution:1005|in:biolink:has_part:mediadive.solution:101|in:biolink:has_part:mediadive.solution:1025
24	00024-41313628-abstract.txt	41313628	chemical_utilization_object	chemical	AUTO:CO2	CO2	355:358; 490:493	...imethylamine, trimethylamine and methanethiol, H2/[[CO2]], formate, acetate, pyruvate, lactate and glucose ...; ... Strain [[LWZ-6T]] required yeast extract, acetate or [[CO2]] as carbon sources. Strain [[LWZ-6T]] grew at 35-65 °C...	AUTO:LWZ-6T	LWZ-6T	requires_for_growth	1	0	0	METPO:2000018	requires for growth	label	CHEBI:16526	CHEBI:16526	carbon dioxide	biolink:ChemicalEntity|biolink:ChemicalSubstance|biolink:SmallMolecule	synonym	4406	out:biolink:subclass_of:CHEBI:138675|out:biolink:subclass_of:CHEBI:23014|out:biolink:subclass_of:CHEBI:64708|out:biolink:related_to:CHEBI:35620|out:biolink:has_chemical_role:CHEBI:35620
25	00025-41236790-abstract.txt	41236790	study_taxa	taxon_candidate	AUTO:Methylobacterium%20synurae	Methylobacterium synurae	1722:1746	...of the genus Methylobacterium, for which the name [[Methylobacterium synurae]] sp. nov. is proposed. The type strain is SyP6RT (...				0	1	0									0	
25	00025-41236790-abstract.txt	41236790	study_taxa	taxon_candidate	AUTO:Methylobacterium%20platani	Methylobacterium platani	503:527	...thylobacterium, showing the highest similarity to [[Methylobacterium platani]] PMB02T (98.9%). Genomic G+C content was 69.6 mol%...				0	1	0				NCBITaxon:427683	NCBITaxon:427683	Methylobacterium platani	biolink:OrganismTaxon	name	21	in:biolink:subclass_of:NCBITaxon:1295136|out:biolink:subclass_of:NCBITaxon:407|out:METPO:2000006:CHEBI:24996|out:METPO:2000006:CHEBI:26986|out:METPO:2000006:CHEBI:28757
25	00025-41236790-abstract.txt	41236790	strains	strain	AUTO:SyP6RT	SyP6RT	74:80; 392:398; 853:859; 1045:1051; 1163:1169; 1638:1644; 1788:1794	"...trictly aerobic and motile rod, designated strain [[SyP6RT]], was isolated from the freshwater alga Synura pet...; ... the 16S rRNA gene sequence indicated that strain [[SyP6RT]] formed a distinct phyletic lineage within the gen...; ...e species delineation thresholds. Notably, strain [[SyP6RT]] possesses biosynthetic genes for B vitamins, incl...; ...ical role as a vitamin-supplying symbiont. Strain [[SyP6RT]] was oxidase-positive and catalase-negative, growi...; ... at 30 °C and pH 7.0 and 0.25% (w/v) NaCl. Strain [[SyP6RT]] possessed ubiquinone-10 as the sole respiratory q...; ... aminolipid. Based on polyphasic evidence, strain [[SyP6RT]] represents a novel species of the genus Methyloba...; ... synurae sp. nov. is proposed. The type strain is [[SyP6RT]] (=KACC 19923T=JCM 33308T).
"				0	0	1									0	
25	00025-41236790-abstract.txt	41236790	strains	strain	AUTO:PMB02T	PMB02T	528:534	...he highest similarity to Methylobacterium platani [[PMB02T]] (98.9%). Genomic G+C content was 69.6 mol%, and p...				0	0	1									0	
25	00025-41236790-abstract.txt	41236790	strains	strain	AUTO:KACC%2019923T	KACC 19923T	1797:1808	"...sp. nov. is proposed. The type strain is SyP6RT (=[[KACC 19923T]]=JCM 33308T).
"				0	0	1									0	
25	00025-41236790-abstract.txt	41236790	strains	strain	AUTO:JCM%2033308T	JCM 33308T	1809:1819	"...proposed. The type strain is SyP6RT (=KACC 19923T=[[JCM 33308T]]).
"				0	0	1									0	
25	00025-41236790-abstract.txt	41236790	chemical_utilization_object	chemical	AUTO:thiamine	thiamine	915:923	...sses biosynthetic genes for B vitamins, including [[thiamine]], riboflavin, pantothenate and folate, highlightin...	AUTO:SyP6RT	SyP6RT	produces	1	0	0	METPO:2000202	produces	label	CHEBI:26948	CHEBI:26948|CHEBI:18385|CHEBI:33283	thiamine	biolink:ChemicalEntity|biolink:SmallMolecule	name	59	out:biolink:subclass_of:CHEBI:38338|out:biolink:subclass_of:CHEBI:63048|out:biolink:subclass_of:CHEBI:75769|in:METPO:2000012:kgmicrobe.strain:bacdive_167386|in:METPO:2000002:kgmicrobe.strain:bacdive_168411
25	00025-41236790-abstract.txt	41236790	chemical_utilization_object	chemical	AUTO:riboflavin	riboflavin	925:935	...nthetic genes for B vitamins, including thiamine, [[riboflavin]], pantothenate and folate, highlighting its potent...	AUTO:SyP6RT	SyP6RT	produces	1	0	0	METPO:2000202	produces	label	CHEBI:17015	CHEBI:17015|CHEBI:57986	riboflavin	biolink:ChemicalEntity|biolink:SmallMolecule	name	295	out:biolink:subclass_of:CHEBI:176838|out:biolink:subclass_of:CHEBI:30527|out:biolink:related_to:CHEBI:22586|out:biolink:has_chemical_role:CHEBI:22586|out:biolink:related_to:CHEBI:23357
25	00025-41236790-abstract.txt	41236790	chemical_utilization_object	chemical	AUTO:pantothenate	pantothenate	937:949	...s for B vitamins, including thiamine, riboflavin, [[pantothenate]] and folate, highlighting its potential ecological...	AUTO:SyP6RT	SyP6RT	produces	1	0	0	METPO:2000202	produces	label	CHEBI:16454	CHEBI:16454|mediadive.ingredient:448|CHEBI:29032	pantothenate	biolink:ChemicalSubstance|biolink:SmallMolecule	name	6	out:biolink:subclass_of:CHEBI:35757|out:biolink:related_to:CHEBI:84735|out:biolink:related_to:CHEBI:7916|in:biolink:subclass_of:CHEBI:29032|in:biolink:related_to:CHEBI:7916
25	00025-41236790-abstract.txt	41236790	chemical_utilization_object	chemical	AUTO:folate	folate	954:960	... including thiamine, riboflavin, pantothenate and [[folate]], highlighting its potential ecological role as a ...	AUTO:SyP6RT	SyP6RT	produces	1	0	0	METPO:2000202	produces	label	CHEBI:62501	CHEBI:62501|CHEBI:27470|CHEBI:37445|CHEBI:67011	folate	biolink:ChemicalEntity|biolink:SmallMolecule	name	27	out:biolink:subclass_of:CHEBI:28965|out:biolink:subclass_of:CHEBI:67011|out:biolink:related_to:CHEBI:75772|out:biolink:related_to:CHEBI:27470|in:METPO:2000045:kgmicrobe.strain:bacdive_1757
25	00025-41236790-abstract.txt	41236790	chemical_utilization_object	chemical	AUTO:NaCl	NaCl	1150:1154	...ing optimally at 30 °C and pH 7.0 and 0.25% (w/v) [[NaCl]]. Strain [[SyP6RT]] possessed ubiquinone-10 as the sol...	AUTO:SyP6RT	SyP6RT	tolerates	1	0	0	METPO:2000064	tolerates	label	CHEBI:26710	CHEBI:26710	1% sodium chloride	biolink:ChemicalEntity|biolink:ChemicalSubstance|biolink:SmallMolecule	synonym	2636	out:biolink:subclass_of:CHEBI:36093|out:biolink:subclass_of:CHEBI:38702|out:biolink:related_to:CHEBI:149552|out:biolink:has_chemical_role:CHEBI:149552|out:biolink:related_to:CHEBI:228364
25	00025-41236790-abstract.txt	41236790	chemical_utilization_object	chemical	AUTO:oxygen	oxygen			AUTO:SyP6RT	SyP6RT	requires_for_growth	1	0	0	METPO:2000018	requires for growth	label	CHEBI:15379	CHEBI:15379|CHEBI:25805	dioxygen	biolink:ChemicalEntity|biolink:ChemicalSubstance|biolink:SmallMolecule	synonym	11447	out:biolink:subclass_of:CHEBI:138675|out:biolink:subclass_of:CHEBI:25362|out:biolink:subclass_of:CHEBI:33263|out:biolink:related_to:CHEBI:27027|out:biolink:related_to:CHEBI:33284
26	00026-41263815-abstract.txt	41263815	study_taxa	taxon_candidate	AUTO:Puribacter%20membranae	Puribacter membranae	1235:1255	...hese strains represent a novel genus and species, [[Puribacter membranae]] gen. nov., sp. nov. (type strain HTMS3T=NBRC 1173...				0	1	0									0	
26	00026-41263815-abstract.txt	41263815	strains	strain	AUTO:HTMS2	HTMS2	74:79	...e, non-spore-forming, non-motile rods, designated [[HTMS2]] and HTMS3T, were isolated from a biofilm on the m...				0	0	1									0	
26	00026-41263815-abstract.txt	41263815	strains	strain	AUTO:HTMS3T	HTMS3T	84:90; 1289:1295	"...re-forming, non-motile rods, designated HTMS2 and [[HTMS3T]], were isolated from a biofilm on the membrane of ...; ...bacter membranae gen. nov., sp. nov. (type strain [[HTMS3T]]=NBRC 117344T=LMG 34133T).
"				0	0	1									0	
26	00026-41263815-abstract.txt	41263815	chemical_utilization_object	chemical	AUTO:nitrate	nitrate	813:820	...rains are catalase- and oxidase-positive, reduced [[nitrate]] and utilized various carbohydrates but not N-acet...	AUTO:HTMS2	HTMS2	reduces	1	0	0	METPO:2000017	reduces	label	CHEBI:17632	CHEBI:17632	nitrate	biolink:ChemicalEntity|biolink:ChemicalSubstance|biolink:SmallMolecule	name	25573	out:biolink:subclass_of:CHEBI:33458|out:biolink:subclass_of:CHEBI:62764|out:biolink:subclass_of:CHEBI:79389|out:biolink:related_to:CHEBI:48107|in:METPO:2000019:kgmicrobe.strain:bacdive_1006
26	00026-41263815-abstract.txt	41263815	chemical_utilization_object	chemical	AUTO:nitrate	nitrate	813:820	...rains are catalase- and oxidase-positive, reduced [[nitrate]] and utilized various carbohydrates but not N-acet...	AUTO:HTMS3T	HTMS3T	reduces	1	0	0	METPO:2000017	reduces	label	CHEBI:17632	CHEBI:17632	nitrate	biolink:ChemicalEntity|biolink:ChemicalSubstance|biolink:SmallMolecule	name	25573	out:biolink:subclass_of:CHEBI:33458|out:biolink:subclass_of:CHEBI:62764|out:biolink:subclass_of:CHEBI:79389|out:biolink:related_to:CHEBI:48107|in:METPO:2000019:kgmicrobe.strain:bacdive_1006
26	00026-41263815-abstract.txt	41263815	chemical_utilization_object	chemical	AUTO:various%20carbohydrates	various carbohydrates	834:855	...nd oxidase-positive, reduced nitrate and utilized [[various carbohydrates]] but not N-acetyl-glucosamine; they differed in so...	AUTO:HTMS2	HTMS2	uses_for_growth	1	0	0	METPO:2000012	uses for growth	label						0	
26	00026-41263815-abstract.txt	41263815	chemical_utilization_object	chemical	AUTO:various%20carbohydrates	various carbohydrates	834:855	...nd oxidase-positive, reduced nitrate and utilized [[various carbohydrates]] but not N-acetyl-glucosamine; they differed in so...	AUTO:HTMS3T	HTMS3T	uses_for_growth	1	0	0	METPO:2000012	uses for growth	label						0	
26	00026-41263815-abstract.txt	41263815	chemical_utilization_object	chemical	AUTO:N-acetyl-glucosamine	N-acetyl-glucosamine	864:884	...itrate and utilized various carbohydrates but not [[N-acetyl-glucosamine]]; they differed in sorbitol assimilation. The majo...	AUTO:HTMS2	HTMS2	does_not_use_for_growth	1	0	0	METPO:2000038	does not use for growth	label						0	
26	00026-41263815-abstract.txt	41263815	chemical_utilization_object	chemical	AUTO:N-acetyl-glucosamine	N-acetyl-glucosamine	864:884	...itrate and utilized various carbohydrates but not [[N-acetyl-glucosamine]]; they differed in sorbitol assimilation. The majo...	AUTO:HTMS3T	HTMS3T	does_not_use_for_growth	1	0	0	METPO:2000038	does not use for growth	label						0	
26	00026-41263815-abstract.txt	41263815	chemical_utilization_object	chemical	AUTO:sorbitol	sorbitol	903:911	...es but not N-acetyl-glucosamine; they differed in [[sorbitol]] assimilation. The major respiratory quinone is Q-...	AUTO:HTMS2	HTMS2	ferments	1	0	0	METPO:2000011	ferments	label	CHEBI:30911	CHEBI:30911	sorbitol	biolink:ChemicalEntity|biolink:SmallMolecule	name	8801	in:biolink:subclass_of:CHEBI:17924|out:biolink:subclass_of:CHEBI:24583|out:biolink:related_to:CHEBI:76924|out:biolink:has_chemical_role:CHEBI:76924|in:METPO:2000006:NCBITaxon:338077
26	00026-41263815-abstract.txt	41263815	chemical_utilization_object	chemical	AUTO:sorbitol	sorbitol	903:911	...es but not N-acetyl-glucosamine; they differed in [[sorbitol]] assimilation. The major respiratory quinone is Q-...	AUTO:HTMS3T	HTMS3T	does_not_use_for_growth	1	0	0	METPO:2000038	does not use for growth	label	CHEBI:30911	CHEBI:30911	sorbitol	biolink:ChemicalEntity|biolink:SmallMolecule	name	8801	in:biolink:subclass_of:CHEBI:17924|out:biolink:subclass_of:CHEBI:24583|out:biolink:related_to:CHEBI:76924|out:biolink:has_chemical_role:CHEBI:76924|in:METPO:2000006:NCBITaxon:338077
27	00027-41237040-abstract.txt	41237040	study_taxa	taxon_candidate	AUTO:Streptococcus%20mobilis	Streptococcus mobilis	1498:1519	...esents a novel species within the genus. The name [[Streptococcus mobilis]] sp. nov. is proposed. The type strain is MT/JULY ...				0	1	0									0	
27	00027-41237040-abstract.txt	41237040	study_taxa	taxon_candidate	AUTO:Streptococcus%20parasanguinis	Streptococcus parasanguinis	965:992	...reptococcus. It forms a monophyletic cluster with [[Streptococcus parasanguinis]] ATCC 15912T in the phylogenetic tree with 94.4% A...				0	1	0				NCBITaxon:1318	NCBITaxon:1318	Streptococcus parasanguinis	biolink:OrganismTaxon	name	80	out:biolink:subclass_of:NCBITaxon:1301|out:biolink:has_phenotype:METPO:1000703|out:biolink:has_phenotype:METPO:1000604|out:biolink:has_phenotype:METPO:1000603|out:biolink:has_phenotype:METPO:1000668
27	00027-41237040-abstract.txt	41237040	strains	strain	AUTO:MT/JULY%202010T	MT/JULY 2010T	130:143; 1430:1443; 1561:1574	...-forming, Gram-positive coccoid bacterium, strain [[MT/JULY 2010T]], was isolated from the stomach of a Helicobacter ...; ...d on the phenotypic and genotypic results, strain [[MT/JULY 2010T]] represents a novel species within the genus. The ...; ... mobilis sp. nov. is proposed. The type strain is [[MT/JULY 2010T]] (=ATCC BAA-2258T=NBRC 107862T=NCBI 948105T=V10/02...				0	0	1									0	
27	00027-41237040-abstract.txt	41237040	strains	strain	AUTO:ATCC%2015912T	ATCC 15912T	993:1004	...phyletic cluster with Streptococcus parasanguinis [[ATCC 15912T]] in the phylogenetic tree with 94.4% ANI. Furtherm...				0	0	1									0	
27	00027-41237040-abstract.txt	41237040	strains	strain	AUTO:ATCC%20BAA-2258T	ATCC BAA-2258T	1577:1591	".... is proposed. The type strain is MT/JULY 2010T (=[[ATCC BAA-2258T]]=NBRC 107862T=NCBI 948105T=V10/022878T).
"				0	0	1									0	
27	00027-41237040-abstract.txt	41237040	strains	strain	AUTO:NBRC%20107862T	NBRC 107862T	1592:1604	"...The type strain is MT/JULY 2010T (=ATCC BAA-2258T=[[NBRC 107862T]]=NCBI 948105T=V10/022878T).
"				0	0	1									0	
27	00027-41237040-abstract.txt	41237040	strains	strain	AUTO:NCBI%20948105T	NCBI 948105T	1605:1617	"...in is MT/JULY 2010T (=ATCC BAA-2258T=NBRC 107862T=[[NCBI 948105T]]=V10/022878T).
"				0	0	1									0	
27	00027-41237040-abstract.txt	41237040	strains	strain	AUTO:V10/022878T	V10/022878T	1618:1629	"... 2010T (=ATCC BAA-2258T=NBRC 107862T=NCBI 948105T=[[V10/022878T]]).
"				0	0	1									0	
28	00028-41182828-abstract.txt	41182828	study_taxa	taxon_candidate	AUTO:Tenacibaculum%20salmonis	Tenacibaculum salmonis	1816:1838	...typic, phylogenetic and genotypic data presented, [[Tenacibaculum salmonis]] sp. nov. is proposed here with type strain P3-BQ1...				0	1	0									0	
28	00028-41182828-abstract.txt	41182828	study_taxa	taxon_candidate	AUTO:Tenacibaculum%20dicentrarchi	Tenacibaculum dicentrarchi	414:440	...enus Tenacibaculum and is most closely related to [[Tenacibaculum dicentrarchi]] 35/09T (98.53%), 'Tenacibaculum pacificus' 18-288...				0	1	0				NCBITaxon:669041	NCBITaxon:669041	Tenacibaculum dicentrarchi	biolink:OrganismTaxon	name	12	out:biolink:subclass_of:NCBITaxon:104267|out:biolink:has_phenotype:METPO:1000706|out:biolink:has_phenotype:METPO:1000667|out:biolink:has_phenotype:METPO:1000699|out:biolink:has_phenotype:METPO:1000606
28	00028-41182828-abstract.txt	41182828	study_taxa	taxon_candidate	AUTO:Tenacibaculum%20pacificus	Tenacibaculum pacificus	459:482	...d to Tenacibaculum dicentrarchi 35/09T (98.53%), '[[Tenacibaculum pacificus]]' 18-2881-A (98.46%), Tenacibaculum aestuariivivum...				0	1	0				NCBITaxon:3018314	NCBITaxon:3018314	Tenacibaculum pacificus	biolink:OrganismTaxon	name	1	out:biolink:subclass_of:NCBITaxon:104267
28	00028-41182828-abstract.txt	41182828	study_taxa	taxon_candidate	AUTO:Tenacibaculum%20aestuariivivum	Tenacibaculum aestuariivivum	504:532	...%), 'Tenacibaculum pacificus' 18-2881-A (98.46%), [[Tenacibaculum aestuariivivum]] JDTF-79T (98.46%), Tenacibaculum finnmarkense TNO...				0	1	0				NCBITaxon:2006131	NCBITaxon:2006131	Tenacibaculum aestuariivivum	biolink:OrganismTaxon	name	4	out:biolink:subclass_of:NCBITaxon:104267|in:biolink:subclass_of:kgmicrobe.strain:KCTC-52980|in:biolink:subclass_of:kgmicrobe.strain:NBRC-112903|in:biolink:subclass_of:kgmicrobe.strain:bacdive_158558
28	00028-41182828-abstract.txt	41182828	study_taxa	taxon_candidate	AUTO:Tenacibaculum%20finnmarkense	Tenacibaculum finnmarkense	552:578	..., Tenacibaculum aestuariivivum JDTF-79T (98.46%), [[Tenacibaculum finnmarkense]] TNO010 (97.85%) and Tenacibaculum piscium TNO20T ...				0	1	0				NCBITaxon:2781243	NCBITaxon:2781243	Tenacibaculum finnmarkense	biolink:OrganismTaxon	name	6	in:biolink:subclass_of:kgmicrobe.strain:CCUG-73831|in:biolink:subclass_of:kgmicrobe.strain:NCIMB-15238|in:biolink:subclass_of:kgmicrobe.strain:bacdive_167330|out:biolink:subclass_of:NCBITaxon:104267|in:biolink:subclass_of:NCBITaxon:1458503
28	00028-41182828-abstract.txt	41182828	study_taxa	taxon_candidate	AUTO:Tenacibaculum%20piscium	Tenacibaculum piscium	599:620	...), Tenacibaculum finnmarkense TNO010 (97.85%) and [[Tenacibaculum piscium]] TNO20T (97.41%). The genome size of strain P3-BQ1...				0	1	0				NCBITaxon:1458515	NCBITaxon:1458515	Tenacibaculum piscium	biolink:OrganismTaxon	name	4	in:biolink:subclass_of:kgmicrobe.strain:CCUG-73833|in:biolink:subclass_of:kgmicrobe.strain:NCIMB-15240|in:biolink:subclass_of:kgmicrobe.strain:bacdive_167290|out:biolink:subclass_of:NCBITaxon:104267
28	00028-41182828-abstract.txt	41182828	strains	strain	AUTO:P3-BQ1T	P3-BQ1T	7:14; 340:347; 664:671; 1166:1173; 1212:1219; 1640:1647; 1882:1889	Strain [[P3-BQ1T]] is a Gram-negative, aerobic, non-spore-forming ba...; ...on 16S rRNA gene sequencing confirmed that strain [[P3-BQ1T]] belongs to the genus Tenacibaculum and is most cl...; ...iscium TNO20T (97.41%). The genome size of strain [[P3-BQ1T]] is 2,777,603 bp, with a DNA G+C content of 29.18 ...; ...stance Calculator values, indicating that strains [[P3-BQ1T]] and 18-2881-A are conspecific. Strain P3-BQ1T con...; ...ins P3-BQ1T and 18-2881-A are conspecific. Strain [[P3-BQ1T]] contains MK-6 as its sole detectable menaquinone....; ...tlantic salmon. Our findings indicate that strain [[P3-BQ1T]] alone does not cause significant mortality, sugge...; ...lmonis sp. nov. is proposed here with type strain [[P3-BQ1T]] (=IMI 507635T=RGM 3581T), being 18-2881-A an addi...				0	0	1									0	
28	00028-41182828-abstract.txt	41182828	strains	strain	AUTO:18-2881-A	18-2881-A	484:493; 954:963; 1178:1187; 1922:1931	"...rarchi 35/09T (98.53%), 'Tenacibaculum pacificus' [[18-2881-A]] (98.46%), Tenacibaculum aestuariivivum JDTF-79T (...; ...87.41 %). In contrast, P3-BQ1ᵀ and 'T. pacificus' [[18-2881-A]] shared a 96.58%, thus exceeding the species thres...; ...lator values, indicating that strains P3-BQ1T and [[18-2881-A]] are conspecific. Strain P3-BQ1T contains MK-6 as ...; ...pe strain P3-BQ1T (=IMI 507635T=RGM 3581T), being [[18-2881-A]] an additional strain.
"				0	0	1									0	
28	00028-41182828-abstract.txt	41182828	strains	strain	AUTO:35/09T	35/09T	441:447; 890:896	...ost closely related to Tenacibaculum dicentrarchi [[35/09T]] (98.53%), 'Tenacibaculum pacificus' 18-2881-A (98...; ... with the closest neighbour being T. dicentrarchi [[35/09T]] (score 87.41 %). In contrast, P3-BQ1ᵀ and 'T. pac...				0	0	1									0	
28	00028-41182828-abstract.txt	41182828	strains	strain	AUTO:JDTF-79T	JDTF-79T	533:541	... 18-2881-A (98.46%), Tenacibaculum aestuariivivum [[JDTF-79T]] (98.46%), Tenacibaculum finnmarkense TNO010 (97.8...				0	0	1									0	
28	00028-41182828-abstract.txt	41182828	strains	strain	AUTO:TNO010	TNO010	579:585	...vum JDTF-79T (98.46%), Tenacibaculum finnmarkense [[TNO010]] (97.85%) and Tenacibaculum piscium TNO20T (97.41%...				0	0	1									0	
28	00028-41182828-abstract.txt	41182828	strains	strain	AUTO:TNO20T	TNO20T	621:627	...arkense TNO010 (97.85%) and Tenacibaculum piscium [[TNO20T]] (97.41%). The genome size of strain P3-BQ1T is 2,...				0	0	1									0	
29	00029-41123960-abstract.txt	41123960	study_taxa	taxon_candidate	AUTO:Carbonicoccus%20zhangzhihongae	Carbonicoccus zhangzhihongae	1798:1826	...us Carbonicoccus gen. nov., with the type species [[Carbonicoccus zhangzhihongae]] sp. nov. (type strain Y1685T=KCTC 59535T=GDMCC 1....				0	1	0									0	
29	00029-41123960-abstract.txt	41123960	study_taxa	taxon_candidate	AUTO:Carbonicoccus%20niuqiaonis	Carbonicoccus niuqiaonis	1887:1911	...type strain Y1685T=KCTC 59535T=GDMCC 1.5547T) and [[Carbonicoccus niuqiaonis]] sp. nov. (type strain Y2011T=KCTC 59536T=GDMCC 1....				0	1	0									0	
29	00029-41123960-abstract.txt	41123960	study_taxa	taxon_candidate	AUTO:Enemella%20dayhoffiae	Enemella dayhoffiae	477:496	...shared the highest similarity (95.12-95.33%) with [[Enemella dayhoffiae]] NML 130396T. Phylogenetic analysis based on 16S r...				0	1	0				NCBITaxon:2016507	NCBITaxon:2016507	Enemella dayhoffiae	biolink:OrganismTaxon	name	4	in:biolink:subclass_of:kgmicrobe.strain:LMG-31621-T|in:biolink:subclass_of:kgmicrobe.strain:NCTC-14393-T|in:biolink:subclass_of:kgmicrobe.strain:bacdive_167500|out:biolink:subclass_of:NCBITaxon:2896773
29	00029-41123960-abstract.txt	41123960	strains	strain	AUTO:Y1685T	Y1685T	395:401; 723:729; 1042:1048; 1093:1099; 1265:1271; 1849:1855	... of 16S rRNA gene sequences revealed that strains [[Y1685T]], Y1700, Y2011T and Y2014 shared the highest simil...; ...a in the family Propionibacteriaceae. The strains [[Y1685T]], Y1700, Y2011T and Y2014 exhibited optimal growth...; ...K-9 (H4) was the sole menaquinone in type strains [[Y1685T]] and Y2011T. The major fatty acids of strain Y1685...; ...1685T and Y2011T. The major fatty acids of strain [[Y1685T]] were iso-C15 : 0, anteiso-C15 : 0 and iso-C16 : 0...; ...d anteiso-C15 : 0. The cell-wall sugars of strain [[Y1685T]] were ribose and rhamnose, and the cell-wall amino...; ...arbonicoccus zhangzhihongae sp. nov. (type strain [[Y1685T]]=KCTC 59535T=GDMCC 1.5547T) and Carbonicoccus niuq...				0	0	1									0	
29	00029-41123960-abstract.txt	41123960	strains	strain	AUTO:Y1700	Y1700	403:408; 731:736	...rRNA gene sequences revealed that strains Y1685T, [[Y1700]], Y2011T and Y2014 shared the highest similarity (...; ... family Propionibacteriaceae. The strains Y1685T, [[Y1700]], Y2011T and Y2014 exhibited optimal growth on bra...				0	0	1									0	
29	00029-41123960-abstract.txt	41123960	strains	strain	AUTO:Y2011T	Y2011T	410:416; 738:744; 1053:1059; 1189:1195; 1413:1419; 1934:1940	"...ne sequences revealed that strains Y1685T, Y1700, [[Y2011T]] and Y2014 shared the highest similarity (95.12-95...; ... Propionibacteriaceae. The strains Y1685T, Y1700, [[Y2011T]] and Y2014 exhibited optimal growth on brain heart...; ...s the sole menaquinone in type strains Y1685T and [[Y2011T]]. The major fatty acids of strain Y1685T were iso-...; ...so-C16 : 0, while the major fatty acids of strain [[Y2011T]] were iso-C15 : 0 and anteiso-C15 : 0. The cell-wa...; ...e and ll-diaminopimelic acid. In contrast, strain [[Y2011T]] contained arabinose, glucose and galactose as cel...; ...nd Carbonicoccus niuqiaonis sp. nov. (type strain [[Y2011T]]=KCTC 59536T=GDMCC 1.5548T).
"				0	0	1									0	
29	00029-41123960-abstract.txt	41123960	strains	strain	AUTO:Y2014	Y2014	421:426; 749:754	...s revealed that strains Y1685T, Y1700, Y2011T and [[Y2014]] shared the highest similarity (95.12-95.33%) with...; ...cteriaceae. The strains Y1685T, Y1700, Y2011T and [[Y2014]] exhibited optimal growth on brain heart infusion ...				0	0	1									0	
29	00029-41123960-abstract.txt	41123960	strains	strain	AUTO:NML%20130396T	NML 130396T	497:508	...imilarity (95.12-95.33%) with Enemella dayhoffiae [[NML 130396T]]. Phylogenetic analysis based on 16S rRNA gene seq...				0	0	1									0	
29	00029-41123960-abstract.txt	41123960	strains	strain	AUTO:KCTC%2059535T	KCTC 59535T	1856:1867	...occus zhangzhihongae sp. nov. (type strain Y1685T=[[KCTC 59535T]]=GDMCC 1.5547T) and Carbonicoccus niuqiaonis sp. n...				0	0	1									0	
29	00029-41123960-abstract.txt	41123960	strains	strain	AUTO:GDMCC%201.5547T	GDMCC 1.5547T	1868:1881	...hihongae sp. nov. (type strain Y1685T=KCTC 59535T=[[GDMCC 1.5547T]]) and Carbonicoccus niuqiaonis sp. nov. (type stra...				0	0	1									0	
29	00029-41123960-abstract.txt	41123960	strains	strain	AUTO:KCTC%2059536T	KCTC 59536T	1941:1952	"...onicoccus niuqiaonis sp. nov. (type strain Y2011T=[[KCTC 59536T]]=GDMCC 1.5548T).
"				0	0	1									0	
29	00029-41123960-abstract.txt	41123960	strains	strain	AUTO:GDMCC%201.5548T	GDMCC 1.5548T	1953:1966	"...uqiaonis sp. nov. (type strain Y2011T=KCTC 59536T=[[GDMCC 1.5548T]]).
"				0	0	1									0	
29	00029-41123960-abstract.txt	41123960	chemical_utilization_object	chemical	AUTO:brain%20heart%20infusion%20agar%20supplemented%20with%205%25%20defibrinated%20sheep%20blood	brain heart infusion agar supplemented with 5% defibrinated sheep blood	783:854	...700, Y2011T and Y2014 exhibited optimal growth on [[brain heart infusion agar supplemented with 5% defibrinated sheep blood]] medium at 30 °C, forming convex, opaque, smooth c...	AUTO:Y1685T	Y1685T	uses_for_growth	1	0	0	METPO:2000012	uses for growth	label						0	
29	00029-41123960-abstract.txt	41123960	chemical_utilization_object	chemical	AUTO:brain%20heart%20infusion%20agar%20supplemented%20with%205%25%20defibrinated%20sheep%20blood	brain heart infusion agar supplemented with 5% defibrinated sheep blood	783:854	...700, Y2011T and Y2014 exhibited optimal growth on [[brain heart infusion agar supplemented with 5% defibrinated sheep blood]] medium at 30 °C, forming convex, opaque, smooth c...	AUTO:Y1700	Y1700	uses_for_growth	1	0	0	METPO:2000012	uses for growth	label						0	
29	00029-41123960-abstract.txt	41123960	chemical_utilization_object	chemical	AUTO:brain%20heart%20infusion%20agar%20supplemented%20with%205%25%20defibrinated%20sheep%20blood	brain heart infusion agar supplemented with 5% defibrinated sheep blood	783:854	...700, [[Y2011T]] and Y2014 exhibited optimal growth on [[brain heart infusion agar supplemented with 5% defibrinated sheep blood]] medium at 30 °C, forming convex, opaque, smooth c...	AUTO:Y2011T	Y2011T	uses_for_growth	1	0	0	METPO:2000012	uses for growth	label						0	
29	00029-41123960-abstract.txt	41123960	chemical_utilization_object	chemical	AUTO:brain%20heart%20infusion%20agar%20supplemented%20with%205%25%20defibrinated%20sheep%20blood	brain heart infusion agar supplemented with 5% defibrinated sheep blood	783:854	...700, Y2011T and [[Y2014]] exhibited optimal growth on [[brain heart infusion agar supplemented with 5% defibrinated sheep blood]] medium at 30 °C, forming convex, opaque, smooth c...	AUTO:Y2014	Y2014	uses_for_growth	1	0	0	METPO:2000012	uses for growth	label						0	
30	00030-41042680-abstract.txt	41042680	study_taxa	taxon_candidate	AUTO:Phyllobacterium%20meliloti	Phyllobacterium meliloti	1891:1915	...rt the description of a new species, and the name [[Phyllobacterium meliloti]] sp. nov. is proposed with T1293T=LMG 32641T=HAMBI...				0	1	0				NCBITaxon:555317	NCBITaxon:555317	Phyllobacterium meliloti	biolink:OrganismTaxon	name	1	out:biolink:subclass_of:NCBITaxon:28100
30	00030-41042680-abstract.txt	41042680	study_taxa	taxon_candidate	AUTO:Phyllobacterium%20pellucidum	Phyllobacterium pellucidum	439:465	...acterial strain (T1018) representing the species '[[Phyllobacterium pellucidum]]'. Phylogenetic analysis of genome sequences, as w...				0	1	0				NCBITaxon:2740464	NCBITaxon:2740464	Phyllobacterium pellucidum	biolink:OrganismTaxon	name	1	out:biolink:subclass_of:NCBITaxon:28100
30	00030-41042680-abstract.txt	41042680	study_taxa	taxon_candidate	AUTO:Phyllobacterium%20myrsinacearum	Phyllobacterium myrsinacearum	666:695	... distinct from named Phyllobacterium species with [[Phyllobacterium myrsinacearum]] and Phyllobacterium calauticae as closest relativ...				0	1	0				NCBITaxon:28101	NCBITaxon:28101	Phyllobacterium myrsinacearum	biolink:OrganismTaxon	name	51	out:biolink:subclass_of:NCBITaxon:28100|out:METPO:2000517:mediadive.medium:J74|out:METPO:2000517:mediadive.medium:1|out:biolink:has_phenotype:METPO:1000602|out:biolink:has_phenotype:METPO:1000699
30	00030-41042680-abstract.txt	41042680	study_taxa	taxon_candidate	AUTO:Phyllobacterium%20calauticae	Phyllobacterium calauticae	700:726	...um species with Phyllobacterium myrsinacearum and [[Phyllobacterium calauticae]] as closest relatives. The highest average nucleot...				0	1	0				NCBITaxon:2817027	NCBITaxon:2817027	Phyllobacterium calauticae	biolink:OrganismTaxon	name	4	in:biolink:subclass_of:kgmicrobe.strain:DSM-112555|in:biolink:subclass_of:kgmicrobe.strain:LMG-32286|in:biolink:subclass_of:kgmicrobe.strain:bacdive_170122|out:biolink:subclass_of:NCBITaxon:28100
30	00030-41042680-abstract.txt	41042680	strains	strain	AUTO:T1293T	T1293T	285:291; 569:575; 853:859; 1028:1034; 1462:1468; 1532:1538; 1942:1948	...notypic data to support the description of strain [[T1293T]] as representative of a novel species and present ...; ...as analysis of 53 core genes, placed novel strain [[T1293T]] in a highly supported cluster of strains distinct...; ...A-DNA hybridization values of genome sequences of [[T1293T]] compared to closest species type strains (84.1 an...; ...ial species circumscription. The genome of strain [[T1293T]] has a size of 5,074,034 bp with a DNA G+C content...; ...size ~41.5 kb) was also detected in the genome of [[T1293T]]. Tests using defined culture media revealed that ...; ...defined culture media revealed that novel strains [[T1293T]] and T1018 were highly resistant to, and able to m...; ...hyllobacterium meliloti sp. nov. is proposed with [[T1293T]]=LMG 32641T=HAMBI 3765T as the species type strain...				0	0	1									0	
30	00030-41042680-abstract.txt	41042680	strains	strain	AUTO:T1018	T1018	406:411; 1543:1548	...ete closed genome sequence of a bacterial strain ([[T1018]]) representing the species 'Phyllobacterium pelluc...; ...ture media revealed that novel strains T1293T and [[T1018]] were highly resistant to, and able to metabolize ...				0	0	1									0	
30	00030-41042680-abstract.txt	41042680	strains	strain	AUTO:LMG%2032641T	LMG 32641T	1949:1959	"...cterium meliloti sp. nov. is proposed with T1293T=[[LMG 32641T]]=HAMBI 3765T as the species type strain.
"				0	0	1									0	
30	00030-41042680-abstract.txt	41042680	strains	strain	AUTO:HAMBI%203765T	HAMBI 3765T	1960:1971	"...iloti sp. nov. is proposed with T1293T=LMG 32641T=[[HAMBI 3765T]] as the species type strain.
"				0	0	1									0	
30	00030-41042680-abstract.txt	41042680	chemical_utilization_object	chemical	AUTO:glyphosate	glyphosate	1598:1608	... were highly resistant to, and able to metabolize [[glyphosate]], a widely used herbicide that has negative conseq...	AUTO:T1293T	T1293T	degrades	1	0	0	METPO:2000007	degrades	label	CHEBI:27744	CHEBI:27744|CHEBI:133673	glyphosate	biolink:SmallMolecule	name	9	in:biolink:related_to:CHEBI:133673|out:biolink:subclass_of:CHEBI:24373|out:biolink:subclass_of:CHEBI:44976|out:biolink:related_to:CHEBI:20569|out:biolink:related_to:CHEBI:24527
30	00030-41042680-abstract.txt	41042680	chemical_utilization_object	chemical	AUTO:glyphosate	glyphosate	1598:1608	... were highly resistant to, and able to metabolize [[glyphosate]], a widely used herbicide that has negative conseq...	AUTO:T1018	T1018	degrades	1	0	0	METPO:2000007	degrades	label	CHEBI:27744	CHEBI:27744|CHEBI:133673	glyphosate	biolink:SmallMolecule	name	9	in:biolink:related_to:CHEBI:133673|out:biolink:subclass_of:CHEBI:24373|out:biolink:subclass_of:CHEBI:44976|out:biolink:related_to:CHEBI:20569|out:biolink:related_to:CHEBI:24527
31	00031-41166108-abstract.txt	41166108	study_taxa	taxon_candidate	AUTO:Mucilaginibacter%20aureus	Mucilaginibacter aureus	1524:1547	...otaxonomic and genomic characteristics, the names [[Mucilaginibacter aureus]] sp. nov. (AW1-3T=KACC 23848T=JCM 37500T) and Muci...				0	1	0									0	
31	00031-41166108-abstract.txt	41166108	study_taxa	taxon_candidate	AUTO:Mucilaginibacter%20sediminis	Mucilaginibacter sediminis	1593:1619	...reus sp. nov. (AW1-3T=KACC 23848T=JCM 37500T) and [[Mucilaginibacter sediminis]] sp. nov. (AW1-7T=KACC 23849T=JCM 37501T) are prop...				0	1	0									0	
31	00031-41166108-abstract.txt	41166108	strains	strain	AUTO:AW1-3T	AW1-3T	78:84; 235:241; 475:481; 714:720; 1017:1023; 1170:1176; 1558:1564	...-motile, rod-shaped bacterial strains, designated [[AW1-3T]] (strictly aerobic) and AW1-7 T (facultatively aer...; ...olated from a reed wetland in South Korea. Strain [[AW1-3T]] grew at 15-35 °C, pH 6.0-7.0 and in 0.0-0.5% (w/v...; ...feature 3 (C16:1 ω7c and/or C16 :1 ω6c) in strain [[AW1-3T]] and C16:0, summed feature 3, C18:0 and iso-C15:0 ...; ...one. The genomic DNA G+C contents were 43.9 mol% ([[AW1-3T]]) and 43.2 mol% (AW1-7T). The two strains shared 9...; ...NA gene and whole-genome sequences placed strains [[AW1-3T]] and AW1-7T in close association with Mucilaginiba...; ...nosidivorax KHI28ᵀ, respectively. However, strain [[AW1-3T]] shared 16S rRNA gene sequence similarity/ANI/dDDH...; ...tics, the names Mucilaginibacter aureus sp. nov. ([[AW1-3T]]=KACC 23848T=JCM 37500T) and Mucilaginibacter sedi...				0	0	1									0	
31	00031-41166108-abstract.txt	41166108	strains	strain	AUTO:AW1-7T	AW1-7T	314:320; 541:547; 737:743; 1028:1034; 1630:1636	"....0-7.0 and in 0.0-0.5% (w/v) NaCl, whereas strain [[AW1-7T]] grew at 10-35 °C, pH 6.0-7.0 and in 0-0.5% NaCl. ...; ..., summed feature 3, C18:0 and iso-C15:0 in strain [[AW1-7T]]. Phosphatidylethanolamine was the major polar lip...; ...C contents were 43.9 mol% (AW1-3T) and 43.2 mol% ([[AW1-7T]]). The two strains shared 94.9% 16S rRNA gene sequ...; ... whole-genome sequences placed strains AW1-3T and [[AW1-7T]] in close association with Mucilaginibacter rivuli...; ... 37500T) and Mucilaginibacter sediminis sp. nov. ([[AW1-7T]]=KACC 23849T=JCM 37501T) are proposed.
"				0	0	1									0	
31	00031-41166108-abstract.txt	41166108	strains	strain	AUTO:HMF5004T	HMF5004T	1270:1278	...I/dDDH values of 97.7%/73.7%/19.8% with M. rivuli [[HMF5004T]], and strain AW1-7ᵀ shared 98.5%/88.6%/36.6% with ...				0	0	1									0	
31	00031-41166108-abstract.txt	41166108	strains	strain	AUTO:KHI28T	KHI28T						0	0	1									0	
31	00031-41166108-abstract.txt	41166108	strains	strain	AUTO:KACC%2023848T	KACC 23848T	1565:1576	...he names Mucilaginibacter aureus sp. nov. (AW1-3T=[[KACC 23848T]]=JCM 37500T) and Mucilaginibacter sediminis sp. no...				0	0	1									0	
31	00031-41166108-abstract.txt	41166108	strains	strain	AUTO:JCM%2037500T	JCM 37500T	1577:1587	...ilaginibacter aureus sp. nov. (AW1-3T=KACC 23848T=[[JCM 37500T]]) and Mucilaginibacter sediminis sp. nov. (AW1-7T=...				0	0	1									0	
31	00031-41166108-abstract.txt	41166108	strains	strain	AUTO:KACC%2023849T	KACC 23849T	1637:1648	"...) and Mucilaginibacter sediminis sp. nov. (AW1-7T=[[KACC 23849T]]=JCM 37501T) are proposed.
"				0	0	1									0	
31	00031-41166108-abstract.txt	41166108	strains	strain	AUTO:JCM%2037501T	JCM 37501T	1649:1659	"...ginibacter sediminis sp. nov. (AW1-7T=KACC 23849T=[[JCM 37501T]]) are proposed.
"				0	0	1									0	
31	00031-41166108-abstract.txt	41166108	chemical_utilization_object	chemical	AUTO:NaCl	NaCl	293:297; 364:368	...rew at 15-35 °C, pH 6.0-7.0 and in 0.0-0.5% (w/v) [[NaCl]], whereas strain AW1-7T grew at 10-35 °C, pH 6.0-7...; ...AW1-7T grew at 10-35 °C, pH 6.0-7.0 and in 0-0.5% [[NaCl]]. The major fatty acids (>10%) were iso-C15:0 and ...	AUTO:AW1-3T	AW1-3T	tolerates	1	0	0	METPO:2000064	tolerates	label	CHEBI:26710	CHEBI:26710	1% sodium chloride	biolink:ChemicalEntity|biolink:ChemicalSubstance|biolink:SmallMolecule	synonym	2636	out:biolink:subclass_of:CHEBI:36093|out:biolink:subclass_of:CHEBI:38702|out:biolink:related_to:CHEBI:149552|out:biolink:has_chemical_role:CHEBI:149552|out:biolink:related_to:CHEBI:228364
31	00031-41166108-abstract.txt	41166108	chemical_utilization_object	chemical	AUTO:NaCl	NaCl	293:297; 364:368	...rew at 15-35 °C, pH 6.0-7.0 and in 0.0-0.5% (w/v) [[NaCl]], whereas strain [[AW1-7T]] grew at 10-35 °C, pH 6.0-7...; ...[[AW1-7T]] grew at 10-35 °C, pH 6.0-7.0 and in 0-0.5% [[NaCl]]. The major fatty acids (>10%) were iso-C15:0 and ...	AUTO:AW1-7T	AW1-7T	tolerates	1	0	0	METPO:2000064	tolerates	label	CHEBI:26710	CHEBI:26710	1% sodium chloride	biolink:ChemicalEntity|biolink:ChemicalSubstance|biolink:SmallMolecule	synonym	2636	out:biolink:subclass_of:CHEBI:36093|out:biolink:subclass_of:CHEBI:38702|out:biolink:related_to:CHEBI:149552|out:biolink:has_chemical_role:CHEBI:149552|out:biolink:related_to:CHEBI:228364
32	00032-41925719-abstract.txt	41925719	study_taxa	taxon_candidate	AUTO:Corynebacterium%20drakensteinense	Corynebacterium drakensteinense	1713:1744	...of Corynebacterium, for which we propose the name [[Corynebacterium drakensteinense]] sp. nov., with the type strain MNWGS58T (=TSD-445...				0	1	0									0	
32	00032-41925719-abstract.txt	41925719	study_taxa	taxon_candidate	AUTO:Corynebacterium%20propinquum	Corynebacterium propinquum	658:684	...er Corynebacterium spp. found in the nasopharynx, [[Corynebacterium propinquum]] [85% average nucleotide identity (ANI)] and Coryn...				0	1	0				NCBITaxon:43769	NCBITaxon:43769	Corynebacterium propinquum	biolink:OrganismTaxon	name	24	in:biolink:subclass_of:NCBITaxon:1121367|out:biolink:subclass_of:NCBITaxon:1716|out:METPO:2000517:mediadive.medium:535|out:METPO:2000103:pathways:nitrate_reduction|out:biolink:has_phenotype:METPO:1000698
32	00032-41925719-abstract.txt	41925719	study_taxa	taxon_candidate	AUTO:Corynebacterium%20pseudodiphtheriticum	Corynebacterium pseudodiphtheriticum	729:765	...nquum [85% average nucleotide identity (ANI)] and [[Corynebacterium pseudodiphtheriticum]] (84% ANI). Bacterial identification using matrix-...				0	1	0				NCBITaxon:37637	NCBITaxon:37637	Corynebacterium pseudodiphtheriticum	biolink:OrganismTaxon	name	103	in:biolink:subclass_of:NCBITaxon:1121368|out:biolink:subclass_of:NCBITaxon:1716|out:METPO:2000517:mediadive.medium:426|out:METPO:2000517:mediadive.medium:215b|out:METPO:2000517:mediadive.medium:420
32	00032-41925719-abstract.txt	41925719	study_taxa	taxon_candidate	AUTO:Corynebacterium%20otitidis	Corynebacterium otitidis	1044:1068	...VITEK 2 ANC assay identified the novel isolate as [[Corynebacterium otitidis]]. Both genomic analyses and phenotypic analyses sh...				0	1	0				NCBITaxon:29321	NCBITaxon:29321	Corynebacterium otitidis	biolink:OrganismTaxon	name	32	out:biolink:subclass_of:NCBITaxon:1716|out:METPO:2000517:mediadive.medium:693|out:METPO:2000517:mediadive.medium:1203a|out:biolink:has_phenotype:METPO:1000604|out:biolink:has_phenotype:METPO:1000872
32	00032-41925719-abstract.txt	41925719	strains	strain	AUTO:MNWGS58T	MNWGS58T	425:433; 540:548; 881:889; 1392:1400; 1776:1784	...iratory health. In this paper, we present isolate [[MNWGS58T]] isolated from the nasopharynx of a South African ...; ... Genomic analysis of the whole-genome sequence of [[MNWGS58T]] revealed that it is phylogenetically closely rela...; ...esorption/ionization time-of-flight MS identified [[MNWGS58T]] as C. pseudodiphtheriticum. The API Coryne assay ...; ....9 mol%. Digital DNA-DNA hybridization values for [[MNWGS58T]] were low when compared to C. pseudodiphtheriticum...; ...um drakensteinense sp. nov., with the type strain [[MNWGS58T]] (=TSD-445T=NCTC 15058T). It will be important to ...				0	0	1									0	
32	00032-41925719-abstract.txt	41925719	strains	strain	AUTO:MNWGS56	MNWGS56	1451:1458	...were low when compared to C. pseudodiphtheriticum [[MNWGS56]] and C. propinquum MNWGS51 (27.4 and 28.4%, respec...				0	0	1									0	
32	00032-41925719-abstract.txt	41925719	strains	strain	AUTO:MNWGS51	MNWGS51	1477:1484	...C. pseudodiphtheriticum MNWGS56 and C. propinquum [[MNWGS51]] (27.4 and 28.4%, respectively). Although there ar...				0	0	1									0	
32	00032-41925719-abstract.txt	41925719	strains	strain	AUTO:TSD-445T	TSD-445T	1787:1795	...einense sp. nov., with the type strain MNWGS58T (=[[TSD-445T]]=NCTC 15058T). It will be important to elucidate t...				0	0	1									0	
32	00032-41925719-abstract.txt	41925719	strains	strain	AUTO:NCTC%2015058T	NCTC 15058T	1796:1807	...p. nov., with the type strain MNWGS58T (=TSD-445T=[[NCTC 15058T]]). It will be important to elucidate the role of t...				0	0	1									0	
33	00033-41954244-abstract.txt	41954244	study_taxa	taxon_candidate	AUTO:Chloracidobacterium%20validum	Chloracidobacterium validum	1343:1370; 1547:1574	...ylogenetic and genomic analyses demonstrated that [[Chloracidobacterium validum]] strain BV2-CT (=DSM 113832T=JCM 39534T) represent...; ...eby propose as Chloracidobacterium gen. nov. with [[Chloracidobacterium validum]] sp. nov. as the type species. Based on phylogenom...				0	1	0				NCBITaxon:2821543	NCBITaxon:2821543	Chloracidobacterium validum	biolink:OrganismTaxon	name	1	out:biolink:subclass_of:NCBITaxon:458032
33	00033-41954244-abstract.txt	41954244	study_taxa	taxon_candidate	AUTO:Candidatus%20Chloracidobacterium%20aggregatum	Candidatus Chloracidobacterium aggregatum	1015:1056	... related to Chloracidobacterium thermophilum and '[[Candidatus Chloracidobacterium aggregatum]]' with 16S rRNA gene sequence identities of 96.97 ...				0	1	0									0	
33	00033-41954244-abstract.txt	41954244	study_taxa	taxon_candidate	AUTO:Chloracidobacterium%20thermophilum	Chloracidobacterium thermophilum	977:1009	...and l-lysine for growth. It is closely related to [[Chloracidobacterium thermophilum]] and 'Candidatus Chloracidobacterium aggregatum' w...				0	1	0				NCBITaxon:458033	NCBITaxon:458033	Chloracidobacterium thermophilum	biolink:OrganismTaxon	name	8	out:biolink:subclass_of:NCBITaxon:458032|out:biolink:has_phenotype:METPO:1000872|out:biolink:has_phenotype:METPO:1000699|out:METPO:2000103:METPO:1000657|in:biolink:subclass_of:kgmicrobe.strain:ATCC-BAA-2647
33	00033-41954244-abstract.txt	41954244	strains	strain	AUTO:BV2-CT	BV2-CT	45:51; 645:651; 834:840; 1153:1159; 1378:1384	A novel chlorophototrophic bacterium, strain [[BV2-CT]], was isolated from a microbial mat (~40 °C) at Ru...; ...cells forming small clumps and aggregates. Strain [[BV2-CT]] grows photoheterotrophically using organic compou...; ...d thioglycolate as reduced sulphur source. Strain [[BV2-CT]] obligately required branched-chain amino acids (l...; ...97 and 97.78%, respectively. The genome of strain [[BV2-CT]] comprises two circular chromosomes of 2,659,040 a...; ...onstrated that Chloracidobacterium validum strain [[BV2-CT]] (=DSM 113832T=JCM 39534T) represents a novel spec...				0	0	1									0	
33	00033-41954244-abstract.txt	41954244	strains	strain	AUTO:strain%20E	strain E	1887:1895	"...pro-valid publication with the genome sequence of [[strain E]] as nomenclatural type.
"				0	0	1									0	
33	00033-41954244-abstract.txt	41954244	chemical_utilization_object	chemical	AUTO:proteinogenic%20amino%20acids	proteinogenic amino acids	744:769	... compounds as carbon source (i.e. a mixture of 20 [[proteinogenic amino acids]] or peptone) and thioglycolate as reduced sulphur ...	AUTO:BV2-CT	BV2-CT	uses_as_carbon_source	1	0	0	METPO:2000006	uses as carbon source	label	CHEBI:83813	CHEBI:83813	proteinogenic amino acid	biolink:SmallMolecule	synonym	29	in:biolink:subclass_of:CHEBI:15428|in:biolink:subclass_of:CHEBI:15603|in:biolink:subclass_of:CHEBI:15971|in:biolink:subclass_of:CHEBI:16414|in:biolink:subclass_of:CHEBI:16467
33	00033-41954244-abstract.txt	41954244	chemical_utilization_object	chemical	AUTO:peptone	peptone	773:780	...i.e. a mixture of 20 proteinogenic amino acids or [[peptone]]) and thioglycolate as reduced sulphur source. Str...	AUTO:BV2-CT	BV2-CT	uses_as_carbon_source	1	0	0	METPO:2000006	uses as carbon source	label						0	
33	00033-41954244-abstract.txt	41954244	chemical_utilization_object	chemical	AUTO:thioglycolate	thioglycolate	786:799	...e of 20 proteinogenic amino acids or peptone) and [[thioglycolate]] as reduced sulphur source. Strain [[BV2-CT]] obligate...	AUTO:BV2-CT	BV2-CT	uses_as_electron_donor	1	0	0	METPO:2000009	uses as electron donor	label	CHEBI:47869	CHEBI:47869|CHEBI:30066	thioglycolate	biolink:ChemicalEntity|biolink:SmallMolecule	name	13	out:biolink:subclass_of:CHEBI:35757|out:biolink:related_to:CHEBI:30066|in:METPO:2000028:kgmicrobe.strain:bacdive_11959|in:METPO:2000006:kgmicrobe.strain:bacdive_1263|in:METPO:2000038:kgmicrobe.strain:bacdive_1290
33	00033-41954244-abstract.txt	41954244	chemical_utilization_object	chemical	AUTO:l-isoleucine	l-isoleucine	889:901	...T obligately required branched-chain amino acids ([[l-isoleucine]], l-leucine and l-valine) and l-lysine for growth....	AUTO:BV2-CT	BV2-CT	requires_for_growth	1	0	0	METPO:2000018	requires for growth	label	CHEBI:17191	CHEBI:17191|CHEBI:58045|CHEBI:30009	L-isoleucine	biolink:ChemicalEntity|biolink:SmallMolecule	name	157	out:biolink:subclass_of:CHEBI:15705|out:biolink:subclass_of:CHEBI:22658|out:biolink:subclass_of:CHEBI:24898|out:biolink:subclass_of:CHEBI:83813|out:biolink:related_to:CHEBI:75771
33	00033-41954244-abstract.txt	41954244	chemical_utilization_object	chemical	AUTO:l-leucine	l-leucine	903:912	...equired branched-chain amino acids (l-isoleucine, [[l-leucine]] and l-valine) and l-lysine for growth. It is clos...	AUTO:BV2-CT	BV2-CT	requires_for_growth	1	0	0	METPO:2000018	requires for growth	label	CHEBI:15603	CHEBI:15603|CHEBI:57427|CHEBI:30006	L-leucine	biolink:ChemicalEntity|biolink:SmallMolecule	name	477	out:biolink:subclass_of:CHEBI:15705|out:biolink:subclass_of:CHEBI:25017|out:biolink:subclass_of:CHEBI:26463|out:biolink:subclass_of:CHEBI:83813|out:biolink:related_to:CHEBI:75771
33	00033-41954244-abstract.txt	41954244	chemical_utilization_object	chemical	AUTO:l-valine	l-valine	917:925	...ed-chain amino acids (l-isoleucine, l-leucine and [[l-valine]]) and l-lysine for growth. It is closely related t...	AUTO:BV2-CT	BV2-CT	requires_for_growth	1	0	0	METPO:2000018	requires for growth	label	CHEBI:16414	CHEBI:16414|CHEBI:57762|CHEBI:30015	L-valine	biolink:ChemicalEntity|biolink:SmallMolecule	name	258	in:biolink:related_to:CHEBI:156531|out:biolink:subclass_of:CHEBI:15705|out:biolink:subclass_of:CHEBI:26463|out:biolink:subclass_of:CHEBI:27266|out:biolink:subclass_of:CHEBI:83813
33	00033-41954244-abstract.txt	41954244	chemical_utilization_object	chemical	AUTO:l-lysine	l-lysine	931:939	... acids (l-isoleucine, l-leucine and l-valine) and [[l-lysine]] for growth. It is closely related to Chloracidoba...	AUTO:BV2-CT	BV2-CT	requires_for_growth	1	0	0	METPO:2000018	requires for growth	label	CHEBI:18019	CHEBI:18019|CHEBI:32551|CHEBI:29967|CHEBI:133538	L-lysine	biolink:ChemicalEntity|biolink:SmallMolecule	name	312	out:biolink:subclass_of:CHEBI:15705|out:biolink:subclass_of:CHEBI:22658|out:biolink:subclass_of:CHEBI:25094|out:biolink:subclass_of:CHEBI:83813|out:biolink:related_to:CHEBI:27027
33	00033-41954244-abstract.txt	41954244	strains	strain	AUTO:DSM%20113832T	DSM 113832T	1387:1398	... that Chloracidobacterium validum strain BV2-CT (=[[DSM 113832T]]=JCM 39534T) represents a novel species of the gen...				0	0	1									0	
33	00033-41954244-abstract.txt	41954244	strains	strain	AUTO:JCM%2039534T	JCM 39534T	1399:1409	...cidobacterium validum strain BV2-CT (=DSM 113832T=[[JCM 39534T]]) represents a novel species of the genus 'Candida...				0	0	1									0	
34	00034-41949907-abstract.txt	41949907	study_taxa	taxon_candidate	AUTO:Pseudomonas%20stagnisoli	Pseudomonas stagnisoli	1259:1281	...within the genus Pseudomonas, for which the names [[Pseudomonas stagnisoli]] and Pseudomonas cimarronensis sp. nov. are propos...				0	1	0									0	
34	00034-41949907-abstract.txt	41949907	study_taxa	taxon_candidate	AUTO:Pseudomonas%20cimarronensis	Pseudomonas cimarronensis	1286:1311	...s, for which the names Pseudomonas stagnisoli and [[Pseudomonas cimarronensis]] sp. nov. are proposed. The type strains are P3C3T...				0	1	0									0	
34	00034-41949907-abstract.txt	41949907	study_taxa	taxon_candidate	AUTO:Pseudomonas%20alcaligenes	Pseudomonas alcaligenes	547:570	...nce similarity, P3C3T was most closely related to [[Pseudomonas alcaligenes]] (98.3%), whereas MAC6T was most closely related t...				0	1	0									0	
34	00034-41949907-abstract.txt	41949907	study_taxa	taxon_candidate	AUTO:Pseudomonas%20anguilliseptica	Pseudomonas anguilliseptica	622:649	...98.3%), whereas MAC6T was most closely related to [[Pseudomonas anguilliseptica]] (98.6%). Phylogenetic analysis using the 16S rRNA...				0	1	0				NCBITaxon:53406	NCBITaxon:53406	Pseudomonas anguilliseptica	biolink:OrganismTaxon	name	13	out:biolink:subclass_of:NCBITaxon:136841|out:METPO:2000517:mediadive.medium:220|out:biolink:has_phenotype:METPO:1000602|out:biolink:has_phenotype:METPO:1000699|in:biolink:subclass_of:kgmicrobe.strain:ATCC-33660
34	00034-41949907-abstract.txt	41949907	strains	strain	AUTO:P3C3T	P3C3T	80:85; 338:343; 513:518; 759:764; 904:909; 1165:1170; 1356:1361	...h was employed to characterize two novel strains, [[P3C3T]] and MAC6T, isolated from sediments of the Innovat...; ...ed, motile and non-spore-forming bacteria. Strain [[P3C3T]] grew optimally at 35 °C, pH 6.0 and 0.5% (v/w) Na...; ...NaCl. Based on 16S rRNA gene sequence similarity, [[P3C3T]] was most closely related to Pseudomonas alcaligen...; ...whole-genome phylogenomic analysis indicated that [[P3C3T]] and MAC6T formed distinct branches within the Pse...; ...nomic-based relatedness indices demonstrated that [[P3C3T]] and MAC6T and the type strains of close relatives...; ...0.5 mol%. Based on polyphasic taxonomic criteria, [[P3C3T]] and MAC6T represent two novel species within the ...; ...ensis sp. nov. are proposed. The type strains are [[P3C3T]] (=CCM 9468T=CECT 31230T=DSM 119661T) and MAC6T (=...				0	0	1									0	
34	00034-41949907-abstract.txt	41949907	strains	strain	AUTO:MAC6T	MAC6T	90:95; 410:415; 588:593; 769:774; 914:919; 1042:1047; 1175:1180; 1403:1408	...oyed to characterize two novel strains, P3C3T and [[MAC6T]], isolated from sediments of the Innovation Way Dr...; ...t 35 °C, pH 6.0 and 0.5% (v/w) NaCl, while strain [[MAC6T]] grew optimally at 30 °C, pH 6.0 and 4.0% (v/w) Na...; ...lated to Pseudomonas alcaligenes (98.3%), whereas [[MAC6T]] was most closely related to Pseudomonas anguillis...; ...me phylogenomic analysis indicated that P3C3T and [[MAC6T]] formed distinct branches within the Pseudomonas g...; ...d relatedness indices demonstrated that P3C3T and [[MAC6T]] and the type strains of close relatives shared av...; ...ty and digital DNA-DNA hybridization values T and [[MAC6T]] were 4.3 and 4.2 Mbp, respectively, with G+C cont...; ...Based on polyphasic taxonomic criteria, P3C3T and [[MAC6T]] represent two novel species within the genus Pseu...; ...re P3C3T (=CCM 9468T=CECT 31230T=DSM 119661T) and [[MAC6T]] (=CCM 9470T=CCUG 78313T=CECT 31231T), respectivel...				0	0	1									0	
34	00034-41949907-abstract.txt	41949907	chemical_utilization_object	chemical	AUTO:NaCl	NaCl	391:395; 463:467	...3T grew optimally at 35 °C, pH 6.0 and 0.5% (v/w) [[NaCl]], while strain MAC6T grew optimally at 30 °C, pH 6...; ...6T grew optimally at 30 °C, pH 6.0 and 4.0% (v/w) [[NaCl]]. Based on 16S rRNA gene sequence similarity, P3C3...	AUTO:P3C3T	P3C3T	tolerates	1	0	0	METPO:2000064	tolerates	label	CHEBI:26710	CHEBI:26710	1% sodium chloride	biolink:ChemicalEntity|biolink:ChemicalSubstance|biolink:SmallMolecule	synonym	2636	out:biolink:subclass_of:CHEBI:36093|out:biolink:subclass_of:CHEBI:38702|out:biolink:related_to:CHEBI:149552|out:biolink:has_chemical_role:CHEBI:149552|out:biolink:related_to:CHEBI:228364
34	00034-41949907-abstract.txt	41949907	chemical_utilization_object	chemical	AUTO:NaCl	NaCl	391:395; 463:467	...3T grew optimally at 35 °C, pH 6.0 and 0.5% (v/w) [[NaCl]], while strain [[MAC6T]] grew optimally at 30 °C, pH 6...; ...6T grew optimally at 30 °C, pH 6.0 and 4.0% (v/w) [[NaCl]]. Based on 16S rRNA gene sequence similarity, P3C3...	AUTO:MAC6T	MAC6T	tolerates	1	0	0	METPO:2000064	tolerates	label	CHEBI:26710	CHEBI:26710	1% sodium chloride	biolink:ChemicalEntity|biolink:ChemicalSubstance|biolink:SmallMolecule	synonym	2636	out:biolink:subclass_of:CHEBI:36093|out:biolink:subclass_of:CHEBI:38702|out:biolink:related_to:CHEBI:149552|out:biolink:has_chemical_role:CHEBI:149552|out:biolink:related_to:CHEBI:228364
35	00035-41949913-abstract.txt	41949913	study_taxa	taxon_candidate	AUTO:Pectobacterium	Pectobacterium	240:254; 894:908; 973:987; 1316:1330; 1356:1370; 1598:1612; 1873:1887; 1908:1922	...potato plants in Sinaloa. Among them, an atypical [[Pectobacterium]]-like strain, LFLA-215T, could not be confidently ...; ...CFBP8739, CSR2 and CSR3) are members of the genus [[Pectobacterium]]. Although genomic similarity values between LFLA-...; ...mic similarity values between LFLA-215T and other [[Pectobacterium]] species ranged from 87.73 to 93.53% (OrthoANI bla...; ...e. This clade showed the closest relationship to '[[Pectobacterium]] colocasium' LJ1, whereas Pectobacterium parmentie...; ...nship to 'Pectobacterium colocasium' LJ1, whereas [[Pectobacterium]] parmentieri RNS 08-42-1AT was the most distantly ...; ... was comparatively lower than that of other known [[Pectobacterium]] strains, which could be related to the size and t...; ...CSR2 and CSR3 as a novel species within the genus [[Pectobacterium]], for which the name Pectobacterium sinaloense sp....; ...thin the genus Pectobacterium, for which the name [[Pectobacterium]] sinaloense sp. nov. is proposed, with LFLA-215T (...				0	1	0				NCBITaxon:122277	NCBITaxon:122277	Pectobacterium	biolink:OrganismTaxon	name	26	in:biolink:subclass_of:NCBITaxon:1201031|in:biolink:subclass_of:NCBITaxon:1507808|in:biolink:subclass_of:NCBITaxon:180957|in:biolink:subclass_of:NCBITaxon:1905730|in:biolink:subclass_of:NCBITaxon:2034769
35	00035-41949913-abstract.txt	41949913	study_taxa	taxon_candidate	AUTO:Pectobacterium%20sinaloense	Pectobacterium sinaloense	1908:1933	...thin the genus Pectobacterium, for which the name [[Pectobacterium sinaloense]] sp. nov. is proposed, with LFLA-215T (=NCCB 10108...				0	1	0									0	
35	00035-41949913-abstract.txt	41949913	strains	strain	AUTO:LFLA-215T	LFLA-215T	268:277; 604:613; 804:813; 953:962; 1438:1447; 1802:1811; 1961:1970	...ong them, an atypical Pectobacterium-like strain, [[LFLA-215T]], could not be confidently assigned to any known s...; ...logical and pathogenicity evaluations. The strain [[LFLA-215T]] is Gram-stain-negative, with peritrichous flagell...; ...on, dnaJ and 923 core genes confirmed that strain [[LFLA-215T]] and three additional strains (CFBP8739, CSR2 and ...; ...erium. Although genomic similarity values between [[LFLA-215T]] and other Pectobacterium species ranged from 87.7...; ...8-42-1AT was the most distantly related. Although [[LFLA-215T]] fulfilled Koch's postulates and demonstrated path...; ...indings support the classification of the strains [[LFLA-215T]], CFBP8739, CSR2 and CSR3 as a novel species withi...; ...tobacterium sinaloense sp. nov. is proposed, with [[LFLA-215T]] (=NCCB 101086=CM CNRG 1201=ATCC TSD-577) designat...				0	0	1									0	
35	00035-41949913-abstract.txt	41949913	strains	strain	AUTO:CFBP8739	CFBP8739	844:852; 1813:1821	...at strain LFLA-215T and three additional strains ([[CFBP8739]], CSR2 and CSR3) are members of the genus Pectobac...; ...port the classification of the strains LFLA-215T, [[CFBP8739]], CSR2 and CSR3 as a novel species within the genu...				0	0	1									0	
35	00035-41949913-abstract.txt	41949913	strains	strain	AUTO:CSR2	CSR2	854:858; 1823:1827	...LFLA-215T and three additional strains (CFBP8739, [[CSR2]] and CSR3) are members of the genus Pectobacterium...; ...lassification of the strains LFLA-215T, CFBP8739, [[CSR2]] and CSR3 as a novel species within the genus Pect...				0	0	1									0	
35	00035-41949913-abstract.txt	41949913	strains	strain	AUTO:CSR3	CSR3	863:867; 1832:1836	... and three additional strains (CFBP8739, CSR2 and [[CSR3]]) are members of the genus Pectobacterium. Althoug...; ...tion of the strains LFLA-215T, CFBP8739, CSR2 and [[CSR3]] as a novel species within the genus Pectobacteriu...				0	0	1									0	
35	00035-41949913-abstract.txt	41949913	strains	strain	AUTO:LJ1	LJ1	1343:1346	...osest relationship to 'Pectobacterium colocasium' [[LJ1]], whereas Pectobacterium parmentieri RNS 08-42-1AT...				0	0	1									0	
35	00035-41949913-abstract.txt	41949913	strains	strain	AUTO:RNS%2008-42-1AT	RNS 08-42-1AT	1383:1396	...locasium' LJ1, whereas Pectobacterium parmentieri [[RNS 08-42-1AT]] was the most distantly related. Although LFLA-215...				0	0	1									0	
36	00036-41944293-abstract.txt	41944293	study_taxa	taxon_candidate	AUTO:Streptomyces%20sediminimaris	Streptomyces sediminimaris	1740:1766	...entified as phenotypic variants of a new species, [[Streptomyces sediminimaris]] sp. nov., with strain MCC20T designated as the ty...				0	1	0				NCBITaxon:3383721	NCBITaxon:3383721	Streptomyces sediminimaris	biolink:OrganismTaxon	name	1	out:biolink:subclass_of:NCBITaxon:1883
36	00036-41944293-abstract.txt	41944293	study_taxa	taxon_candidate	AUTO:Streptomyces%20fumigatiscleroticus	Streptomyces fumigatiscleroticus	1054:1086	... showed 100% similarity, with 99.2% similarity to [[Streptomyces fumigatiscleroticus]] NBRC 12999T. Nevertheless, a phylogenomic tree pl...				0	1	0				NCBITaxon:66371	NCBITaxon:66371	Streptomyces fumigatiscleroticus	biolink:OrganismTaxon	name	50	out:biolink:subclass_of:NCBITaxon:1883|out:METPO:2000517:mediadive.medium:J45|out:METPO:2000517:mediadive.medium:84|out:METPO:2000517:mediadive.medium:J42|out:METPO:2000517:mediadive.medium:65
36	00036-41944293-abstract.txt	41944293	study_taxa	taxon_candidate	AUTO:Streptomyces%20spinosirectus	Streptomyces spinosirectus	1156:1182	...heless, a phylogenomic tree placed them closer to [[Streptomyces spinosirectus]] CRSS-Y-16T, Streptomyces plumbidurans KC 17012T a...				0	1	0				NCBITaxon:2906474	NCBITaxon:2906474	Streptomyces spinosirectus	biolink:OrganismTaxon	name	1	out:biolink:subclass_of:NCBITaxon:1883
36	00036-41944293-abstract.txt	41944293	study_taxa	taxon_candidate	AUTO:Streptomyces%20plumbidurans	Streptomyces plumbidurans	1195:1220	... closer to Streptomyces spinosirectus CRSS-Y-16T, [[Streptomyces plumbidurans]] KC 17012T and Streptomyces spinosisporus 7R016T. ...				0	1	0				NCBITaxon:2814589	NCBITaxon:2814589	Streptomyces plumbidurans	biolink:OrganismTaxon	name	4	in:biolink:subclass_of:kgmicrobe.strain:CGMCC-4.7704|in:biolink:subclass_of:kgmicrobe.strain:JCM-35204|in:biolink:subclass_of:kgmicrobe.strain:bacdive_169852|out:biolink:subclass_of:NCBITaxon:1883
36	00036-41944293-abstract.txt	41944293	study_taxa	taxon_candidate	AUTO:Streptomyces%20spinosisporus	Streptomyces spinosisporus	1235:1261	...SS-Y-16T, Streptomyces plumbidurans KC 17012T and [[Streptomyces spinosisporus]] 7R016T. Nearly 100% average nucleotide identity (...				0	1	0				NCBITaxon:2927582	NCBITaxon:2927582	Streptomyces spinosisporus	biolink:OrganismTaxon	name	4	in:biolink:subclass_of:kgmicrobe.strain:NBRC-115201|in:biolink:subclass_of:kgmicrobe.strain:TBRC-14543|in:biolink:subclass_of:kgmicrobe.strain:bacdive_170374|out:biolink:subclass_of:NCBITaxon:1883
36	00036-41944293-abstract.txt	41944293	strains	strain	AUTO:MCC20T	MCC20T	38:44; 949:955; 1400:1406; 1613:1619; 1789:1795	Two marine actinomycete-like strains, [[MCC20T]] and MCC57, were isolated from Chanthaburi (Thaila...; ...HCT116) and lung (A549) cancer cells, with strain [[MCC20T]] being more potent. Their 16S rRNA gene sequences ...; ...(dDDH) values highlighted the identity of strains [[MCC20T]] and MCC57, while ANI (89.4%) and dDDH (35.5%) val...; ... Based on their genotypes and phenotypes, strains [[MCC20T]] (=NBRC 117131T=TBRC 19240T) and MCC57 (=NBRC 1171...; ... Streptomyces sediminimaris sp. nov., with strain [[MCC20T]] designated as the type strain (~9.2 Mb genome, 72...				0	0	1									0	
36	00036-41944293-abstract.txt	41944293	strains	strain	AUTO:MCC57	MCC57	49:54; 829:834; 1411:1416; 1652:1657	Two marine actinomycete-like strains, MCC20T and [[MCC57]], were isolated from Chanthaburi (Thailand) mangro...; ...while MK-9(H6) and MK-9(H4) were unique to strain [[MCC57]]. Both strains exhibited anticancer activity again...; ...es highlighted the identity of strains MCC20T and [[MCC57]], while ANI (89.4%) and dDDH (35.5%) values were w...; ...s, strains MCC20T (=NBRC 117131T=TBRC 19240T) and [[MCC57]] (=NBRC 117132=TBRC 19241) are identified as pheno...				0	0	1									0	
36	00036-41944293-abstract.txt	41944293	strains	strain	AUTO:NBRC%2012999T	NBRC 12999T	1087:1098	...2% similarity to Streptomyces fumigatiscleroticus [[NBRC 12999T]]. Nevertheless, a phylogenomic tree placed them cl...				0	0	1									0	
36	00036-41944293-abstract.txt	41944293	strains	strain	AUTO:CRSS-Y-16T	CRSS-Y-16T	1183:1193	... placed them closer to Streptomyces spinosirectus [[CRSS-Y-16T]], Streptomyces plumbidurans KC 17012T and Streptom...				0	0	1									0	
36	00036-41944293-abstract.txt	41944293	strains	strain	AUTO:KC%2017012T	KC 17012T	1221:1230	...inosirectus CRSS-Y-16T, Streptomyces plumbidurans [[KC 17012T]] and Streptomyces spinosisporus 7R016T. Nearly 100...				0	0	1									0	
36	00036-41944293-abstract.txt	41944293	strains	strain	AUTO:7R016T	7R016T	1262:1268	...bidurans KC 17012T and Streptomyces spinosisporus [[7R016T]]. Nearly 100% average nucleotide identity (ANI) an...				0	0	1									0	
36	00036-41944293-abstract.txt	41944293	strains	strain	AUTO:NBRC%20117131T	NBRC 117131T	1622:1634	... their genotypes and phenotypes, strains MCC20T (=[[NBRC 117131T]]=TBRC 19240T) and MCC57 (=NBRC 117132=TBRC 19241) ...				0	0	1									0	
36	00036-41944293-abstract.txt	41944293	strains	strain	AUTO:TBRC%2019240T	TBRC 19240T	1635:1646	...pes and phenotypes, strains MCC20T (=NBRC 117131T=[[TBRC 19240T]]) and MCC57 (=NBRC 117132=TBRC 19241) are identifi...				0	0	1									0	
36	00036-41944293-abstract.txt	41944293	strains	strain	AUTO:NBRC%20117132	NBRC 117132	1660:1671	...ns MCC20T (=NBRC 117131T=TBRC 19240T) and MCC57 (=[[NBRC 117132]]=TBRC 19241) are identified as phenotypic variants...				0	0	1									0	
36	00036-41944293-abstract.txt	41944293	strains	strain	AUTO:TBRC%2019241	TBRC 19241	1672:1682	...NBRC 117131T=TBRC 19240T) and MCC57 (=NBRC 117132=[[TBRC 19241]]) are identified as phenotypic variants of a new s...				0	0	1									0	
36	00036-41944293-abstract.txt	41944293	chemical_utilization_object	chemical	AUTO:ll-diaminopimelic%20acid	ll-diaminopimelic acid	365:387	...in the genus Streptomyces. Both strains contained [[ll-diaminopimelic acid]] in their cell wall, with glucose, mannose, ribose...	AUTO:MCC20T	MCC20T	uses_for_growth	1	0	0	METPO:2000012	uses for growth	label						0	
36	00036-41944293-abstract.txt	41944293	chemical_utilization_object	chemical	AUTO:ll-diaminopimelic%20acid	ll-diaminopimelic acid	365:387	...in the genus Streptomyces. Both strains contained [[ll-diaminopimelic acid]] in their cell wall, with glucose, mannose, ribose...	AUTO:MCC57	MCC57	uses_for_growth	1	0	0	METPO:2000012	uses for growth	label						0	
36	00036-41944293-abstract.txt	41944293	chemical_utilization_object	chemical	AUTO:glucose	glucose	413:420	...d ll-diaminopimelic acid in their cell wall, with [[glucose]], mannose, ribose and rhamnose identified as whole...	AUTO:MCC20T	MCC20T	uses_for_growth	1	0	0	METPO:2000012	uses for growth	label	CHEBI:17234	CHEBI:17234|CHEBI:42758|CHEBI:4167	glucose	biolink:ChemicalEntity|biolink:SmallMolecule	name	27450	out:biolink:subclass_of:CHEBI:33917|out:biolink:related_to:CHEBI:78675|out:biolink:has_chemical_role:CHEBI:78675|in:biolink:subclass_of:CHEBI:17634|in:METPO:2000006:NCBITaxon:1002795
36	00036-41944293-abstract.txt	41944293	chemical_utilization_object	chemical	AUTO:glucose	glucose	413:420	...d ll-diaminopimelic acid in their cell wall, with [[glucose]], mannose, ribose and rhamnose identified as whole...	AUTO:MCC57	MCC57	uses_for_growth	1	0	0	METPO:2000012	uses for growth	label	CHEBI:17234	CHEBI:17234|CHEBI:42758|CHEBI:4167	glucose	biolink:ChemicalEntity|biolink:SmallMolecule	name	27450	out:biolink:subclass_of:CHEBI:33917|out:biolink:related_to:CHEBI:78675|out:biolink:has_chemical_role:CHEBI:78675|in:biolink:subclass_of:CHEBI:17634|in:METPO:2000006:NCBITaxon:1002795
36	00036-41944293-abstract.txt	41944293	chemical_utilization_object	chemical	AUTO:mannose	mannose	422:429	...inopimelic acid in their cell wall, with glucose, [[mannose]], ribose and rhamnose identified as whole-cell sug...	AUTO:MCC20T	MCC20T	uses_for_growth	1	0	0	METPO:2000012	uses for growth	label	CHEBI:37684	CHEBI:37684	mannose	biolink:ChemicalEntity|biolink:SmallMolecule	name	4385	in:biolink:subclass_of:CHEBI:16024|out:biolink:subclass_of:CHEBI:33917|out:biolink:related_to:CHEBI:78675|out:biolink:has_chemical_role:CHEBI:78675|in:METPO:2000006:NCBITaxon:1002795
36	00036-41944293-abstract.txt	41944293	chemical_utilization_object	chemical	AUTO:mannose	mannose	422:429	...inopimelic acid in their cell wall, with glucose, [[mannose]], ribose and rhamnose identified as whole-cell sug...	AUTO:MCC57	MCC57	uses_for_growth	1	0	0	METPO:2000012	uses for growth	label	CHEBI:37684	CHEBI:37684	mannose	biolink:ChemicalEntity|biolink:SmallMolecule	name	4385	in:biolink:subclass_of:CHEBI:16024|out:biolink:subclass_of:CHEBI:33917|out:biolink:related_to:CHEBI:78675|out:biolink:has_chemical_role:CHEBI:78675|in:METPO:2000006:NCBITaxon:1002795
36	00036-41944293-abstract.txt	41944293	chemical_utilization_object	chemical	AUTO:ribose	ribose	431:437	...c acid in their cell wall, with glucose, mannose, [[ribose]] and rhamnose identified as whole-cell sugars. The...	AUTO:MCC20T	MCC20T	uses_for_growth	1	0	0	METPO:2000012	uses for growth	label	CHEBI:33942	CHEBI:33942|mediadive.ingredient:168|CHEBI:47013|CHEBI:27476|CHEBI:45506	ribose	biolink:ChemicalEntity|biolink:SmallMolecule	name	2143	in:biolink:subclass_of:CHEBI:16988|out:biolink:subclass_of:CHEBI:33916|in:METPO:2000006:NCBITaxon:1002795|in:METPO:2000006:NCBITaxon:1003091|in:METPO:2000006:NCBITaxon:1003092
36	00036-41944293-abstract.txt	41944293	chemical_utilization_object	chemical	AUTO:ribose	ribose	431:437	...c acid in their cell wall, with glucose, mannose, [[ribose]] and rhamnose identified as whole-cell sugars. The...	AUTO:MCC57	MCC57	uses_for_growth	1	0	0	METPO:2000012	uses for growth	label	CHEBI:33942	CHEBI:33942|mediadive.ingredient:168|CHEBI:47013|CHEBI:27476|CHEBI:45506	ribose	biolink:ChemicalEntity|biolink:SmallMolecule	name	2143	in:biolink:subclass_of:CHEBI:16988|out:biolink:subclass_of:CHEBI:33916|in:METPO:2000006:NCBITaxon:1002795|in:METPO:2000006:NCBITaxon:1003091|in:METPO:2000006:NCBITaxon:1003092
36	00036-41944293-abstract.txt	41944293	chemical_utilization_object	chemical	AUTO:rhamnose	rhamnose	442:450	...heir cell wall, with glucose, mannose, ribose and [[rhamnose]] identified as whole-cell sugars. Their phospholip...	AUTO:MCC20T	MCC20T	uses_for_growth	1	0	0	METPO:2000012	uses for growth	label	CHEBI:26546	CHEBI:26546	rhamnose	biolink:ChemicalEntity|biolink:SmallMolecule	name	2517	out:biolink:subclass_of:CHEBI:33983|out:biolink:related_to:CHEBI:76924|out:biolink:has_chemical_role:CHEBI:76924|out:biolink:related_to:CHEBI:76969|out:biolink:has_chemical_role:CHEBI:76969
36	00036-41944293-abstract.txt	41944293	chemical_utilization_object	chemical	AUTO:rhamnose	rhamnose	442:450	...heir cell wall, with glucose, mannose, ribose and [[rhamnose]] identified as whole-cell sugars. Their phospholip...	AUTO:MCC57	MCC57	uses_for_growth	1	0	0	METPO:2000012	uses for growth	label	CHEBI:26546	CHEBI:26546	rhamnose	biolink:ChemicalEntity|biolink:SmallMolecule	name	2517	out:biolink:subclass_of:CHEBI:33983|out:biolink:related_to:CHEBI:76924|out:biolink:has_chemical_role:CHEBI:76924|out:biolink:related_to:CHEBI:76969|out:biolink:has_chemical_role:CHEBI:76969
37	00037-41954237-abstract.txt	41954237	study_taxa	taxon_candidate	AUTO:Mycobacterium%20camsae	Mycobacterium camsae	699:719	...re, two novel Mycobacterium species are proposed: [[Mycobacterium camsae]] sp. nov., with the type strain being X7091T (=CGM...				0	1	0									0	
37	00037-41954237-abstract.txt	41954237	study_taxa	taxon_candidate	AUTO:Mycobacterium%20pumcae	Mycobacterium pumcae	798:818	...in being X7091T (=CGMCC 1.90336T=JCM 37414T), and [[Mycobacterium pumcae]] sp. nov., with the type strain being Z3061T (=CGM...				0	1	0									0	
37	00037-41954237-abstract.txt	41954237	study_taxa	taxon_candidate	AUTO:Mycobacterium%20gordonae	Mycobacterium gordonae	395:417	...ated that the two strains were closely related to [[Mycobacterium gordonae]]. The two strains, X7091T and Z3061T, exhibited av...				0	1	0				NCBITaxon:1778	NCBITaxon:1778	Mycobacterium gordonae	biolink:OrganismTaxon	name	94	out:biolink:subclass_of:NCBITaxon:1763|out:METPO:2000517:mediadive.medium:80|out:METPO:2000517:mediadive.medium:J386|out:METPO:2000517:mediadive.medium:250|out:METPO:2000517:mediadive.medium:354
37	00037-41954237-abstract.txt	41954237	strains	strain	AUTO:X7091T	X7091T	436:442; 757:763	...lated to Mycobacterium gordonae. The two strains, [[X7091T]] and Z3061T, exhibited average nucleotide identity...; ...erium camsae sp. nov., with the type strain being [[X7091T]] (=CGMCC 1.90336T=JCM 37414T), and Mycobacterium p...				0	0	1									0	
37	00037-41954237-abstract.txt	41954237	strains	strain	AUTO:Z3061T	Z3061T	447:453; 856:862	"...cobacterium gordonae. The two strains, X7091T and [[Z3061T]], exhibited average nucleotide identity and in sil...; ...erium pumcae sp. nov., with the type strain being [[Z3061T]] (=CGMCC 1.90337T=JCM 37415T).
"				0	0	1									0	
38	00038-41925727-abstract.txt	41925727	study_taxa	taxon_candidate	AUTO:Flavobacterium%20psychraerolatum	Flavobacterium psychraerolatum	1325:1355	... of the genus Flavobacterium, for which the names [[Flavobacterium psychraerolatum]] (7AT=CCM 8976T=DSM 111734T), Flavobacterium aerip...				0	1	0									0	
38	00038-41925727-abstract.txt	41925727	study_taxa	taxon_candidate	AUTO:Flavobacterium%20aeripolare	Flavobacterium aeripolare	1385:1410	...rium psychraerolatum (7AT=CCM 8976T=DSM 111734T), [[Flavobacterium aeripolare]] (14AT=CCM 8972T=CGMCC 1.18502T) and Flavobacteriu...				0	1	0									0	
38	00038-41925727-abstract.txt	41925727	study_taxa	taxon_candidate	AUTO:Flavobacterium%20gelidicaeli	Flavobacterium gelidicaeli	1447:1473	"...um aeripolare (14AT=CCM 8972T=CGMCC 1.18502T) and [[Flavobacterium gelidicaeli]] (28AT=CCM 8973T=CGMCC 1.18503T) are proposed.
"				0	1	0									0	
38	00038-41925727-abstract.txt	41925727	study_taxa	taxon_candidate	AUTO:Flavobacterium%20faecale	Flavobacterium faecale	458:480	...ealed that strain 7AT shared 98.40% similarity to [[Flavobacterium faecale]] WV33T, while strains 14AT, 28AT and 7E showed 98....				0	1	0				NCBITaxon:1355330	NCBITaxon:1355330	Flavobacterium faecale	biolink:OrganismTaxon	name	4	in:biolink:subclass_of:kgmicrobe.strain:CECT-8384|in:biolink:subclass_of:kgmicrobe.strain:KCTC-32457|in:biolink:subclass_of:kgmicrobe.strain:bacdive_168866|out:biolink:subclass_of:NCBITaxon:237
38	00038-41925727-abstract.txt	41925727	study_taxa	taxon_candidate	AUTO:Flavobacterium%20frigidarium	Flavobacterium frigidarium	582:608	...%, 98.74% and 98.61% similarity, respectively, to [[Flavobacterium frigidarium]] A2iT. The average nucleotide identity (ANI) and d...				0	1	0				NCBITaxon:99286	NCBITaxon:99286	Flavobacterium frigidarium	biolink:OrganismTaxon	name	5	in:biolink:subclass_of:NCBITaxon:1121890|out:biolink:subclass_of:NCBITaxon:237|out:METPO:2000103:GO:0045493|out:biolink:has_phenotype:METPO:1000602|in:biolink:location_of:ENVO:03000033
38	00038-41925727-abstract.txt	41925727	strains	strain	AUTO:7AT	7AT	140:143; 426:429; 1227:1230; 1357:1360	...ht orange-pigmented bacterial strains, designated [[7AT]], 14AT, 28AT and 7E, were isolated from air sample...; ...the genus Flavobacterium and revealed that strain [[7AT]] shared 98.40% similarity to Flavobacterium faecal...; ...omic and phenotypic data, we propose that strains [[7AT]], 14AT and 28AT represent three novel species of t...; ...r which the names Flavobacterium psychraerolatum ([[7AT]]=CCM 8976T=DSM 111734T), Flavobacterium aeripolare...				0	0	1									0	
38	00038-41925727-abstract.txt	41925727	strains	strain	AUTO:14AT	14AT	145:149; 502:506; 1232:1236; 1412:1416	...ange-pigmented bacterial strains, designated 7AT, [[14AT]], 28AT and 7E, were isolated from air samples coll...; ...ty to Flavobacterium faecale WV33T, while strains [[14AT]], 28AT and 7E showed 98.88%, 98.74% and 98.61% sim...; ...and phenotypic data, we propose that strains 7AT, [[14AT]] and 28AT represent three novel species of the gen...; ...CM 8976T=DSM 111734T), Flavobacterium aeripolare ([[14AT]]=CCM 8972T=CGMCC 1.18502T) and Flavobacterium geli...				0	0	1									0	
38	00038-41925727-abstract.txt	41925727	strains	strain	AUTO:28AT	28AT	151:155; 508:512; 900:904; 1241:1245; 1475:1479	"...igmented bacterial strains, designated 7AT, 14AT, [[28AT]] and 7E, were isolated from air samples collected ...; ...Flavobacterium faecale WV33T, while strains 14AT, [[28AT]] and 7E showed 98.88%, 98.74% and 98.61% similarit...; ...Moreover, the ANI and dDDH values between strains [[28AT]] and 7E were 97.62% and 78.30%, respectively, indi...; ...typic data, we propose that strains 7AT, 14AT and [[28AT]] represent three novel species of the genus Flavob...; ...T=CGMCC 1.18502T) and Flavobacterium gelidicaeli ([[28AT]]=CCM 8973T=CGMCC 1.18503T) are proposed.
"				0	0	1									0	
38	00038-41925727-abstract.txt	41925727	strains	strain	AUTO:7E	7E	160:162; 517:519; 909:911	...bacterial strains, designated 7AT, 14AT, 28AT and [[7E]], were isolated from air samples collected at Fild...; ...erium faecale WV33T, while strains 14AT, 28AT and [[7E]] showed 98.88%, 98.74% and 98.61% similarity, resp...; ... the ANI and dDDH values between strains 28AT and [[7E]] were 97.62% and 78.30%, respectively, indicating ...				0	0	1									0	
38	00038-41925727-abstract.txt	41925727	strains	strain	AUTO:WV33T	WV33T	481:486	...hared 98.40% similarity to Flavobacterium faecale [[WV33T]], while strains 14AT, 28AT and 7E showed 98.88%, 9...				0	0	1									0	
38	00038-41925727-abstract.txt	41925727	strains	strain	AUTO:A2iT	A2iT	609:613	...rity, respectively, to Flavobacterium frigidarium [[A2iT]]. The average nucleotide identity (ANI) and digita...				0	0	1									0	
38	00038-41925727-abstract.txt	41925727	strains	strain	AUTO:CCM%208976T	CCM 8976T	1361:1370	...ich the names Flavobacterium psychraerolatum (7AT=[[CCM 8976T]]=DSM 111734T), Flavobacterium aeripolare (14AT=CCM...				0	0	1									0	
38	00038-41925727-abstract.txt	41925727	strains	strain	AUTO:DSM%20111734T	DSM 111734T	1371:1382	...mes Flavobacterium psychraerolatum (7AT=CCM 8976T=[[DSM 111734T]]), Flavobacterium aeripolare (14AT=CCM 8972T=CGMCC...				0	0	1									0	
38	00038-41925727-abstract.txt	41925727	strains	strain	AUTO:CCM%208972T	CCM 8972T	1417:1426	...76T=DSM 111734T), Flavobacterium aeripolare (14AT=[[CCM 8972T]]=CGMCC 1.18502T) and Flavobacterium gelidicaeli (2...				0	0	1									0	
38	00038-41925727-abstract.txt	41925727	strains	strain	AUTO:CGMCC%201.18502T	CGMCC 1.18502T	1427:1441	...1734T), Flavobacterium aeripolare (14AT=CCM 8972T=[[CGMCC 1.18502T]]) and Flavobacterium gelidicaeli (28AT=CCM 8973T=C...				0	0	1									0	
38	00038-41925727-abstract.txt	41925727	strains	strain	AUTO:CCM%208973T	CCM 8973T	1480:1489	"...CC 1.18502T) and Flavobacterium gelidicaeli (28AT=[[CCM 8973T]]=CGMCC 1.18503T) are proposed.
"				0	0	1									0	
38	00038-41925727-abstract.txt	41925727	strains	strain	AUTO:CGMCC%201.18503T	CGMCC 1.18503T	1490:1504	"...T) and Flavobacterium gelidicaeli (28AT=CCM 8973T=[[CGMCC 1.18503T]]) are proposed.
"				0	0	1									0	
39	00039-40924470-abstract.txt	40924470	study_taxa	taxon_candidate	AUTO:Streptomyces%20mayonensis	Streptomyces mayonensis	1547:1570	...ain Streptomyces olivaceus NRRL B-3009T. The name [[Streptomyces mayonensis]] sp. nov., derived from the Mayon Volcano in the P...				0	1	0									0	
39	00039-40924470-abstract.txt	40924470	study_taxa	taxon_candidate	AUTO:Streptomyces%20djakartensis	Streptomyces djakartensis	263:288	... genus Streptomyces with sequence similarity with [[Streptomyces djakartensis]] NBRC 15409T (99.02%), Streptomyces tuirus NBRC 15...				0	1	0				NCBITaxon:68193	NCBITaxon:68193	Streptomyces djakartensis	biolink:OrganismTaxon	name	21	out:biolink:subclass_of:NCBITaxon:1883|out:METPO:2000517:mediadive.medium:J45|out:METPO:2000517:mediadive.medium:65|out:METPO:2000517:mediadive.medium:84|out:METPO:2000517:mediadive.medium:J61
39	00039-40924470-abstract.txt	40924470	study_taxa	taxon_candidate	AUTO:Streptomyces%20tuirus	Streptomyces tuirus	311:330	...h Streptomyces djakartensis NBRC 15409T (99.02%), [[Streptomyces tuirus]] NBRC 15617T (98.88%) and Streptomyces mutabilis N...				0	1	0				NCBITaxon:68278	NCBITaxon:68278	Streptomyces tuirus	biolink:OrganismTaxon	name	30	out:biolink:subclass_of:NCBITaxon:1883|out:METPO:2000517:mediadive.medium:J42|out:METPO:2000517:mediadive.medium:65|out:METPO:2000517:mediadive.medium:J66|out:METPO:2000517:mediadive.medium:252
39	00039-40924470-abstract.txt	40924470	study_taxa	taxon_candidate	AUTO:Streptomyces%20mutabilis	Streptomyces mutabilis	356:378	...2%), Streptomyces tuirus NBRC 15617T (98.88%) and [[Streptomyces mutabilis]] NBRC 12800T (98.81%). Polyphasic characterization...				0	1	0				NCBITaxon:67332	NCBITaxon:67332	Streptomyces mutabilis	biolink:OrganismTaxon	name	31	out:biolink:subclass_of:NCBITaxon:1883|out:METPO:2000517:mediadive.medium:J50|out:METPO:2000517:mediadive.medium:65|out:METPO:2000517:mediadive.medium:J66|out:biolink:has_phenotype:METPO:1000698
39	00039-40924470-abstract.txt	40924470	study_taxa	taxon_candidate	AUTO:Streptomyces%20olivaceus	Streptomyces olivaceus	1501:1523	...ge nt identity value with the closest type strain [[Streptomyces olivaceus]] NRRL B-3009T. The name Streptomyces mayonensis sp...				0	1	0				NCBITaxon:47716	NCBITaxon:47716	Streptomyces olivaceus	biolink:OrganismTaxon	name	123	out:biolink:subclass_of:NCBITaxon:1883|out:METPO:2000517:mediadive.medium:84|out:METPO:2000517:mediadive.medium:252|out:METPO:2000517:mediadive.medium:65|out:METPO:2000517:mediadive.medium:J42
39	00039-40924470-abstract.txt	40924470	strains	strain	AUTO:A1-08T	A1-08T	46:52; 191:197; 617:623; 1272:1278; 1347:1353; 1664:1670	"A novel actinobacterium, designated as strain [[A1-08T]], was isolated from the volcanic soils of Mt. Mayo...; ...f the 16S rRNA gene sequence revealed that strain [[A1-08T]] belonged to the genus Streptomyces with sequence ...; ...atory quinones. The major phospholipids of strain [[A1-08T]] are diphosphatidylglycerol, phosphatidylethanolam...; ...daptation were identified in the genome of strain [[A1-08T]] and its closest relative strains. Whole-genome se...; ...lative strains. Whole-genome sequencing confirmed [[A1-08T]] as a novel species within Streptomyces with 57.80...; ... the Philippines, is hereby proposed (type strain [[A1-08T]] =JCM 36345, =DSM 118395).
"				0	0	1									0	
39	00039-40924470-abstract.txt	40924470	strains	strain	AUTO:NBRC%2015409T	NBRC 15409T	289:300	...equence similarity with Streptomyces djakartensis [[NBRC 15409T]] (99.02%), Streptomyces tuirus NBRC 15617T (98.88%...				0	0	1									0	
39	00039-40924470-abstract.txt	40924470	strains	strain	AUTO:NBRC%2015617T	NBRC 15617T	331:342	...rtensis NBRC 15409T (99.02%), Streptomyces tuirus [[NBRC 15617T]] (98.88%) and Streptomyces mutabilis NBRC 12800T (...				0	0	1									0	
39	00039-40924470-abstract.txt	40924470	strains	strain	AUTO:NBRC%2012800T	NBRC 12800T	379:390	...s NBRC 15617T (98.88%) and Streptomyces mutabilis [[NBRC 12800T]] (98.81%). Polyphasic characterization demonstrate...				0	0	1									0	
39	00039-40924470-abstract.txt	40924470	strains	strain	AUTO:NRRL%20B-3009T	NRRL B-3009T	1524:1536	...th the closest type strain Streptomyces olivaceus [[NRRL B-3009T]]. The name Streptomyces mayonensis sp. nov., deriv...				0	0	1									0	
39	00039-40924470-abstract.txt	40924470	strains	strain	AUTO:JCM%2036345	JCM 36345	1672:1681	"...lippines, is hereby proposed (type strain A1-08T =[[JCM 36345]], =DSM 118395).
"				0	0	1									0	
39	00039-40924470-abstract.txt	40924470	strains	strain	AUTO:DSM%20118395	DSM 118395	1684:1694	"... hereby proposed (type strain A1-08T =JCM 36345, =[[DSM 118395]]).
"				0	0	1									0	
40	00040-40889139-abstract.txt	40889139	study_taxa	taxon_candidate	AUTO:Nesterenkonia%20maliinae	Nesterenkonia maliinae	1934:1956	...ent novel species, for which we propose the names [[Nesterenkonia maliinae]] sp. nov. (type strain CF4.4T=DSM 120326T=LMG 3412...				0	1	0									0	
40	00040-40889139-abstract.txt	40889139	study_taxa	taxon_candidate	AUTO:Arthrobacter%20arnarulunnguaqae	Arthrobacter arnarulunnguaqae	2014:2043	.... (type strain CF4.4T=DSM 120326T=LMG 34127T) and [[Arthrobacter arnarulunnguaqae]] sp. nov. (type strain KK5.5T=DSM 120323T=LMG 3412...				0	1	0									0	
40	00040-40889139-abstract.txt	40889139	strains	strain	AUTO:CF4.4T	CF4.4T	8:14; 335:341; 653:659; 765:771; 1979:1985	Strains [[CF4.4T]] and KK5.5T, previously isolated from samples of b...; ... between 4 and 25 °C and 0-20% (w/v) NaCl. Strain [[CF4.4T]] showed growth at pH 6-11 [optimal growth at pH 9-...; ... hybridization, the closest type strain to strain [[CF4.4T]] was Nesterenkonia aurantiaca DSM 27373T (31.8% si...; ...ty). The major respiratory menaquinones of strain [[CF4.4T]] were MK-7, MK-8, MK-9 and MK-10, and its major ce...; ...ames Nesterenkonia maliinae sp. nov. (type strain [[CF4.4T]]=DSM 120326T=LMG 34127T) and Arthrobacter arnarulu...				0	0	1									0	
40	00040-40889139-abstract.txt	40889139	strains	strain	AUTO:KK5.5T	KK5.5T	19:25; 1023:1029; 1365:1371; 1520:1526; 2066:2072	"Strains CF4.4T and [[KK5.5T]], previously isolated from samples of biocrust and...; ...ycolipid and an unidentified phospholipid. Strain [[KK5.5T]] showed growth at pH 6-10, with optimal growth at ...; ...tanensis NCCP-1664T (97.6%). The genome of strain [[KK5.5T]] showed the most similarity to A. halodurans DSM 2...; ...ion. The major respiratory menaquinones of strain [[KK5.5T]] were MK-9(H2) and MK-10(H2), with small amounts o...; ...throbacter arnarulunnguaqae sp. nov. (type strain [[KK5.5T]]=DSM 120323T=LMG 34129T).
"				0	0	1									0	
40	00040-40889139-abstract.txt	40889139	strains	strain	AUTO:JG-241T	JG-241T	497:504	... similarities over 99% with Nesterenkonia jeogali [[JG-241T]], Nesterenkonia lutea YIM 70081T and Nesterenkonia...				0	0	1									0	
40	00040-40889139-abstract.txt	40889139	strains	strain	AUTO:YIM%2070081T	YIM 70081T	526:536	...esterenkonia jeogali JG-241T, Nesterenkonia lutea [[YIM 70081T]] and Nesterenkonia sandarakina YIM 70009T. Based o...				0	0	1									0	
40	00040-40889139-abstract.txt	40889139	strains	strain	AUTO:YIM%2070009T	YIM 70009T	567:577	...ia lutea YIM 70081T and Nesterenkonia sandarakina [[YIM 70009T]]. Based on digital DNA-DNA hybridization, the clos...				0	0	1									0	
40	00040-40889139-abstract.txt	40889139	strains	strain	AUTO:DSM%2027373T	DSM 27373T	689:699	...ain to strain CF4.4T was Nesterenkonia aurantiaca [[DSM 27373T]] (31.8% similarity). The major respiratory menaqui...				0	0	1									0	
40	00040-40889139-abstract.txt	40889139	strains	strain	AUTO:JSM%20078085T	JSM 078085T	1234:1245	...s most closely related to Arthrobacter halodurans [[JSM 078085T]] (99.1%), Arthrobacter ginkgonis SYP-A7299T (97.7%...				0	0	1									0	
40	00040-40889139-abstract.txt	40889139	strains	strain	AUTO:SYP-A7299T	SYP-A7299T	1278:1288	...urans JSM 078085T (99.1%), Arthrobacter ginkgonis [[SYP-A7299T]] (97.7%) and Zafaria cholistanensis NCCP-1664T (97...				0	0	1									0	
40	00040-40889139-abstract.txt	40889139	strains	strain	AUTO:NCCP-1664T	NCCP-1664T	1324:1334	...nis SYP-A7299T (97.7%) and Zafaria cholistanensis [[NCCP-1664T]] (97.6%). The genome of strain KK5.5T showed the m...				0	0	1									0	
40	00040-40889139-abstract.txt	40889139	strains	strain	AUTO:DSM%2021081T	DSM 21081T	1416:1426	...K5.5T showed the most similarity to A. halodurans [[DSM 21081T]] (22.6%) based on digital DNA-DNA hybridization. T...				0	0	1									0	
40	00040-40889139-abstract.txt	40889139	strains	strain	AUTO:DSM%20120326T	DSM 120326T	1986:1997	...sterenkonia maliinae sp. nov. (type strain CF4.4T=[[DSM 120326T]]=LMG 34127T) and Arthrobacter arnarulunnguaqae sp....				0	0	1									0	
40	00040-40889139-abstract.txt	40889139	strains	strain	AUTO:LMG%2034127T	LMG 34127T	1998:2008	...maliinae sp. nov. (type strain CF4.4T=DSM 120326T=[[LMG 34127T]]) and Arthrobacter arnarulunnguaqae sp. nov. (type...				0	0	1									0	
40	00040-40889139-abstract.txt	40889139	strains	strain	AUTO:DSM%20120323T	DSM 120323T	2073:2084	"...ter arnarulunnguaqae sp. nov. (type strain KK5.5T=[[DSM 120323T]]=LMG 34129T).
"				0	0	1									0	
40	00040-40889139-abstract.txt	40889139	strains	strain	AUTO:LMG%2034129T	LMG 34129T	2085:2095	"...nnguaqae sp. nov. (type strain KK5.5T=DSM 120323T=[[LMG 34129T]]).
"				0	0	1									0	
40	00040-40889139-abstract.txt	40889139	chemical_utilization_object	chemical	AUTO:NaCl	NaCl	322:326; 407:411; 1103:1107	...showed growth between 4 and 25 °C and 0-20% (w/v) [[NaCl]]. Strain [[CF4.4T]] showed growth at pH 6-11 [optimal ...; ...t pH 6-11 [optimal growth at pH 9-10 and 5% (w/v) [[NaCl]]]. Its 16S rRNA gene sequence showed similarities ...; ...0, with optimal growth at pH 8-9 and 0-2.5% (w/v) [[NaCl]]. Phylogenetic analysis based on its 16S rRNA gene...	AUTO:CF4.4T	CF4.4T	uses_for_growth	1	0	0	METPO:2000012	uses for growth	label	CHEBI:26710	CHEBI:26710	1% sodium chloride	biolink:ChemicalEntity|biolink:ChemicalSubstance|biolink:SmallMolecule	synonym	2636	out:biolink:subclass_of:CHEBI:36093|out:biolink:subclass_of:CHEBI:38702|out:biolink:related_to:CHEBI:149552|out:biolink:has_chemical_role:CHEBI:149552|out:biolink:related_to:CHEBI:228364
40	00040-40889139-abstract.txt	40889139	chemical_utilization_object	chemical	AUTO:NaCl	NaCl	322:326; 407:411; 1103:1107	...showed growth between 4 and 25 °C and 0-20% (w/v) [[NaCl]]. Strain CF4.4T showed growth at pH 6-11 [optimal ...; ...t pH 6-11 [optimal growth at pH 9-10 and 5% (w/v) [[NaCl]]]. Its 16S rRNA gene sequence showed similarities ...; ...0, with optimal growth at pH 8-9 and 0-2.5% (w/v) [[NaCl]]. Phylogenetic analysis based on its 16S rRNA gene...	AUTO:KK5.5T	KK5.5T	uses_for_growth	1	0	0	METPO:2000012	uses for growth	label	CHEBI:26710	CHEBI:26710	1% sodium chloride	biolink:ChemicalEntity|biolink:ChemicalSubstance|biolink:SmallMolecule	synonym	2636	out:biolink:subclass_of:CHEBI:36093|out:biolink:subclass_of:CHEBI:38702|out:biolink:related_to:CHEBI:149552|out:biolink:has_chemical_role:CHEBI:149552|out:biolink:related_to:CHEBI:228364
41	00041-41874546-abstract.txt	41874546	study_taxa	taxon_candidate	AUTO:Bifidobacterium%20catenulatum	Bifidobacterium catenulatum	366:393	...vel diversity reflects adaptation to host niches. [[Bifidobacterium catenulatum]] currently comprises two subspecies catenulatum an...				0	1	0				NCBITaxon:1686	NCBITaxon:1686	Bifidobacterium catenulatum	biolink:OrganismTaxon	name	39	out:biolink:subclass_of:NCBITaxon:1678|out:METPO:2000517:mediadive.medium:J11|out:METPO:2000517:mediadive.medium:J13|out:METPO:2000517:mediadive.medium:58|out:biolink:has_phenotype:METPO:1000667
41	00041-41874546-abstract.txt	41874546	study_taxa	taxon_candidate	AUTO:Bifidobacterium%20hominis	Bifidobacterium hominis	1211:1234	... a novel species, which was recently validated as [[Bifidobacterium hominis]]. The second group, comprising four strains, showe...				0	1	0				NCBITaxon:3133177	NCBITaxon:3133177|kgmicrobe.strain:bacdive_177671	Bifidobacterium hominis	biolink:OrganismTaxon	name	1	out:biolink:subclass_of:NCBITaxon:1678
41	00041-41874546-abstract.txt	41874546	study_taxa	taxon_candidate	AUTO:Bifidobacterium%20catenulatum%20subsp.%20puerorum	Bifidobacterium catenulatum subsp. puerorum						0	1	0									0	
41	00041-41874546-abstract.txt	41874546	strains	strain	AUTO:YIT%2011099T	YIT 11099T	2235:2245	"...catenulatum subspecies puerorum, with type strain [[YIT 11099T]] (=JCM 37523T=DSM 118686T).
"				0	0	1									0	
41	00041-41874546-abstract.txt	41874546	strains	strain	AUTO:JCM%2037523T	JCM 37523T	2248:2258	"...ubspecies puerorum, with type strain YIT 11099T (=[[JCM 37523T]]=DSM 118686T).
"				0	0	1									0	
41	00041-41874546-abstract.txt	41874546	strains	strain	AUTO:DSM%20118686T	DSM 118686T	2259:2270	"...uerorum, with type strain YIT 11099T (=JCM 37523T=[[DSM 118686T]]).
"				0	0	1									0	
41	00041-41874546-abstract.txt	41874546	chemical_utilization_object	chemical	AUTO:human%20milk%20oligosaccharide	human milk oligosaccharide	1752:1778	...latum subsp. puerorum harboured genes involved in [[human milk oligosaccharide]] (HMO) and urea metabolism, consistent with its is...	AUTO:Bifidobacterium%20catenulatum%20subsp.%20puerorum	Bifidobacterium catenulatum subsp. puerorum	uses_for_growth	1	0	0	METPO:2000012	uses for growth	label						0	
41	00041-41874546-abstract.txt	41874546	chemical_utilization_object	chemical	AUTO:urea	urea	1789:1793	... involved in human milk oligosaccharide (HMO) and [[urea]] metabolism, consistent with its isolation from in...	AUTO:Bifidobacterium%20catenulatum%20subsp.%20puerorum	Bifidobacterium catenulatum subsp. puerorum	uses_for_growth	1	0	0	METPO:2000012	uses for growth	label	CHEBI:16199	CHEBI:16199	urea	biolink:ChemicalEntity|biolink:ChemicalSubstance|biolink:SmallMolecule	name	18231	out:biolink:subclass_of:CHEBI:29347|out:biolink:subclass_of:CHEBI:64708|out:biolink:related_to:CHEBI:33287|out:biolink:has_chemical_role:CHEBI:33287|out:biolink:related_to:CHEBI:64577
41	00041-41874546-abstract.txt	41874546	chemical_utilization_object	chemical	AUTO:inulin	inulin	2038:2044	...es supported these distinctions, including unique [[inulin]] utilization by B. catenulatum subsp. puerorum. Ba...	AUTO:Bifidobacterium%20catenulatum%20subsp.%20puerorum	Bifidobacterium catenulatum subsp. puerorum	uses_for_growth	1	0	0	METPO:2000012	uses for growth	label	CHEBI:15443	CHEBI:15443|mediadive.ingredient:516	inulin	biolink:ChemicalEntity|biolink:Macromolecule	name	14519	out:biolink:subclass_of:CHEBI:29084|in:biolink:has_input:assay:API_20STR_INU|in:biolink:has_input:assay:API_50CHac_INU|in:biolink:has_input:assay:API_50CHas_INU|in:METPO:2000037:kgmicrobe.strain:bacdive_10173
41	00041-41874546-abstract.txt	41874546	chemical_utilization_object	chemical	AUTO:human%20milk%20oligosaccharide	human milk oligosaccharide	1752:1778	...latum subsp. puerorum harboured genes involved in [[human milk oligosaccharide]] (HMO) and urea metabolism, consistent with its is...	AUTO:Bifidobacterium%20hominis	Bifidobacterium hominis	uses_for_growth	1	0	0	METPO:2000012	uses for growth	label						0	
41	00041-41874546-abstract.txt	41874546	chemical_utilization_object	chemical	AUTO:xylooligosaccharide	xylooligosaccharide	1938:1957	...d strain-dependent variation in genes for HMO and [[xylooligosaccharide]] utilization. Phenotypic analyses supported these ...	AUTO:Bifidobacterium%20hominis	Bifidobacterium hominis	uses_for_growth	1	0	0	METPO:2000012	uses for growth	label	CHEBI:62864	CHEBI:62864	xylooligosaccharide	biolink:SmallMolecule	name	2	in:biolink:subclass_of:CHEBI:62774|out:biolink:subclass_of:CHEBI:50699
42	00042-41823260-abstract.txt	41823260	study_taxa	taxon_candidate	AUTO:Clostridium%20caseinilyticum	Clostridium caseinilyticum	169:195	...obic, spore-forming, motile bacterium, designated [[Clostridium caseinilyticum]] sp. nov., was isolated from hard and extra-hard c...				0	1	0				NCBITaxon:3350403	NCBITaxon:3350403|kgmicrobe.strain:bacdive_176454	Clostridium caseinilyticum	biolink:OrganismTaxon	name	1	out:biolink:subclass_of:NCBITaxon:1485
42	00042-41823260-abstract.txt	41823260	study_taxa	taxon_candidate	AUTO:Clostridium%20tepidum	Clostridium tepidum	733:752	...rRNA gene sequences placed the new taxon close to [[Clostridium tepidum]] DSM 104389T and to members of the Clostridium bot...				0	1	0				NCBITaxon:1962263	NCBITaxon:1962263	Clostridium tepidum	biolink:OrganismTaxon	name	36	out:biolink:subclass_of:NCBITaxon:1485|out:METPO:2000517:mediadive.medium:1203|out:METPO:2000517:mediadive.medium:1203a|out:METPO:2000517:mediadive.medium:693|out:METPO:2000517:mediadive.medium:104
42	00042-41823260-abstract.txt	41823260	study_taxa	taxon_candidate	AUTO:Clostridium%20botulinum%20Group%20I	Clostridium botulinum Group I	787:816	...tridium tepidum DSM 104389T and to members of the [[Clostridium botulinum Group I]], such as Clostridium sporogenes DSM 795T. Average...				0	1	0									0	
42	00042-41823260-abstract.txt	41823260	study_taxa	taxon_candidate	AUTO:Clostridium%20sporogenes	Clostridium sporogenes	826:848	...ers of the Clostridium botulinum Group I, such as [[Clostridium sporogenes]] DSM 795T. Average nucleotide identity (ANI) value...				0	1	0				NCBITaxon:1509	NCBITaxon:1509	Clostridium sporogenes	biolink:OrganismTaxon	name	134	out:biolink:subclass_of:NCBITaxon:1485|out:METPO:2000517:mediadive.medium:J13|out:METPO:2000517:mediadive.medium:420|out:METPO:2000517:mediadive.medium:693|out:METPO:2000517:mediadive.medium:78
42	00042-41823260-abstract.txt	41823260	strains	strain	AUTO:FAM%201755T	FAM 1755T	333:342; 574:583; 1449:1458; 1976:1985	"...egradation of the cheese matrix. The type strain, [[FAM 1755T]], was obtained from Swiss Emmentaler cheese in 198...; ...pectively. The rod-shaped, Gram-positive cells of [[FAM 1755T]] measured 3-4.5 µm in length and 0.7-0.9 µm in wid...; ...atin but not aesculin. The polar lipid profile of [[FAM 1755T]] included phosphatidylglycerol, diphosphatidylglyc...; ... C. caseinilyticum sp. nov., with the type strain [[FAM 1755T]] (=DSM 117478T=LMG 33232T=CCOS 2102T).
"				0	0	1									0	
42	00042-41823260-abstract.txt	41823260	strains	strain	AUTO:CREA%204990	CREA 4990	418:427	...Emmentaler cheese in 1983, and additional strains [[CREA 4990]] and FAM 27665 were isolated from Italian Grana Pa...				0	0	1									0	
42	00042-41823260-abstract.txt	41823260	strains	strain	AUTO:FAM%2027665	FAM 27665	432:441	...ese in 1983, and additional strains CREA 4990 and [[FAM 27665]] were isolated from Italian Grana Padano in 2022 a...				0	0	1									0	
42	00042-41823260-abstract.txt	41823260	strains	strain	AUTO:DSM%20104389T	DSM 104389T	753:764; 1013:1024	...placed the new taxon close to Clostridium tepidum [[DSM 104389T]] and to members of the Clostridium botulinum Group...; ...eshold, with the highest similarity to C. tepidum [[DSM 104389T]] (91.4% ANI). The new species grew at a slightly l...				0	0	1									0	
42	00042-41823260-abstract.txt	41823260	strains	strain	AUTO:DSM%20795T	DSM 795T	849:857	...botulinum Group I, such as Clostridium sporogenes [[DSM 795T]]. Average nucleotide identity (ANI) values with re...				0	0	1									0	
42	00042-41823260-abstract.txt	41823260	chemical_utilization_object	chemical	AUTO:glucose	glucose	1372:1379	...atalase-, oxidase- and urease-negative, fermented [[glucose]], and hydrolyzed gelatin but not aesculin. The pol...	AUTO:FAM%201755T	FAM 1755T	ferments	1	0	0	METPO:2000011	ferments	label	CHEBI:17234	CHEBI:17234|CHEBI:42758|CHEBI:4167	glucose	biolink:ChemicalEntity|biolink:SmallMolecule	name	27450	out:biolink:subclass_of:CHEBI:33917|out:biolink:related_to:CHEBI:78675|out:biolink:has_chemical_role:CHEBI:78675|in:biolink:subclass_of:CHEBI:17634|in:METPO:2000006:NCBITaxon:1002795
42	00042-41823260-abstract.txt	41823260	chemical_utilization_object	chemical	AUTO:gelatin	gelatin	1396:1403	...rease-negative, fermented glucose, and hydrolyzed [[gelatin]] but not aesculin. The polar lipid profile of FAM ...	AUTO:FAM%201755T	FAM 1755T	hydrolyzes	1	0	0	METPO:2000013	hydrolyzes	label	CHEBI:5291	CHEBI:5291	gelatin	biolink:ChemicalEntity|biolink:Macromolecule	name	13023	out:biolink:subclass_of:CHEBI:60004|out:biolink:related_to:CHEBI:36080|out:biolink:related_to:CHEBI:75768|out:biolink:has_chemical_role:CHEBI:75768|out:biolink:related_to:CHEBI:76507
42	00042-41823260-abstract.txt	41823260	chemical_utilization_object	chemical	AUTO:milk%20proteins	milk proteins	1837:1850	... tepidum, the new species consistently hydrolyzed [[milk proteins]], a feature implicated in cheese spoilage. Consequ...	AUTO:FAM%201755T	FAM 1755T	hydrolyzes	1	0	0	METPO:2000013	hydrolyzes	label						0	
42	00042-41823260-abstract.txt	41823260	chemical_utilization_object	chemical	AUTO:NaCl	NaCl	1180:1184	... sporogenes and was more halotolerant [0-5% (w/v) [[NaCl]]] than C. tepidum. Although genetically closer to ...	AUTO:FAM%201755T	FAM 1755T	tolerates	1	0	0	METPO:2000064	tolerates	label	CHEBI:26710	CHEBI:26710	1% sodium chloride	biolink:ChemicalEntity|biolink:ChemicalSubstance|biolink:SmallMolecule	synonym	2636	out:biolink:subclass_of:CHEBI:36093|out:biolink:subclass_of:CHEBI:38702|out:biolink:related_to:CHEBI:149552|out:biolink:has_chemical_role:CHEBI:149552|out:biolink:related_to:CHEBI:228364
42	00042-41823260-abstract.txt	41823260	strains	strain	AUTO:DSM%20117478T	DSM 117478T	1988:1999	"...yticum sp. nov., with the type strain FAM 1755T (=[[DSM 117478T]]=LMG 33232T=CCOS 2102T).
"				0	0	1									0	
42	00042-41823260-abstract.txt	41823260	strains	strain	AUTO:LMG%2033232T	LMG 33232T	2000:2010	"...ov., with the type strain FAM 1755T (=DSM 117478T=[[LMG 33232T]]=CCOS 2102T).
"				0	0	1									0	
42	00042-41823260-abstract.txt	41823260	strains	strain	AUTO:CCOS%202102T	CCOS 2102T	2011:2021	"...he type strain FAM 1755T (=DSM 117478T=LMG 33232T=[[CCOS 2102T]]).
"				0	0	1									0	
43	00043-41779016-abstract.txt	41779016	study_taxa	taxon_candidate	AUTO:Sphingobium%20wonjuense	Sphingobium wonjuense	1427:1448	...a new species of Sphingobium, for which the names [[Sphingobium wonjuense]] sp. nov. (type strain=CR2-8T=KCTC 8939T=JCM 36935...				0	1	0									0	
43	00043-41779016-abstract.txt	41779016	study_taxa	taxon_candidate	AUTO:Sphingobium%20erigeronicola	Sphingobium erigeronicola	1505:1530	...v. (type strain=CR2-8T=KCTC 8939T=JCM 36935T) and [[Sphingobium erigeronicola]] sp. nov. (type strain=HWE2-09T=KCTC 8940T=JCM 369...				0	1	0									0	
43	00043-41779016-abstract.txt	41779016	study_taxa	taxon_candidate	AUTO:Sphingobium%20limneticum	Sphingobium limneticum	306:328	...R2-8T shared the highest sequence similarity with [[Sphingobium limneticum]] 301T (98.0%), and HWE2-09T with Sphingobium rhizo...				0	1	0				NCBITaxon:1007511	NCBITaxon:1007511	Sphingobium limneticum	biolink:OrganismTaxon	name	47	out:biolink:subclass_of:NCBITaxon:165695|out:METPO:2000517:mediadive.medium:1a|out:METPO:2000006:CHEBI:28053|out:biolink:has_phenotype:METPO:1000704|out:biolink:has_phenotype:METPO:1000872
43	00043-41779016-abstract.txt	41779016	study_taxa	taxon_candidate	AUTO:Sphingobium%20rhizovicinum	Sphingobium rhizovicinum	361:385	...gobium limneticum 301T (98.0%), and HWE2-09T with [[Sphingobium rhizovicinum]] CC-FH12-1T (97.8%). The genome-based comparison i...				0	1	0				NCBITaxon:432308	NCBITaxon:432308	Sphingobium rhizovicinum	biolink:OrganismTaxon	name	30	out:biolink:subclass_of:NCBITaxon:165695|out:METPO:2000517:mediadive.medium:830|out:METPO:2000006:CHEBI:37684|out:biolink:has_phenotype:METPO:1000606|out:METPO:2000006:CHEBI:24996
43	00043-41779016-abstract.txt	41779016	study_taxa	taxon_candidate	AUTO:Sphingobium%20cupriresistens	Sphingobium cupriresistens	510:536	... and HWE2-09T shared the highest relatedness with [[Sphingobium cupriresistens]] CU4T, sharing 84.05% and 84.7 % orthologous avera...				0	1	0				NCBITaxon:1132417	NCBITaxon:1132417	Sphingobium cupriresistens	biolink:OrganismTaxon	name	49	out:biolink:subclass_of:NCBITaxon:165695|out:METPO:2000517:mediadive.medium:535|out:METPO:2000517:mediadive.medium:830|out:METPO:2000103:pathways:nitrate_reduction|out:METPO:2000006:CHEBI:16193
43	00043-41779016-abstract.txt	41779016	strains	strain	AUTO:CR2-8T	CR2-8T	39:45; 255:261; 454:460; 1181:1187; 1333:1339; 1471:1477	Two novel bacterial strains designated [[CR2-8T]] and HWE2-09T were isolated from mountain soil and...; ...d on 16S rRNA gene sequence indicated that strain [[CR2-8T]] shared the highest sequence similarity with Sphin...; .... The genome-based comparison indicated that both [[CR2-8T]] and HWE2-09T shared the highest relatedness with ...; ...e for both strains. The DNA G+C content of strain [[CR2-8T]] was 63.16 %, and that of strain HWE2-09T was 63.2...; ...enetic analyses indicate that each of the strains [[CR2-8T]] and HWE2-09T should be classified as a new specie...; ...names Sphingobium wonjuense sp. nov. (type strain=[[CR2-8T]]=KCTC 8939T=JCM 36935T) and Sphingobium erigeronic...				0	0	1									0	
43	00043-41779016-abstract.txt	41779016	strains	strain	AUTO:HWE2-09T	HWE2-09T	50:58; 347:355; 465:473; 1220:1228; 1344:1352; 1553:1561	"Two novel bacterial strains designated CR2-8T and [[HWE2-09T]] were isolated from mountain soil and plant root, ...; ...ity with Sphingobium limneticum 301T (98.0%), and [[HWE2-09T]] with Sphingobium rhizovicinum CC-FH12-1T (97.8%)....; ...e-based comparison indicated that both CR2-8T and [[HWE2-09T]] shared the highest relatedness with Sphingobium c...; ... of strain CR2-8T was 63.16 %, and that of strain [[HWE2-09T]] was 63.26 %. The phenotypic, chemotaxonomic and p...; ...yses indicate that each of the strains CR2-8T and [[HWE2-09T]] should be classified as a new species of Sphingob...; ...d Sphingobium erigeronicola sp. nov. (type strain=[[HWE2-09T]]=KCTC 8940T=JCM 36936T) are proposed.
"				0	0	1									0	
43	00043-41779016-abstract.txt	41779016	strains	strain	AUTO:301T	301T	329:333	...t sequence similarity with Sphingobium limneticum [[301T]] (98.0%), and HWE2-09T with Sphingobium rhizovicin...				0	0	1									0	
43	00043-41779016-abstract.txt	41779016	strains	strain	AUTO:CC-FH12-1T	CC-FH12-1T	386:396	...8.0%), and HWE2-09T with Sphingobium rhizovicinum [[CC-FH12-1T]] (97.8%). The genome-based comparison indicated th...				0	0	1									0	
43	00043-41779016-abstract.txt	41779016	strains	strain	AUTO:CU4T	CU4T	537:541	...ghest relatedness with Sphingobium cupriresistens [[CU4T]], sharing 84.05% and 84.7 % orthologous average nu...				0	0	1									0	
43	00043-41779016-abstract.txt	41779016	strains	strain	AUTO:KCTC%208939T	KCTC 8939T	1478:1488	...phingobium wonjuense sp. nov. (type strain=CR2-8T=[[KCTC 8939T]]=JCM 36935T) and Sphingobium erigeronicola sp. nov...				0	0	1									0	
43	00043-41779016-abstract.txt	41779016	strains	strain	AUTO:JCM%2036935T	JCM 36935T	1489:1499	...wonjuense sp. nov. (type strain=CR2-8T=KCTC 8939T=[[JCM 36935T]]) and Sphingobium erigeronicola sp. nov. (type str...				0	0	1									0	
43	00043-41779016-abstract.txt	41779016	strains	strain	AUTO:KCTC%208940T	KCTC 8940T	1562:1572	"...bium erigeronicola sp. nov. (type strain=HWE2-09T=[[KCTC 8940T]]=JCM 36936T) are proposed.
"				0	0	1									0	
43	00043-41779016-abstract.txt	41779016	strains	strain	AUTO:JCM%2036936T	JCM 36936T	1573:1583	"...onicola sp. nov. (type strain=HWE2-09T=KCTC 8940T=[[JCM 36936T]]) are proposed.
"				0	0	1									0	
44	00044-41773481-abstract.txt	41773481	study_taxa	taxon_candidate	AUTO:Streptomyces	Streptomyces	348:360; 385:397; 426:438; 1395:1407; 1477:1489; 1634:1646; 1668:1680; 1753:1765	...e data positions all six strains within the genus [[Streptomyces]], with close relation to Streptomyces endophyticus...; ...in the genus Streptomyces, with close relation to [[Streptomyces]] endophyticus YIM 65594T and Streptomyces fractus ...; ...ation to Streptomyces endophyticus YIM 65594T and [[Streptomyces]] fractus MV32T. Through genetic and chemotaxonomic...; ...ry metabolite gene clusters in the bee-associated [[Streptomyces]] strains, several of which were found to be absent...; ... which were found to be absent in closely related [[Streptomyces]] species. Based on genotypic, phenotypic and chemo...; ...H106 represent two novel species within the genus [[Streptomyces]], for which the names Streptomyces anthophorae sp....; ...ithin the genus Streptomyces, for which the names [[Streptomyces]] anthophorae sp. nov. (type strain BH034T=NRRL B-6...; ...type strain BH034T=NRRL B-65741T=DSM 119658T) and [[Streptomyces]] nidicola sp. nov. (type strain BH106T=NRRL B-6574...				0	1	0				NCBITaxon:1883	NCBITaxon:1883	Streptomyces	biolink:OrganismTaxon	name	1305	in:biolink:subclass_of:NCBITaxon:103232|in:biolink:subclass_of:NCBITaxon:1038928|in:biolink:subclass_of:NCBITaxon:104206|in:biolink:subclass_of:NCBITaxon:1042984|in:biolink:subclass_of:NCBITaxon:1045501
44	00044-41773481-abstract.txt	41773481	study_taxa	taxon_candidate	AUTO:Streptomyces%20anthophorae	Streptomyces anthophorae	1668:1692	...ithin the genus Streptomyces, for which the names [[Streptomyces anthophorae]] sp. nov. (type strain BH034T=NRRL B-65741T=DSM 11...				0	1	0									0	
44	00044-41773481-abstract.txt	41773481	study_taxa	taxon_candidate	AUTO:Streptomyces%20nidicola	Streptomyces nidicola	1753:1774	...type strain BH034T=NRRL B-65741T=DSM 119658T) and [[Streptomyces nidicola]] sp. nov. (type strain BH106T=NRRL B-65742T=DSM 11...				0	1	0									0	
44	00044-41773481-abstract.txt	41773481	study_taxa	taxon_candidate	AUTO:Anthophora%20bomboides	Anthophora bomboides	155:175	...loping brood in nests of the solitary bee species [[Anthophora bomboides]] from Bodega Bay, California, USA. Phylogenetic an...				0	1	0									0	
44	00044-41773481-abstract.txt	41773481	strains	strain	AUTO:BH034T	BH034T	35:41; 521:527; 850:856; 1715:1721	Six novel actinobacterial strains ([[BH034T]], BH055, BH097, BH104, BH105 and BH106T) were isol...; ...nd chemotaxonomic analysis, five of the isolates ([[BH034T]], BH055, BH097, BH104 and BH105) were found to be ...; ...+C content of 70.9 (±0.07) mol%. The type strain, [[BH034T]], contained iso-C16 : 0, anteiso-C15 : 0 and iso-C...; ...es Streptomyces anthophorae sp. nov. (type strain [[BH034T]]=NRRL B-65741T=DSM 119658T) and Streptomyces nidic...				0	0	1									0	
44	00044-41773481-abstract.txt	41773481	strains	strain	AUTO:BH055	BH055	43:48; 529:534	Six novel actinobacterial strains (BH034T, [[BH055]], BH097, BH104, BH105 and BH106T) were isolated fr...; ...taxonomic analysis, five of the isolates (BH034T, [[BH055]], BH097, BH104 and BH105) were found to be a clade...				0	0	1									0	
44	00044-41773481-abstract.txt	41773481	strains	strain	AUTO:BH097	BH097	50:55; 536:541	Six novel actinobacterial strains (BH034T, BH055, [[BH097]], BH104, BH105 and BH106T) were isolated from deve...; ...ic analysis, five of the isolates (BH034T, BH055, [[BH097]], BH104 and BH105) were found to be a clade repres...				0	0	1									0	
44	00044-41773481-abstract.txt	41773481	strains	strain	AUTO:BH104	BH104	57:62; 543:548	...el actinobacterial strains (BH034T, BH055, BH097, [[BH104]], BH105 and BH106T) were isolated from developing ...; ...ysis, five of the isolates (BH034T, BH055, BH097, [[BH104]] and BH105) were found to be a clade representing ...				0	0	1									0	
44	00044-41773481-abstract.txt	41773481	strains	strain	AUTO:BH105	BH105	64:69; 553:558; 693:698; 1573:1578	...nobacterial strains (BH034T, BH055, BH097, BH104, [[BH105]] and BH106T) were isolated from developing brood i...; ... of the isolates (BH034T, BH055, BH097, BH104 and [[BH105]]) were found to be a clade representing one specie...; ... (ANI)], whereas BH106T was a distinct species (T-[[BH105]]), the genomes comprised on average 9.6 Mb (±0.4 M...; ...otypic and chemotaxonomic analyses, strains BH034-[[BH105]] and BH106 represent two novel species within the ...				0	0	1									0	
44	00044-41773481-abstract.txt	41773481	strains	strain	AUTO:BH106T	BH106T	74:80; 660:666; 1011:1017; 1797:1803	"...l strains (BH034T, BH055, BH097, BH104, BH105 and [[BH106T]]) were isolated from developing brood in nests of ...; ...[>96% average nucleotide identity (ANI)], whereas [[BH106T]] was a distinct species (T-BH105), the genomes com...; ...elic acid in the cell wall. The remaining strain, [[BH106T]], represents a distinct species; its genome compri...; ...) and Streptomyces nidicola sp. nov. (type strain [[BH106T]]=NRRL B-65742T=DSM 119659T) are proposed.
"				0	0	1									0	
44	00044-41773481-abstract.txt	41773481	strains	strain	AUTO:T-BH105	T-BH105	691:698	...ty (ANI)], whereas BH106T was a distinct species ([[T-BH105]]), the genomes comprised on average 9.6 Mb (±0.4 M...				0	0	1									0	
44	00044-41773481-abstract.txt	41773481	strains	strain	AUTO:YIM%2065594T	YIM 65594T	411:421	... with close relation to Streptomyces endophyticus [[YIM 65594T]] and Streptomyces fractus MV32T. Through genetic a...				0	0	1									0	
44	00044-41773481-abstract.txt	41773481	strains	strain	AUTO:MV32T	MV32T	447:452	... endophyticus YIM 65594T and Streptomyces fractus [[MV32T]]. Through genetic and chemotaxonomic analysis, fiv...				0	0	1									0	
44	00044-41773481-abstract.txt	41773481	strains	strain	AUTO:NRRL%20B-65741T	NRRL B-65741T	1722:1735	...ptomyces anthophorae sp. nov. (type strain BH034T=[[NRRL B-65741T]]=DSM 119658T) and Streptomyces nidicola sp. nov. (...				0	0	1									0	
44	00044-41773481-abstract.txt	41773481	strains	strain	AUTO:DSM%20119658T	DSM 119658T	1736:1747	...phorae sp. nov. (type strain BH034T=NRRL B-65741T=[[DSM 119658T]]) and Streptomyces nidicola sp. nov. (type strain ...				0	0	1									0	
44	00044-41773481-abstract.txt	41773481	strains	strain	AUTO:NRRL%20B-65742T	NRRL B-65742T	1804:1817	"...treptomyces nidicola sp. nov. (type strain BH106T=[[NRRL B-65742T]]=DSM 119659T) are proposed.
"				0	0	1									0	
44	00044-41773481-abstract.txt	41773481	strains	strain	AUTO:DSM%20119659T	DSM 119659T	1818:1829	"...dicola sp. nov. (type strain BH106T=NRRL B-65742T=[[DSM 119659T]]) are proposed.
"				0	0	1									0	
45	00045-41871164-abstract.txt	41871164	study_taxa	taxon_candidate	AUTO:Phreatobacter	Phreatobacter	236:249; 1363:1376; 1618:1631; 1717:1730; 1835:1848; 1869:1882	...ealed that the strain was affiliated to the genus [[Phreatobacter]]. Cells of the strain were Gram-negative, rod-shap...; ... strain HK31-PT and the type species of the genus [[Phreatobacter]] ranged, respectively, from 21.30 to 27% and from ...; ...sents a distinct genomic species within the genus [[Phreatobacter]], strongly supporting that the former represents a...; ...r represents a new species belonging to the genus [[Phreatobacter]]. Therefore, based on this polyphasic approach, st...; ...HK31-PT represents a new species within the genus [[Phreatobacter]], for which the name Phreatobacter aquiterrae sp. ...; ...ithin the genus Phreatobacter, for which the name [[Phreatobacter]] aquiterrae sp. nov. is proposed. The type strain ...				0	1	0				NCBITaxon:1632780	NCBITaxon:1632780	Phreatobacter	biolink:OrganismTaxon	name	7	in:biolink:subclass_of:NCBITaxon:1122261|in:biolink:subclass_of:NCBITaxon:1868589|in:biolink:subclass_of:NCBITaxon:1940610|out:biolink:subclass_of:NCBITaxon:2843305|in:biolink:subclass_of:NCBITaxon:1692114
45	00045-41871164-abstract.txt	41871164	study_taxa	taxon_candidate	AUTO:Phreatobacter%20aquiterrae	Phreatobacter aquiterrae	1869:1893	...ithin the genus Phreatobacter, for which the name [[Phreatobacter aquiterrae]] sp. nov. is proposed. The type strain is HK31-PT ...				0	1	0									0	
45	00045-41871164-abstract.txt	41871164	strains	strain	AUTO:HK31-PT	HK31-PT	37:44; 1148:1155; 1321:1328; 1555:1562; 1785:1792; 1935:1942	"A novel bacterial strain, designated [[HK31-PT]], was isolated from a deep subsurface geothermal a...; ...ids. The G+C content of the genomic DNA of strain [[HK31-PT]] was 67.66 mol%, and its complete genome was 4.34 ...; ...verage nucleotide identity indices between strain [[HK31-PT]] and the type species of the genus Phreatobacter r...; ...hresholds, thereby clearly indicating that strain [[HK31-PT]] represents a distinct genomic species within the ...; ...refore, based on this polyphasic approach, strain [[HK31-PT]] represents a new species within the genus Phreato...; ...uiterrae sp. nov. is proposed. The type strain is [[HK31-PT]] (DSM 116433T=UBOCC-M-3430T).
"				0	0	1									0	
45	00045-41871164-abstract.txt	41871164	strains	strain	AUTO:DSM%20116433T	DSM 116433T	1944:1955	"...sp. nov. is proposed. The type strain is HK31-PT ([[DSM 116433T]]=UBOCC-M-3430T).
"				0	0	1									0	
45	00045-41871164-abstract.txt	41871164	strains	strain	AUTO:UBOCC-M-3430T	UBOCC-M-3430T	1956:1969	"...proposed. The type strain is HK31-PT (DSM 116433T=[[UBOCC-M-3430T]]).
"				0	0	1									0	
45	00045-41871164-abstract.txt	41871164	chemical_utilization_object	chemical	AUTO:Fe%28II%29	Fe(II)	717:723	...thoautotrophic and (micro)aerobic conditions with [[Fe(II)]] as an electron donor. The major respiratory quino...	AUTO:HK31-PT	HK31-PT	uses_as_electron_donor	1	0	0	METPO:2000009	uses as electron donor	label	CHEBI:29033	CHEBI:29033	ferrous ion	biolink:ChemicalEntity|biolink:SmallMolecule	synonym	1087	out:biolink:subclass_of:CHEBI:24875|out:biolink:subclass_of:CHEBI:30412|out:biolink:subclass_of:CHEBI:60240|out:biolink:related_to:CHEBI:23357|out:biolink:related_to:CHEBI:75771
46	00046-41818060-abstract.txt	41818060	study_taxa	taxon_candidate	AUTO:Deinococcus%20pantiae	Deinococcus pantiae	1306:1325	...ecies in the genus Deinococcus for which the name [[Deinococcus pantiae]] is proposed. The type strain is SM5_A1T (MCC 5347...				0	1	0									0	
46	00046-41818060-abstract.txt	41818060	study_taxa	taxon_candidate	AUTO:Deinococcus%20saxicola	Deinococcus saxicola	338:358	...ed that the strain SM5_A1T was closely related to [[Deinococcus saxicola]] DSM 15974T (98.39%), Deinococcus frigens DSM 1280...				0	1	0				NCBITaxon:249406	NCBITaxon:249406	Deinococcus saxicola	biolink:OrganismTaxon	name	12	out:biolink:subclass_of:NCBITaxon:1298|out:METPO:2000517:mediadive.medium:621|out:biolink:has_phenotype:METPO:1000602|out:biolink:has_phenotype:METPO:1000668|out:biolink:has_phenotype:METPO:1000703
46	00046-41818060-abstract.txt	41818060	study_taxa	taxon_candidate	AUTO:Deinococcus%20frigens	Deinococcus frigens	380:399	...ated to Deinococcus saxicola DSM 15974T (98.39%), [[Deinococcus frigens]] DSM 12807T (97.69%) and Deinococcus marmoris DSM ...				0	1	0				NCBITaxon:249403	NCBITaxon:249403	Deinococcus frigens	biolink:OrganismTaxon	name	11	in:biolink:subclass_of:NCBITaxon:1121380|out:biolink:subclass_of:NCBITaxon:1298|out:METPO:2000517:mediadive.medium:621|out:biolink:has_phenotype:METPO:1000431|in:biolink:subclass_of:kgmicrobe.strain:CIP-109041
46	00046-41818060-abstract.txt	41818060	study_taxa	taxon_candidate	AUTO:Deinococcus%20marmoris	Deinococcus marmoris	424:444	...39%), Deinococcus frigens DSM 12807T (97.69%) and [[Deinococcus marmoris]] DSM 12784T (97.06%). The overall genome-related i...				0	1	0				NCBITaxon:249408	NCBITaxon:249408	Deinococcus marmoris	biolink:OrganismTaxon	name	7	in:biolink:subclass_of:NCBITaxon:1121381|out:biolink:subclass_of:NCBITaxon:1298|out:METPO:2000517:mediadive.medium:621|out:biolink:has_phenotype:METPO:1000431|in:biolink:subclass_of:kgmicrobe.strain:DSM-15951
46	00046-41818060-abstract.txt	41818060	strains	strain	AUTO:SM5_A1T	SM5_A1T	116:123; 307:314; 1227:1234; 1358:1365	"... non-motile, coccoid bacterial strain, designated [[SM5_A1T]], was isolated from lake sediment collected from S...; ...he 16S rRNA gene sequence, showed that the strain [[SM5_A1T]] was closely related to Deinococcus saxicola DSM 1...; ... phylogenetic and chemotaxonomic data, the strain [[SM5_A1T]] represents a novel species in the genus Deinococc...; ...inococcus pantiae is proposed. The type strain is [[SM5_A1T]] (MCC 5347T=JCM 36669T=KCTC 43670T).
"				0	0	1									0	
46	00046-41818060-abstract.txt	41818060	strains	strain	AUTO:DSM%2015974T	DSM 15974T	359:369	...5_A1T was closely related to Deinococcus saxicola [[DSM 15974T]] (98.39%), Deinococcus frigens DSM 12807T (97.69%)...				0	0	1									0	
46	00046-41818060-abstract.txt	41818060	strains	strain	AUTO:DSM%2012807T	DSM 12807T	400:410	...saxicola DSM 15974T (98.39%), Deinococcus frigens [[DSM 12807T]] (97.69%) and Deinococcus marmoris DSM 12784T (97....				0	0	1									0	
46	00046-41818060-abstract.txt	41818060	strains	strain	AUTO:DSM%2012784T	DSM 12784T	445:455; 522:532	...gens DSM 12807T (97.69%) and Deinococcus marmoris [[DSM 12784T]] (97.06%). The overall genome-related indices reve...; ...erall genome-related indices revealed D. marmoris [[DSM 12784T]] as the phylogenetically nearest relative with an ...				0	0	1									0	
46	00046-41818060-abstract.txt	41818060	strains	strain	AUTO:MCC%205347T	MCC 5347T	1367:1376	"... pantiae is proposed. The type strain is SM5_A1T ([[MCC 5347T]]=JCM 36669T=KCTC 43670T).
"				0	0	1									0	
46	00046-41818060-abstract.txt	41818060	strains	strain	AUTO:JCM%2036669T	JCM 36669T	1377:1387	"...s proposed. The type strain is SM5_A1T (MCC 5347T=[[JCM 36669T]]=KCTC 43670T).
"				0	0	1									0	
46	00046-41818060-abstract.txt	41818060	strains	strain	AUTO:KCTC%2043670T	KCTC 43670T	1388:1399	"... The type strain is SM5_A1T (MCC 5347T=JCM 36669T=[[KCTC 43670T]]).
"				0	0	1									0	
47	00047-41774479-abstract.txt	41774479	study_taxa	taxon_candidate	AUTO:Serinicoccus%20shuyuelongi	Serinicoccus shuyuelongi	1667:1691	...hin the family Ornithinimicrobiaceae, proposed as [[Serinicoccus shuyuelongi]] sp. nov. (type strain LYQ92T=GDMCC 1.5391T=KCTC 5...				0	1	0									0	
47	00047-41774479-abstract.txt	41774479	study_taxa	taxon_candidate	AUTO:Ornithinimicrobium%20jinqii	Ornithinimicrobium jinqii	1752:1777	...type strain LYQ92T=GDMCC 1.5391T=KCTC 59547T) and [[Ornithinimicrobium jinqii]] sp. nov. (type strain LYQ121T=GDMCC 1.5402T=KCTC ...				0	1	0									0	
47	00047-41774479-abstract.txt	41774479	strains	strain	AUTO:LYQ92T	LYQ92T	14:20; 231:237; 713:719; 889:895; 1070:1076; 1302:1308; 1714:1720	Four strains ([[LYQ92T]], LYQ131, LYQ121T and LYQ103) were isolated from t...; ...ne and genome sequences demonstrated that strains [[LYQ92T]] and LYQ131 were adjacent to Serinicoccus profundi...; ..., non-motile and coccoid- and rod-shaped. Strains [[LYQ92T]] and LYQ131 grew at 10-37 °C, pH 6.0-10.0 and 0-13...; ...pH 7.0-9.0 and 0-7.0% (wt/vol) NaCl. Both strains [[LYQ92T]] and LYQ121T had MK-8(H4) as the primary respirato...; ...hosphatidylinositol. Major fatty acids of strains [[LYQ92T]] and LYQ131 were iso-C16:0, iso-C15:0, anteiso-C17...; ...iso-C16:0, iso-C15:0 and summed feature 9. Strain [[LYQ92T]] contained ribose, glucose and galactose as major ...; ...as Serinicoccus shuyuelongi sp. nov. (type strain [[LYQ92T]]=GDMCC 1.5391T=KCTC 59547T) and Ornithinimicrobium...				0	0	1									0	
47	00047-41774479-abstract.txt	41774479	strains	strain	AUTO:LYQ131	LYQ131	22:28; 242:248; 724:730; 1081:1087	Four strains (LYQ92T, [[LYQ131]], LYQ121T and LYQ103) were isolated from the faece...; ...me sequences demonstrated that strains LYQ92T and [[LYQ131]] were adjacent to Serinicoccus profundi MCCC 1A059...; ...e and coccoid- and rod-shaped. Strains LYQ92T and [[LYQ131]] grew at 10-37 °C, pH 6.0-10.0 and 0-13.0% (wt/vol...; ...inositol. Major fatty acids of strains LYQ92T and [[LYQ131]] were iso-C16:0, iso-C15:0, anteiso-C17:0, anteiso...				0	0	1									0	
47	00047-41774479-abstract.txt	41774479	strains	strain	AUTO:LYQ121T	LYQ121T	30:37; 356:363; 802:809; 900:907; 1228:1235; 1467:1474; 1800:1807	"Four strains (LYQ92T, LYQ131, [[LYQ121T]] and LYQ103) were isolated from the faeces of Anse...; ...Serinicoccus sediminis KCTC 49173T, while strains [[LYQ121T]] and LYQ103 were most closely related to Ornithini...; ...6.0-10.0 and 0-13.0% (wt/vol) NaCl, while strains [[LYQ121T]] and LYQ103 grew at 10-35 °C, pH 7.0-9.0 and 0-7.0...; ...and 0-7.0% (wt/vol) NaCl. Both strains LYQ92T and [[LYQ121T]] had MK-8(H4) as the primary respiratory quinone a...; ...6:0 and/or iso-C17:1 ω9c), while those of strains [[LYQ121T]] and LYQ103 were iso-C16:0, iso-C15:0 and summed f...; ...c acid and ornithine as major amino acids. Strain [[LYQ121T]] had a similar composition but lacked galactose an...; ...d Ornithinimicrobium jinqii sp. nov. (type strain [[LYQ121T]]=GDMCC 1.5402T=KCTC 59549T), respectively.
"				0	0	1									0	
47	00047-41774479-abstract.txt	41774479	strains	strain	AUTO:LYQ103	LYQ103	42:48; 368:374; 814:820; 1240:1246	Four strains (LYQ92T, LYQ131, LYQ121T and [[LYQ103]]) were isolated from the faeces of Anser anser and...; ... sediminis KCTC 49173T, while strains LYQ121T and [[LYQ103]] were most closely related to Ornithinimicrobium k...; ... 0-13.0% (wt/vol) NaCl, while strains LYQ121T and [[LYQ103]] grew at 10-35 °C, pH 7.0-9.0 and 0-7.0% (wt/vol) ...; ...so-C17:1 ω9c), while those of strains LYQ121T and [[LYQ103]] were iso-C16:0, iso-C15:0 and summed feature 9. S...				0	0	1									0	
47	00047-41774479-abstract.txt	41774479	strains	strain	AUTO:MCCC%201A05965T	MCCC 1A05965T	288:301	...and LYQ131 were adjacent to Serinicoccus profundi [[MCCC 1A05965T]] and Serinicoccus sediminis KCTC 49173T, while str...				0	0	1									0	
47	00047-41774479-abstract.txt	41774479	strains	strain	AUTO:KCTC%2049173T	KCTC 49173T	329:340	...profundi MCCC 1A05965T and Serinicoccus sediminis [[KCTC 49173T]], while strains LYQ121T and LYQ103 were most close...				0	0	1									0	
47	00047-41774479-abstract.txt	41774479	strains	strain	AUTO:DSM%2017687T	DSM 17687T	434:444	... closely related to Ornithinimicrobium kibberense [[DSM 17687T]], Ornithinimicrobium avium KCTC 49180T, Ornithinim...				0	0	1									0	
47	00047-41774479-abstract.txt	41774479	strains	strain	AUTO:KCTC%2049180T	KCTC 49180T	471:482	...m kibberense DSM 17687T, Ornithinimicrobium avium [[KCTC 49180T]], Ornithinimicrobium tianjinense CGMCC 1.12160T an...				0	0	1									0	
47	00047-41774479-abstract.txt	41774479	strains	strain	AUTO:CGMCC%201.12160T	CGMCC 1.12160T	515:529	...avium KCTC 49180T, Ornithinimicrobium tianjinense [[CGMCC 1.12160T]] and Ornithinimicrobium cerasi CPCC 203383T. Four ...				0	0	1									0	
47	00047-41774479-abstract.txt	41774479	strains	strain	AUTO:CPCC%20203383T	CPCC 203383T	560:572	...ense CGMCC 1.12160T and Ornithinimicrobium cerasi [[CPCC 203383T]]. Four novel strains were Gram-stain positive, oxi...				0	0	1									0	
47	00047-41774479-abstract.txt	41774479	strains	strain	AUTO:GDMCC%201.5391T	GDMCC 1.5391T	1721:1734	...nicoccus shuyuelongi sp. nov. (type strain LYQ92T=[[GDMCC 1.5391T]]=KCTC 59547T) and Ornithinimicrobium jinqii sp. no...				0	0	1									0	
47	00047-41774479-abstract.txt	41774479	strains	strain	AUTO:KCTC%2059547T	KCTC 59547T	1735:1746	...elongi sp. nov. (type strain LYQ92T=GDMCC 1.5391T=[[KCTC 59547T]]) and Ornithinimicrobium jinqii sp. nov. (type str...				0	0	1									0	
47	00047-41774479-abstract.txt	41774479	strains	strain	AUTO:GDMCC%201.5402T	GDMCC 1.5402T	1808:1821	"...inimicrobium jinqii sp. nov. (type strain LYQ121T=[[GDMCC 1.5402T]]=KCTC 59549T), respectively.
"				0	0	1									0	
47	00047-41774479-abstract.txt	41774479	strains	strain	AUTO:KCTC%2059549T	KCTC 59549T	1822:1833	"...inqii sp. nov. (type strain LYQ121T=GDMCC 1.5402T=[[KCTC 59549T]]), respectively.
"				0	0	1									0	
47	00047-41774479-abstract.txt	41774479	chemical_utilization_object	chemical	AUTO:ribose	ribose	1319:1325	...5:0 and summed feature 9. Strain [[LYQ92T]] contained [[ribose]], glucose and galactose as major sugars and alanin...	AUTO:LYQ92T	LYQ92T	uses_as_carbon_source	1	0	0	METPO:2000006	uses as carbon source	label	CHEBI:33942	CHEBI:33942|mediadive.ingredient:168|CHEBI:47013|CHEBI:27476|CHEBI:45506	ribose	biolink:ChemicalEntity|biolink:SmallMolecule	name	2143	in:biolink:subclass_of:CHEBI:16988|out:biolink:subclass_of:CHEBI:33916|in:METPO:2000006:NCBITaxon:1002795|in:METPO:2000006:NCBITaxon:1003091|in:METPO:2000006:NCBITaxon:1003092
47	00047-41774479-abstract.txt	41774479	chemical_utilization_object	chemical	AUTO:glucose	glucose	1327:1334	...summed feature 9. Strain [[LYQ92T]] contained ribose, [[glucose]] and galactose as major sugars and alanine, glutam...	AUTO:LYQ92T	LYQ92T	uses_as_carbon_source	1	0	0	METPO:2000006	uses as carbon source	label	CHEBI:17234	CHEBI:17234|CHEBI:42758|CHEBI:4167	glucose	biolink:ChemicalEntity|biolink:SmallMolecule	name	27450	out:biolink:subclass_of:CHEBI:33917|out:biolink:related_to:CHEBI:78675|out:biolink:has_chemical_role:CHEBI:78675|in:biolink:subclass_of:CHEBI:17634|in:METPO:2000006:NCBITaxon:1002795
47	00047-41774479-abstract.txt	41774479	chemical_utilization_object	chemical	AUTO:galactose	galactose	1339:1348; 1512:1521	...re 9. Strain [[LYQ92T]] contained ribose, glucose and [[galactose]] as major sugars and alanine, glutamic acid, serin...; ...rain LYQ121T had a similar composition but lacked [[galactose]] and serine. Based on polyphasic characterization,...	AUTO:LYQ92T	LYQ92T	produces	1	0	0	METPO:2000202	produces	label	CHEBI:28260	CHEBI:28260	galactose	biolink:ChemicalEntity|biolink:SmallMolecule	name	3267	in:biolink:subclass_of:CHEBI:12936|out:biolink:subclass_of:CHEBI:33917|out:biolink:related_to:CHEBI:78675|out:biolink:has_chemical_role:CHEBI:78675|in:METPO:2000006:NCBITaxon:1002795
48	00048-41802012-abstract.txt	41802012	study_taxa	taxon_candidate	AUTO:Rhodotorula%20silvicola	Rhodotorula silvicola	984:1005	"...cies in the genus Rhodotorula, for which the name [[Rhodotorula silvicola]] sp. nov. is proposed (holotype CGMCC 2.7770T).
"				0	1	0									0	
48	00048-41802012-abstract.txt	41802012	study_taxa	taxon_candidate	AUTO:Rhodotorula%20paludigena	Rhodotorula paludigena	557:579	...conspecific. And they are most closely related to [[Rhodotorula paludigena]] but exhibit sequence divergences of 2.1-2.6% in t...				0	1	0				NCBITaxon:86838	NCBITaxon:86838	Rhodotorula paludigena	biolink:OrganismTaxon	name	1	out:biolink:subclass_of:NCBITaxon:5533
48	00048-41802012-abstract.txt	41802012	strains	strain	AUTO:CGMCC%202.7770	CGMCC 2.7770	711:723; 1037:1049	"...9-3.2% in the ITS region. Physiologically, strain [[CGMCC 2.7770]] differs from R. paludigena in its ability to assi...; ...dotorula silvicola sp. nov. is proposed (holotype [[CGMCC 2.7770]]T).
"				0	0	1									0	
48	00048-41802012-abstract.txt	41802012	strains	strain	AUTO:three%20other%20strains%20%28not%20individually%20designated%29	three other strains (not individually designated)						0	0	1									0	
48	00048-41802012-abstract.txt	41802012	chemical_utilization_object	chemical	AUTO:maltose	maltose	780:787	...s from R. paludigena in its ability to assimilate [[maltose]], l-arabinose and citric acid. Both the phylogenet...	AUTO:CGMCC%202.7770	CGMCC 2.7770	uses_for_growth	1	0	0	METPO:2000012	uses for growth	label	CHEBI:17306	CHEBI:17306|CHEBI:18167	D-maltose	biolink:ChemicalEntity|biolink:SmallMolecule	synonym	45127	out:biolink:subclass_of:CHEBI:17593|out:biolink:subclass_of:CHEBI:24405|out:biolink:related_to:CHEBI:50505|out:biolink:has_chemical_role:CHEBI:50505|out:biolink:related_to:CHEBI:75771
48	00048-41802012-abstract.txt	41802012	chemical_utilization_object	chemical	AUTO:l-arabinose	l-arabinose	789:800	... paludigena in its ability to assimilate maltose, [[l-arabinose]] and citric acid. Both the phylogenetic analysis a...	AUTO:CGMCC%202.7770	CGMCC 2.7770	uses_for_growth	1	0	0	METPO:2000012	uses for growth	label	CHEBI:30849	CHEBI:30849|CHEBI:17535|CHEBI:6182	L-arabinose	biolink:ChemicalEntity|biolink:SmallMolecule	name	19346	out:biolink:subclass_of:CHEBI:22599|out:biolink:related_to:CHEBI:75772|out:biolink:related_to:CHEBI:77746|out:biolink:related_to:CHEBI:84735|in:METPO:2000028:kgmicrobe.strain:bacdive_10173
48	00048-41802012-abstract.txt	41802012	chemical_utilization_object	chemical	AUTO:citric%20acid	citric acid	805:816	...ts ability to assimilate maltose, l-arabinose and [[citric acid]]. Both the phylogenetic analysis and phenotypic ch...	AUTO:CGMCC%202.7770	CGMCC 2.7770	uses_for_growth	1	0	0	METPO:2000012	uses for growth	label	CHEBI:30769	CHEBI:30769	citric acid	biolink:SmallMolecule	name	10151	in:biolink:has_input:assay:API_20E_CIT|in:biolink:has_input:assay:API_20NE_CIT|in:biolink:has_input:assay:API_CAM_CIT|in:biolink:has_input:assay:API_biotype100_CIT|in:METPO:2000012:kgmicrobe.strain:bacdive_1006
49	00049-41817573-abstract.txt	41817573	study_taxa	taxon_candidate	AUTO:Microvirga%20medicaginis	Microvirga medicaginis	1171:1193	...proposed a novel species in the genus Microvirga, [[Microvirga medicaginis]] sp. nov., the type strain of which was G4-2T (= A...				0	1	0									0	
49	00049-41817573-abstract.txt	41817573	study_taxa	taxon_candidate	AUTO:Microvirga%20vignae	Microvirga vignae	523:540	...e genus Microvirga and is most closely related to [[Microvirga vignae]] BR3299T. Its major fatty acid was C18 : 1 ω7c (68...				0	1	0				NCBITaxon:1225564	NCBITaxon:1225564	Microvirga vignae	biolink:OrganismTaxon	name	5	in:biolink:subclass_of:kgmicrobe.strain:BR3299|in:biolink:subclass_of:kgmicrobe.strain:HAMBI-3457|in:biolink:subclass_of:kgmicrobe.strain:bacdive_169003|out:biolink:subclass_of:NCBITaxon:186650|in:biolink:location_of:NCBITaxon:1
49	00049-41817573-abstract.txt	41817573	strains	strain	AUTO:G4-2T	G4-2T	7:12; 248:253; 454:459; 876:881; 1233:1238	"Strain [[G4-2T]] was isolated from the rhizosphere soil of alfalfa...; ...ies were flat, circular, beige and opaque. Strain [[G4-2T]] grew at salinities of 0-1% (w/v) NaCl (optimum, 0...; ... based on the 16S rRNA gene sequence suggest that [[G4-2T]] belongs to the genus Microvirga and is most close...; ...NA-DNA hybridization (dDDH) values between strain [[G4-2T]] and members of the Microvirga genus ranged from 7...; ...edicaginis sp. nov., the type strain of which was [[G4-2T]] (= ACCC 6437T = KCTC 18095T).
"				0	0	1									0	
49	00049-41817573-abstract.txt	41817573	strains	strain	AUTO:BR3299T	BR3299T	541:548	... and is most closely related to Microvirga vignae [[BR3299T]]. Its major fatty acid was C18 : 1 ω7c (68.3%). Th...				0	0	1									0	
49	00049-41817573-abstract.txt	41817573	strains	strain	AUTO:ACCC%206437T	ACCC 6437T	1242:1252	"...s sp. nov., the type strain of which was G4-2T (= [[ACCC 6437T]] = KCTC 18095T).
"				0	0	1									0	
49	00049-41817573-abstract.txt	41817573	strains	strain	AUTO:KCTC%2018095T	KCTC 18095T	1255:1266	"...he type strain of which was G4-2T (= ACCC 6437T = [[KCTC 18095T]]).
"				0	0	1									0	
49	00049-41817573-abstract.txt	41817573	chemical_utilization_object	chemical	AUTO:NaCl	NaCl	287:291	...ue. Strain [[G4-2T]] grew at salinities of 0-1% (w/v) [[NaCl]] (optimum, 0.5%), pH 6.0-9.0 (optimum, 8.0) and 20...	AUTO:G4-2T	G4-2T	tolerates	1	0	0	METPO:2000064	tolerates	label	CHEBI:26710	CHEBI:26710	1% sodium chloride	biolink:ChemicalEntity|biolink:ChemicalSubstance|biolink:SmallMolecule	synonym	2636	out:biolink:subclass_of:CHEBI:36093|out:biolink:subclass_of:CHEBI:38702|out:biolink:related_to:CHEBI:149552|out:biolink:has_chemical_role:CHEBI:149552|out:biolink:related_to:CHEBI:228364
50	00050-41817047-abstract.txt	41817047	study_taxa	taxon_candidate	AUTO:Ruicaihuangia%20ninglii	Ruicaihuangia ninglii	1811:1832	...the family Microbacteriaceae, for which the names [[Ruicaihuangia ninglii]] sp. nov. (type strain LJ205T=CGMCC 1.17451T=JCM 3...				0	1	0									0	
50	00050-41817047-abstract.txt	41817047	study_taxa	taxon_candidate	AUTO:Ruicaihuangia%20jiafui	Ruicaihuangia jiafui	1890:1910	.... (type strain LJ205T=CGMCC 1.17451T=JCM 33727T), [[Ruicaihuangia jiafui]] sp. nov. (type strain ZJ450T=GDMCC 1.1955T=KCTC 4...				0	1	0									0	
50	00050-41817047-abstract.txt	41817047	study_taxa	taxon_candidate	AUTO:Homoserinibacter%20chengtaonis	Homoserinibacter chengtaonis	1971:1999	...type strain ZJ450T=GDMCC 1.1955T=KCTC 49508T) and [[Homoserinibacter chengtaonis]] sp. nov. (type strain ZJ70T=GDMCC 1.1954T=KCTC 49...				0	1	0									0	
50	00050-41817047-abstract.txt	41817047	study_taxa	taxon_candidate	AUTO:Microbacteriaceae	Microbacteriaceae	667:684; 858:875; 1772:1789	...ealed that all six strains belonged to the family [[Microbacteriaceae]] and represented three distinct species. Phylogene...; ... formed 3 well-separated clades within the family [[Microbacteriaceae]]. The DNA G+C contents of the type strains LJ205T,...; ...thus constitute three novel species in the family [[Microbacteriaceae]], for which the names Ruicaihuangia ninglii sp. no...				0	1	0				NCBITaxon:85023	NCBITaxon:85023	Microbacteriaceae	biolink:OrganismTaxon	name	71	in:biolink:subclass_of:NCBITaxon:33882|in:biolink:subclass_of:NCBITaxon:55968|in:biolink:subclass_of:NCBITaxon:2034|in:biolink:subclass_of:NCBITaxon:1029631|in:biolink:subclass_of:NCBITaxon:110932
50	00050-41817047-abstract.txt	41817047	strains	strain	AUTO:LJ205T	LJ205T	19:25; 257:263; 382:388; 918:924; 1165:1171; 1338:1344; 1477:1483; 1855:1861	Six novel strains ([[LJ205T]], TR449, ZJ450T, ZJ454, ZJ70T and ZJ77) were isola...; ...gative, catalase-positive and rod-shaped. Strains [[LJ205T]] and TR449 were strictly aerobic, whereas strains ...; ...T, and ZJ77 were facultatively anaerobic. Strains [[LJ205T]] and TR449 grew optimally at 28.0 °C, pH 9.0 and 0...; ...riaceae. The DNA G+C contents of the type strains [[LJ205T]], ZJ450T and ZJ70T of the three novel species are ...; ...strains represent distinct novel species. Strains [[LJ205T]] and ZJ70T contained cell-wall amino acids Ala, Gl...; ...major menaquinones were MK-13, MK-12 and MK-14 in [[LJ205T]] and ZJ70T, but only MK-14 and MK-13 in ZJ450T. Po...; ...lglycerol, phosphatidylglycerol and glycolipid in [[LJ205T]] and ZJ450T, with ZJ70T containing an additional p...; ...names Ruicaihuangia ninglii sp. nov. (type strain [[LJ205T]]=CGMCC 1.17451T=JCM 33727T), Ruicaihuangia jiafui ...				0	0	1									0	
50	00050-41817047-abstract.txt	41817047	strains	strain	AUTO:TR449	TR449	27:32; 268:273; 393:398	Six novel strains (LJ205T, [[TR449]], ZJ450T, ZJ454, ZJ70T and ZJ77) were isolated fro...; ...alase-positive and rod-shaped. Strains LJ205T and [[TR449]] were strictly aerobic, whereas strains ZJ450T, ZJ...; ... were facultatively anaerobic. Strains LJ205T and [[TR449]] grew optimally at 28.0 °C, pH 9.0 and 0.5-1.0% (w...				0	0	1									0	
50	00050-41817047-abstract.txt	41817047	strains	strain	AUTO:ZJ450T	ZJ450T	34:40; 313:319; 474:480; 926:932; 1248:1254; 1384:1390; 1488:1494; 1933:1939	Six novel strains (LJ205T, TR449, [[ZJ450T]], ZJ454, ZJ70T and ZJ77) were isolated from the Qi...; ... and TR449 were strictly aerobic, whereas strains [[ZJ450T]], ZJ454, ZJ70T, and ZJ77 were facultatively anaero...; ..., pH 9.0 and 0.5-1.0% (w/v) NaCl, whereas strains [[ZJ450T]], ZJ454, ZJ70T and ZJ77 showed optimal growth at 2...; ... The DNA G+C contents of the type strains LJ205T, [[ZJ450T]] and ZJ70T of the three novel species are 66.5, 66...; ...all amino acids Ala, Glu, Gly, Lys and DAB, while [[ZJ450T]] had Ala, Glu, Gly and Orn. Their major menaquinon...; ... in LJ205T and ZJ70T, but only MK-14 and MK-13 in [[ZJ450T]]. Polar lipids included diphosphatidylglycerol, ph...; ...phosphatidylglycerol and glycolipid in LJ205T and [[ZJ450T]], with ZJ70T containing an additional phospholipid...; ...727T), Ruicaihuangia jiafui sp. nov. (type strain [[ZJ450T]]=GDMCC 1.1955T=KCTC 49508T) and Homoserinibacter c...				0	0	1									0	
50	00050-41817047-abstract.txt	41817047	strains	strain	AUTO:ZJ454	ZJ454	42:47; 321:326; 482:487	Six novel strains (LJ205T, TR449, ZJ450T, [[ZJ454]], ZJ70T and ZJ77) were isolated from the Qinghai-T...; ...49 were strictly aerobic, whereas strains ZJ450T, [[ZJ454]], ZJ70T, and ZJ77 were facultatively anaerobic. St...; ... and 0.5-1.0% (w/v) NaCl, whereas strains ZJ450T, [[ZJ454]], ZJ70T and ZJ77 showed optimal growth at 28.0 °C,...				0	0	1									0	
50	00050-41817047-abstract.txt	41817047	strains	strain	AUTO:ZJ70T	ZJ70T	49:54; 328:333; 489:494; 937:942; 1176:1181; 1349:1354; 1501:1506; 2022:2027	Six novel strains (LJ205T, TR449, ZJ450T, ZJ454, [[ZJ70T]] and ZJ77) were isolated from the Qinghai-Tibet Pl...; ... strictly aerobic, whereas strains ZJ450T, ZJ454, [[ZJ70T]], and ZJ77 were facultatively anaerobic. Strains L...; ...5-1.0% (w/v) NaCl, whereas strains ZJ450T, ZJ454, [[ZJ70T]] and ZJ77 showed optimal growth at 28.0 °C, pH 7.0...; ...C contents of the type strains LJ205T, ZJ450T and [[ZJ70T]] of the three novel species are 66.5, 66.7 and 69....; ...resent distinct novel species. Strains LJ205T and [[ZJ70T]] contained cell-wall amino acids Ala, Glu, Gly, Ly...; ...uinones were MK-13, MK-12 and MK-14 in LJ205T and [[ZJ70T]], but only MK-14 and MK-13 in ZJ450T. Polar lipids...; ...lycerol and glycolipid in LJ205T and ZJ450T, with [[ZJ70T]] containing an additional phospholipid. Based on g...; ...omoserinibacter chengtaonis sp. nov. (type strain [[ZJ70T]]=GDMCC 1.1954T=KCTC 49509T) are proposed, respecti...				0	0	1									0	
50	00050-41817047-abstract.txt	41817047	strains	strain	AUTO:ZJ77	ZJ77	59:63; 339:343; 499:503	... strains (LJ205T, TR449, ZJ450T, ZJ454, ZJ70T and [[ZJ77]]) were isolated from the Qinghai-Tibet Plateau, Ch...; ...erobic, whereas strains ZJ450T, ZJ454, ZJ70T, and [[ZJ77]] were facultatively anaerobic. Strains LJ205T and ...; ...v) NaCl, whereas strains ZJ450T, ZJ454, ZJ70T and [[ZJ77]] showed optimal growth at 28.0 °C, pH 7.0 and 1.0%...				0	0	1									0	
50	00050-41817047-abstract.txt	41817047	chemical_utilization_object	chemical	AUTO:NaCl	NaCl	452:456; 560:564	...w optimally at 28.0 °C, pH 9.0 and 0.5-1.0% (w/v) [[NaCl]], whereas strains ZJ450T, ZJ454, ZJ70T and ZJ77 sh...; ... optimal growth at 28.0 °C, pH 7.0 and 1.0% (w/v) [[NaCl]]. Comparative analysis of 16S rRNA gene sequences ...	AUTO:LJ205T	LJ205T	requires_for_growth	1	0	0	METPO:2000018	requires for growth	label	CHEBI:26710	CHEBI:26710	1% sodium chloride	biolink:ChemicalEntity|biolink:ChemicalSubstance|biolink:SmallMolecule	synonym	2636	out:biolink:subclass_of:CHEBI:36093|out:biolink:subclass_of:CHEBI:38702|out:biolink:related_to:CHEBI:149552|out:biolink:has_chemical_role:CHEBI:149552|out:biolink:related_to:CHEBI:228364
50	00050-41817047-abstract.txt	41817047	chemical_utilization_object	chemical	AUTO:NaCl	NaCl	452:456; 560:564	...w optimally at 28.0 °C, pH 9.0 and 0.5-1.0% (w/v) [[NaCl]], whereas strains ZJ450T, ZJ454, ZJ70T and ZJ77 sh...; ... optimal growth at 28.0 °C, pH 7.0 and 1.0% (w/v) [[NaCl]]. Comparative analysis of 16S rRNA gene sequences ...	AUTO:TR449	TR449	requires_for_growth	1	0	0	METPO:2000018	requires for growth	label	CHEBI:26710	CHEBI:26710	1% sodium chloride	biolink:ChemicalEntity|biolink:ChemicalSubstance|biolink:SmallMolecule	synonym	2636	out:biolink:subclass_of:CHEBI:36093|out:biolink:subclass_of:CHEBI:38702|out:biolink:related_to:CHEBI:149552|out:biolink:has_chemical_role:CHEBI:149552|out:biolink:related_to:CHEBI:228364
50	00050-41817047-abstract.txt	41817047	chemical_utilization_object	chemical	AUTO:NaCl	NaCl	452:456; 560:564	...w optimally at 28.0 °C, pH 9.0 and 0.5-1.0% (w/v) [[NaCl]], whereas strains [[ZJ450T]], ZJ454, ZJ70T and ZJ77 sh...; ... optimal growth at 28.0 °C, pH 7.0 and 1.0% (w/v) [[NaCl]]. Comparative analysis of 16S rRNA gene sequences ...	AUTO:ZJ450T	ZJ450T	requires_for_growth	1	0	0	METPO:2000018	requires for growth	label	CHEBI:26710	CHEBI:26710	1% sodium chloride	biolink:ChemicalEntity|biolink:ChemicalSubstance|biolink:SmallMolecule	synonym	2636	out:biolink:subclass_of:CHEBI:36093|out:biolink:subclass_of:CHEBI:38702|out:biolink:related_to:CHEBI:149552|out:biolink:has_chemical_role:CHEBI:149552|out:biolink:related_to:CHEBI:228364
50	00050-41817047-abstract.txt	41817047	chemical_utilization_object	chemical	AUTO:NaCl	NaCl	452:456; 560:564	...w optimally at 28.0 °C, pH 9.0 and 0.5-1.0% (w/v) [[NaCl]], whereas strains ZJ450T, [[ZJ454]], ZJ70T and ZJ77 sh...; ... optimal growth at 28.0 °C, pH 7.0 and 1.0% (w/v) [[NaCl]]. Comparative analysis of 16S rRNA gene sequences ...	AUTO:ZJ454	ZJ454	requires_for_growth	1	0	0	METPO:2000018	requires for growth	label	CHEBI:26710	CHEBI:26710	1% sodium chloride	biolink:ChemicalEntity|biolink:ChemicalSubstance|biolink:SmallMolecule	synonym	2636	out:biolink:subclass_of:CHEBI:36093|out:biolink:subclass_of:CHEBI:38702|out:biolink:related_to:CHEBI:149552|out:biolink:has_chemical_role:CHEBI:149552|out:biolink:related_to:CHEBI:228364
50	00050-41817047-abstract.txt	41817047	chemical_utilization_object	chemical	AUTO:NaCl	NaCl	452:456; 560:564	...w optimally at 28.0 °C, pH 9.0 and 0.5-1.0% (w/v) [[NaCl]], whereas strains ZJ450T, ZJ454, [[ZJ70T]] and ZJ77 sh...; ... optimal growth at 28.0 °C, pH 7.0 and 1.0% (w/v) [[NaCl]]. Comparative analysis of 16S rRNA gene sequences ...	AUTO:ZJ70T	ZJ70T	requires_for_growth	1	0	0	METPO:2000018	requires for growth	label	CHEBI:26710	CHEBI:26710	1% sodium chloride	biolink:ChemicalEntity|biolink:ChemicalSubstance|biolink:SmallMolecule	synonym	2636	out:biolink:subclass_of:CHEBI:36093|out:biolink:subclass_of:CHEBI:38702|out:biolink:related_to:CHEBI:149552|out:biolink:has_chemical_role:CHEBI:149552|out:biolink:related_to:CHEBI:228364
50	00050-41817047-abstract.txt	41817047	chemical_utilization_object	chemical	AUTO:NaCl	NaCl	452:456; 560:564	...w optimally at 28.0 °C, pH 9.0 and 0.5-1.0% (w/v) [[NaCl]], whereas strains ZJ450T, ZJ454, ZJ70T and [[ZJ77]] sh...; ... optimal growth at 28.0 °C, pH 7.0 and 1.0% (w/v) [[NaCl]]. Comparative analysis of 16S rRNA gene sequences ...	AUTO:ZJ77	ZJ77	requires_for_growth	1	0	0	METPO:2000018	requires for growth	label	CHEBI:26710	CHEBI:26710	1% sodium chloride	biolink:ChemicalEntity|biolink:ChemicalSubstance|biolink:SmallMolecule	synonym	2636	out:biolink:subclass_of:CHEBI:36093|out:biolink:subclass_of:CHEBI:38702|out:biolink:related_to:CHEBI:149552|out:biolink:has_chemical_role:CHEBI:149552|out:biolink:related_to:CHEBI:228364
50	00050-41817047-abstract.txt	41817047	strains	strain	AUTO:CGMCC%201.17451T	CGMCC 1.17451T	1862:1876	...uicaihuangia ninglii sp. nov. (type strain LJ205T=[[CGMCC 1.17451T]]=JCM 33727T), Ruicaihuangia jiafui sp. nov. (type ...				0	0	1									0	
50	00050-41817047-abstract.txt	41817047	strains	strain	AUTO:JCM%2033727T	JCM 33727T	1877:1887	...nglii sp. nov. (type strain LJ205T=CGMCC 1.17451T=[[JCM 33727T]]), Ruicaihuangia jiafui sp. nov. (type strain ZJ45...				0	0	1									0	
50	00050-41817047-abstract.txt	41817047	strains	strain	AUTO:GDMCC%201.1955T	GDMCC 1.1955T	1940:1953	...Ruicaihuangia jiafui sp. nov. (type strain ZJ450T=[[GDMCC 1.1955T]]=KCTC 49508T) and Homoserinibacter chengtaonis sp....				0	0	1									0	
50	00050-41817047-abstract.txt	41817047	strains	strain	AUTO:KCTC%2049508T	KCTC 49508T	1954:1965	...jiafui sp. nov. (type strain ZJ450T=GDMCC 1.1955T=[[KCTC 49508T]]) and Homoserinibacter chengtaonis sp. nov. (type ...				0	0	1									0	
50	00050-41817047-abstract.txt	41817047	strains	strain	AUTO:GDMCC%201.1954T	GDMCC 1.1954T	2028:2041	"...inibacter chengtaonis sp. nov. (type strain ZJ70T=[[GDMCC 1.1954T]]=KCTC 49509T) are proposed, respectively.
"				0	0	1									0	
50	00050-41817047-abstract.txt	41817047	strains	strain	AUTO:KCTC%2049509T	KCTC 49509T	2042:2053	"...gtaonis sp. nov. (type strain ZJ70T=GDMCC 1.1954T=[[KCTC 49509T]]) are proposed, respectively.
"				0	0	1									0	
51	00051-41811927-abstract.txt	41811927	study_taxa	taxon_candidate	AUTO:Acinetobacter%20zhairhuonensis	Acinetobacter zhairhuonensis	48:76; 1228:1256	A novel aerobic bacterial strain, designated as [[Acinetobacter zhairhuonensis]] sp. nov. A7.4T, was isolated from East China Sea ...; ...c and chemotaxonomic data support the proposal of [[Acinetobacter zhairhuonensis]] sp. nov., with type strain A7.4T (=MCCC 1K07162T=...				0	1	0									0	
51	00051-41811927-abstract.txt	41811927	study_taxa	taxon_candidate	AUTO:Acinetobacter%20kanungonis	Acinetobacter kanungonis	819:843	...thin Acinetobacter, forming a distinct clade with [[Acinetobacter kanungonis]] PS-1T, Acinetobacter tibetensis Y-23T and Acineto...				0	1	0				NCBITaxon:2699469	NCBITaxon:2699469	Acinetobacter kanungonis	biolink:OrganismTaxon	name	1	out:biolink:subclass_of:NCBITaxon:469
51	00051-41811927-abstract.txt	41811927	study_taxa	taxon_candidate	AUTO:Acinetobacter%20tibetensis	Acinetobacter tibetensis	851:875	...stinct clade with Acinetobacter kanungonis PS-1T, [[Acinetobacter tibetensis]] Y-23T and Acinetobacter tandoii CIP107469T. Avera...				0	1	0				NCBITaxon:2943497	NCBITaxon:2943497	Acinetobacter tibetensis	biolink:OrganismTaxon	name	4	in:biolink:subclass_of:kgmicrobe.strain:CICC-25150|in:biolink:subclass_of:kgmicrobe.strain:JCM-35630|in:biolink:subclass_of:kgmicrobe.strain:bacdive_170576|out:biolink:subclass_of:NCBITaxon:469
51	00051-41811927-abstract.txt	41811927	study_taxa	taxon_candidate	AUTO:Acinetobacter%20tandoii	Acinetobacter tandoii	886:907	...ungonis PS-1T, Acinetobacter tibetensis Y-23T and [[Acinetobacter tandoii]] CIP107469T. Average nucleotide identity (ANI), av...				0	1	0				NCBITaxon:202954	NCBITaxon:202954	Acinetobacter tandoii	biolink:OrganismTaxon	name	6	in:biolink:subclass_of:NCBITaxon:1120927|out:biolink:subclass_of:NCBITaxon:469|out:biolink:has_phenotype:METPO:1000699|out:biolink:has_phenotype:METPO:1000602|in:biolink:subclass_of:kgmicrobe.strain:CCUG-47563-B
51	00051-41811927-abstract.txt	41811927	strains	strain	AUTO:A7.4T	A7.4T	86:91; 326:331; 761:766; 1052:1057; 1284:1289	"...signated as Acinetobacter zhairhuonensis sp. nov. [[A7.4T]], was isolated from East China Sea sediments near ...; ....0-9.0 and 0-5% NaCl concentrations (w/v). Strain [[A7.4T]] was catalase-positive and oxidase-negative. Major...; ...e and a plasmid. The core-genome phylogeny placed [[A7.4T]] within Acinetobacter, forming a distinct clade wi...; ...NA-DNA hybridization (dDDH) values between strain [[A7.4T]] and 87 validly published Acinetobacter species we...; ...obacter zhairhuonensis sp. nov., with type strain [[A7.4T]] (=MCCC 1K07162T=LMG 32567T).
"				0	0	1									0	
51	00051-41811927-abstract.txt	41811927	strains	strain	AUTO:PS-1T	PS-1T	844:849	...ng a distinct clade with Acinetobacter kanungonis [[PS-1T]], Acinetobacter tibetensis Y-23T and Acinetobacter...				0	0	1									0	
51	00051-41811927-abstract.txt	41811927	strains	strain	AUTO:Y-23T	Y-23T	876:881	...bacter kanungonis PS-1T, Acinetobacter tibetensis [[Y-23T]] and Acinetobacter tandoii CIP107469T. Average nuc...				0	0	1									0	
51	00051-41811927-abstract.txt	41811927	strains	strain	AUTO:CIP107469T	CIP107469T	908:918	...bacter tibetensis Y-23T and Acinetobacter tandoii [[CIP107469T]]. Average nucleotide identity (ANI), average amino...				0	0	1									0	
51	00051-41811927-abstract.txt	41811927	strains	strain	AUTO:MCCC%201K07162T	MCCC 1K07162T	1292:1305	"...zhairhuonensis sp. nov., with type strain A7.4T (=[[MCCC 1K07162T]]=LMG 32567T).
"				0	0	1									0	
51	00051-41811927-abstract.txt	41811927	strains	strain	AUTO:LMG%2032567T	LMG 32567T	1306:1316	"... sp. nov., with type strain A7.4T (=MCCC 1K07162T=[[LMG 32567T]]).
"				0	0	1									0	
52	00052-41785016-abstract.txt	41785016	study_taxa	taxon_candidate	AUTO:Actomonas%20mangrovi	Actomonas mangrovi	1321:1339	...MBA3-11T represented two novel species, and thus, [[Actomonas mangrovi]] sp. nov., and Actomonas spartinae sp. nov. were p...				0	1	0									0	
52	00052-41785016-abstract.txt	41785016	study_taxa	taxon_candidate	AUTO:Actomonas%20spartinae	Actomonas spartinae	1354:1373	...ecies, and thus, Actomonas mangrovi sp. nov., and [[Actomonas spartinae]] sp. nov. were proposed with type strain D2-102T (...				0	1	0									0	
52	00052-41785016-abstract.txt	41785016	study_taxa	taxon_candidate	AUTO:Actomonas%20aquatica	Actomonas aquatica	388:406	...trains had the highest sequence similarities with [[Actomonas aquatica]] WL0086T of 97.6-98.4%, followed by Synoicihabitan...				0	1	0				NCBITaxon:2866162	NCBITaxon:2866162	Actomonas aquatica	biolink:OrganismTaxon	name	5	in:biolink:subclass_of:kgmicrobe.strain:GDMCC-1.2411|in:biolink:subclass_of:kgmicrobe.strain:JCM-34677|in:biolink:subclass_of:kgmicrobe.strain:MCCC-1K05844|in:biolink:subclass_of:kgmicrobe.strain:bacdive_175813|out:biolink:subclass_of:NCBITaxon:3138693
52	00052-41785016-abstract.txt	41785016	study_taxa	taxon_candidate	AUTO:Actomonas%20lomoniglobus	Actomonas lomoniglobus	1719:1741	...4 should be transferred to the genus Actomonas as [[Actomonas lomoniglobus]] comb. nov. This study expanded the bacterial dive...				0	1	0									0	
52	00052-41785016-abstract.txt	41785016	study_taxa	taxon_candidate	AUTO:Synoicihabitans%20lomoniglobus	Synoicihabitans lomoniglobus	442:470	...monas aquatica WL0086T of 97.6-98.4%, followed by [[Synoicihabitans lomoniglobus]] LMO-M01T of 95.5-95.7%. Phylogeny of the 16S rRNA...				0	1	0				NCBITaxon:2909285	NCBITaxon:2909285	Synoicihabitans lomoniglobus	biolink:OrganismTaxon	name	4	in:biolink:subclass_of:kgmicrobe.strain:CGMCC-1.61593|in:biolink:subclass_of:kgmicrobe.strain:KCTC-92913|in:biolink:subclass_of:kgmicrobe.strain:bacdive_175814|out:biolink:subclass_of:NCBITaxon:2892920
52	00052-41785016-abstract.txt	41785016	strains	strain	AUTO:D2-102T	D2-102T	34:41; 743:750; 1259:1266; 1414:1421	Two bacterial strains, designated [[D2-102T]] and MBA3-11T, were isolated from mangrove surface...; ...tion and average nucleotide identity among strain [[D2-102T]], strain MBA3-11T, A. aquatica WL0086T and S. lomo...; ... Based on the polyphasic taxonomic study, strains [[D2-102T]] and MBA3-11T represented two novel species, and t...; ...spartinae sp. nov. were proposed with type strain [[D2-102T]] (=MCCC 1K09973T=KCTC 102446T) and type strain MBA...				0	0	1									0	
52	00052-41785016-abstract.txt	41785016	strains	strain	AUTO:MBA3-11T	MBA3-11T	46:54; 759:767; 1200:1208; 1271:1279; 1468:1476	Two bacterial strains, designated D2-102T and [[MBA3-11T]], were isolated from mangrove surface sediment and...; ... nucleotide identity among strain D2-102T, strain [[MBA3-11T]], A. aquatica WL0086T and S. lomoniglobus LMO-M01T...; ...osphatidylethanolamine was only present in strain [[MBA3-11T]]. Based on the polyphasic taxonomic study, strains...; ...e polyphasic taxonomic study, strains D2-102T and [[MBA3-11T]] represented two novel species, and thus, Actomona...; ...02T (=MCCC 1K09973T=KCTC 102446T) and type strain [[MBA3-11T]] (=MCCC 1K09525T=KCTC 102445T), respectively. Furt...				0	0	1									0	
52	00052-41785016-abstract.txt	41785016	strains	strain	AUTO:WL0086T	WL0086T	407:414; 781:788	...est sequence similarities with Actomonas aquatica [[WL0086T]] of 97.6-98.4%, followed by Synoicihabitans lomoni...; ...mong strain D2-102T, strain MBA3-11T, A. aquatica [[WL0086T]] and S. lomoniglobus LMO-M01T were 19.5-22.8%, and...				0	0	1									0	
52	00052-41785016-abstract.txt	41785016	strains	strain	AUTO:LMO-M01T	LMO-M01T	471:479; 809:817	...6-98.4%, followed by Synoicihabitans lomoniglobus [[LMO-M01T]] of 95.5-95.7%. Phylogeny of the 16S rRNA gene pla...; ...MBA3-11T, A. aquatica WL0086T and S. lomoniglobus [[LMO-M01T]] were 19.5-22.8%, and 74.6-79.7%, respectively. Th...				0	0	1									0	
52	00052-41785016-abstract.txt	41785016	strains	strain	AUTO:MCCC%201K09973T	MCCC 1K09973T	1424:1437	...sp. nov. were proposed with type strain D2-102T (=[[MCCC 1K09973T]]=KCTC 102446T) and type strain MBA3-11T (=MCCC 1K0...				0	0	1									0	
52	00052-41785016-abstract.txt	41785016	strains	strain	AUTO:KCTC%20102446T	KCTC 102446T	1438:1450	...proposed with type strain D2-102T (=MCCC 1K09973T=[[KCTC 102446T]]) and type strain MBA3-11T (=MCCC 1K09525T=KCTC 10...				0	0	1									0	
52	00052-41785016-abstract.txt	41785016	strains	strain	AUTO:MCCC%201K09525T	MCCC 1K09525T	1479:1492	...1K09973T=KCTC 102446T) and type strain MBA3-11T (=[[MCCC 1K09525T]]=KCTC 102445T), respectively. Furthermore, based o...				0	0	1									0	
52	00052-41785016-abstract.txt	41785016	strains	strain	AUTO:KCTC%20102445T	KCTC 102445T	1493:1505	...102446T) and type strain MBA3-11T (=MCCC 1K09525T=[[KCTC 102445T]]), respectively. Furthermore, based on the phyloge...				0	0	1									0	
53	00053-41779013-abstract.txt	41779013	study_taxa	taxon_candidate	AUTO:Pantoea	Pantoea	449:456; 619:626; 1146:1153; 1174:1181; 1315:1322	...ization confirmed that the isolates belong to the [[Pantoea]] genus. The Biolog Gen III MicroPlate system ident...; ...strains, distinguishing them from closely related [[Pantoea]] species. The strain KXB24 showed positive utiliza...; ...57.9% when compared to type strains of recognized [[Pantoea]] species, we propose Pantoea graminicola sp. nov.,...; ...strains of recognized Pantoea species, we propose [[Pantoea]] graminicola sp. nov., with KXB24T (=NCPPB 4802T=L...; ...s discovery enriches the current understanding of [[Pantoea]] species and calls for further research into the p...				0	1	0				NCBITaxon:53335	NCBITaxon:53335	Pantoea	biolink:OrganismTaxon	name	61	in:biolink:subclass_of:NCBITaxon:1076549|in:biolink:subclass_of:NCBITaxon:1076550|in:biolink:subclass_of:NCBITaxon:1076551|in:biolink:subclass_of:NCBITaxon:1465635|in:biolink:subclass_of:NCBITaxon:221276
53	00053-41779013-abstract.txt	41779013	study_taxa	taxon_candidate	AUTO:Pantoea%20graminicola	Pantoea graminicola	1174:1193	...strains of recognized Pantoea species, we propose [[Pantoea graminicola]] sp. nov., with KXB24T (=NCPPB 4802T=LMG 33887T) a...				0	1	0									0	
53	00053-41779013-abstract.txt	41779013	strains	strain	AUTO:KXB24	KXB24	27:32; 647:652; 767:772; 905:910; 1209:1214	In 2024, bacterial strains [[KXB24]], KXB25 and KXB45 were isolated from sweet corn (Z...; ... from closely related Pantoea species. The strain [[KXB24]] showed positive utilization of d-serine, γ-amino-...; ...itric acid and other compounds. On nutrient agar, [[KXB24]], colonies are circular, smooth, convex and yellow...; ...igment on King's medium B. The DNA G+C content of [[KXB24]] was determined to be 57.0 mol%. Based on phenotyp...; ...es, we propose Pantoea graminicola sp. nov., with [[KXB24]]T (=NCPPB 4802T=LMG 33887T) as the type strain. Th...				0	0	1									0	
53	00053-41779013-abstract.txt	41779013	strains	strain	AUTO:KXB25	KXB25	34:39	In 2024, bacterial strains KXB24, [[KXB25]] and KXB45 were isolated from sweet corn (Zea mays...				0	0	1									0	
53	00053-41779013-abstract.txt	41779013	strains	strain	AUTO:KXB45	KXB45	44:49	In 2024, bacterial strains KXB24, KXB25 and [[KXB45]] were isolated from sweet corn (Zea mays L.) plant...				0	0	1									0	
53	00053-41779013-abstract.txt	41779013	strains	strain	AUTO:NCPPB%204802T	NCPPB 4802T	1218:1229	...opose Pantoea graminicola sp. nov., with KXB24T (=[[NCPPB 4802T]]=LMG 33887T) as the type strain. This discovery en...				0	0	1									0	
53	00053-41779013-abstract.txt	41779013	strains	strain	AUTO:LMG%2033887T	LMG 33887T	1230:1240	...a graminicola sp. nov., with KXB24T (=NCPPB 4802T=[[LMG 33887T]]) as the type strain. This discovery enriches the ...				0	0	1									0	
53	00053-41779013-abstract.txt	41779013	chemical_utilization_object	chemical	AUTO:d-serine	d-serine	684:692	.... The strain [[KXB24]] showed positive utilization of [[d-serine]], γ-amino-butyric acid, citric acid and other comp...	AUTO:KXB24	KXB24	uses_for_growth	1	0	0	METPO:2000012	uses for growth	label	CHEBI:16523	CHEBI:16523|CHEBI:35247|CHEBI:29998	D-serine	biolink:ChemicalEntity|biolink:SmallMolecule	name	409	out:biolink:subclass_of:CHEBI:16733|out:biolink:subclass_of:CHEBI:17822|out:biolink:related_to:CHEBI:64571|out:biolink:related_to:CHEBI:76971|out:biolink:related_to:CHEBI:77746
53	00053-41779013-abstract.txt	41779013	chemical_utilization_object	chemical	AUTO:%CE%B3-amino-butyric%20acid	γ-amino-butyric acid	694:714	...in [[KXB24]] showed positive utilization of d-serine, [[γ-amino-butyric acid]], citric acid and other compounds. On nutrient aga...	AUTO:KXB24	KXB24	uses_for_growth	1	0	0	METPO:2000012	uses for growth	label						0	
53	00053-41779013-abstract.txt	41779013	chemical_utilization_object	chemical	AUTO:citric%20acid	citric acid	716:727	...ve utilization of d-serine, γ-amino-butyric acid, [[citric acid]] and other compounds. On nutrient agar, [[KXB24]], col...	AUTO:KXB24	KXB24	uses_for_growth	1	0	0	METPO:2000012	uses for growth	label	CHEBI:30769	CHEBI:30769	citric acid	biolink:SmallMolecule	name	10151	in:biolink:has_input:assay:API_20E_CIT|in:biolink:has_input:assay:API_20NE_CIT|in:biolink:has_input:assay:API_CAM_CIT|in:biolink:has_input:assay:API_biotype100_CIT|in:METPO:2000012:kgmicrobe.strain:bacdive_1006
54	00054-40787854-abstract.txt	40787854	study_taxa	taxon_candidate	AUTO:Variovorax%20palleresanus	Variovorax palleresanus	1719:1742	...s within the genus Variovorax, for which the name [[Variovorax palleresanus]] sp. nov. is proposed. The type strain is AFSI2.2T...				0	1	0									0	
54	00054-40787854-abstract.txt	40787854	study_taxa	taxon_candidate	AUTO:Variovorax	Variovorax	473:483; 638:648; 823:833; 1688:1698; 1719:1729	...2.2T shares high similarity (99.64%) with certain [[Variovorax]] species, suggesting that the isolate belongs to t...; ... strain forms a distinct lineage within the genus [[Variovorax]]. Whole-genome analysis of AFSI2.2T exhibited aver...; ...ation values of 21.90-38.90% with closely related [[Variovorax]] species, both below the established thresholds fo...; ...f the isolate as a novel species within the genus [[Variovorax]], for which the name Variovorax palleresanus sp. n...; ...s within the genus Variovorax, for which the name [[Variovorax]] palleresanus sp. nov. is proposed. The type strai...				0	1	0				NCBITaxon:34072	NCBITaxon:34072	Variovorax	biolink:OrganismTaxon	name	19	in:biolink:subclass_of:NCBITaxon:1679495|in:biolink:subclass_of:NCBITaxon:1769758|in:biolink:subclass_of:NCBITaxon:1775474|in:biolink:subclass_of:NCBITaxon:2496117|in:biolink:subclass_of:NCBITaxon:34073
54	00054-40787854-abstract.txt	40787854	strains	strain	AUTO:AFSI2.2T	AFSI2.2T	99:107; 419:427; 675:683; 953:961; 1146:1154; 1471:1479; 1784:1792	"...from different Spanish soils, a strain designated [[AFSI2.2T]] was isolated from the rhizosphere soil of a mulbe...; ...nalysis of the 16S rRNA gene revealed that strain [[AFSI2.2T]] shares high similarity (99.64%) with certain Vari...; ...in the genus Variovorax. Whole-genome analysis of [[AFSI2.2T]] exhibited average nucleotide identity values of 7...; ...n. The predominant cellular fatty acids of strain [[AFSI2.2T]] were C16 : 0, Summed Feature 3 (C16 : 1 ω6c and/o...; ...ability of oxidizing inorganic sulphur compounds, [[AFSI2.2T]] presented further in vitro plant growth-promoting...; ...butyric acid biosynthesis, were identified in the [[AFSI2.2T]] genome, supporting its potential as a PGP bacteri...; ...eresanus sp. nov. is proposed. The type strain is [[AFSI2.2T]] (=CECT 31217T=CIP 112526T).
"				0	0	1									0	
54	00054-40787854-abstract.txt	40787854	strains	strain	AUTO:CECT%2031217T	CECT 31217T	1795:1806	".... nov. is proposed. The type strain is AFSI2.2T (=[[CECT 31217T]]=CIP 112526T).
"				0	0	1									0	
54	00054-40787854-abstract.txt	40787854	strains	strain	AUTO:CIP%20112526T	CIP 112526T	1807:1818	"...oposed. The type strain is AFSI2.2T (=CECT 31217T=[[CIP 112526T]]).
"				0	0	1									0	
54	00054-40787854-abstract.txt	40787854	chemical_utilization_object	chemical	AUTO:inorganic%20sulphur%20compounds	inorganic sulphur compounds	1117:1144	...C18 : 1 ω6c). Apart from the ability of oxidizing [[inorganic sulphur compounds]], [[AFSI2.2T]] presented further in vitro plant growth...	AUTO:AFSI2.2T	AFSI2.2T	oxidizes	1	0	0	METPO:2000016	oxidizes	label						0	
54	00054-40787854-abstract.txt	40787854	chemical_utilization_object	chemical	AUTO:indole-3-acetic%20acid	indole-3-acetic acid	1244:1264	...-promoting (PGP) activities such as production of [[indole-3-acetic acid]] and siderophores and 1-aminocyclopropane-1-carbox...	AUTO:AFSI2.2T	AFSI2.2T	produces	1	0	0	METPO:2000202	produces	label	CHEBI:16411	CHEBI:16411	acetic acid	biolink:ChemicalEntity|biolink:SmallMolecule	synonym	222	out:biolink:subclass_of:CHEBI:24803|out:biolink:subclass_of:CHEBI:25384|out:biolink:related_to:CHEBI:22676|out:biolink:related_to:CHEBI:37848|out:biolink:related_to:CHEBI:75771
54	00054-40787854-abstract.txt	40787854	chemical_utilization_object	chemical	AUTO:siderophores	siderophores	1269:1281	...es such as production of indole-3-acetic acid and [[siderophores]] and 1-aminocyclopropane-1-carboxylate deaminase a...	AUTO:AFSI2.2T	AFSI2.2T	produces	1	0	0	METPO:2000202	produces	label	CHEBI:26672	CHEBI:26672	siderophore	biolink:ChemicalEntity|biolink:SmallMolecule	synonym	51	out:biolink:subclass_of:CHEBI:23357|out:biolink:subclass_of:CHEBI:24028|out:biolink:subclass_of:CHEBI:24874|in:biolink:related_to:CHEBI:29669|in:METPO:2000202:kgmicrobe.strain:bacdive_133241
54	00054-40787854-abstract.txt	40787854	chemical_utilization_object	chemical	AUTO:1-aminocyclopropane-1-carboxylate	1-aminocyclopropane-1-carboxylate	1286:1319	...tion of indole-3-acetic acid and siderophores and [[1-aminocyclopropane-1-carboxylate]] deaminase activity. Genes associated with these P...	AUTO:AFSI2.2T	AFSI2.2T	produces	1	0	0	METPO:2000202	produces	label	CHEBI:58360	CHEBI:58360|CHEBI:30526	1-aminocyclopropanecarboxylic acid zwitterion	biolink:SmallMolecule	synonym	22	in:biolink:related_to:CHEBI:18053|in:biolink:related_to:CHEBI:30526|out:biolink:subclass_of:CHEBI:35238|out:biolink:related_to:CHEBI:76924|out:biolink:related_to:CHEBI:30526
55	00055-40772812-abstract.txt	40772812	study_taxa	taxon_candidate	AUTO:Cyberlindnera%20galapagoensis	Cyberlindnera galapagoensis	696:723	...showed that the closest relative of PYCC 10015 is [[Cyberlindnera galapagoensis]] and that PYCC 10016 is placed in a subclade conta...				0	1	0				NCBITaxon:1476604	NCBITaxon:1476604	Cyberlindnera galapagoensis	biolink:OrganismTaxon	name	1	out:biolink:subclass_of:NCBITaxon:604195
55	00055-40772812-abstract.txt	40772812	study_taxa	taxon_candidate	AUTO:Cyberlindnera%20hibernica	Cyberlindnera hibernica	909:932	...ween these strains and their closest relatives is [[Cyberlindnera hibernica]] sp. nov. and Barnettozyma discipulorum sp. nov. f...				0	1	0									0	
55	00055-40772812-abstract.txt	40772812	study_taxa	taxon_candidate	AUTO:Barnettozyma	Barnettozyma	292:304; 804:816; 946:958	... showed that they belong to the Cyberlindnera and [[Barnettozyma]] genera of the order Phaffomycetales, but they did...; ...in a subclade containing 7 other species from the [[Barnettozyma]] genus. The average nucleotide identity between th...; ...relatives is Cyberlindnera hibernica sp. nov. and [[Barnettozyma]] discipulorum sp. nov. for PYCC 10015 and PYCC 100...				0	1	0				NCBITaxon:599802	NCBITaxon:599802	Barnettozyma	biolink:OrganismTaxon	name	15	in:biolink:subclass_of:NCBITaxon:682598|in:biolink:subclass_of:NCBITaxon:1219519|in:biolink:subclass_of:NCBITaxon:1337058|in:biolink:subclass_of:NCBITaxon:1541438|in:biolink:subclass_of:NCBITaxon:2038465
55	00055-40772812-abstract.txt	40772812	study_taxa	taxon_candidate	AUTO:Barnettozyma%20discipulorum	Barnettozyma discipulorum	946:971	...relatives is Cyberlindnera hibernica sp. nov. and [[Barnettozyma discipulorum]] sp. nov. for PYCC 10015 and PYCC 10016, respectiv...				0	1	0									0	
55	00055-40772812-abstract.txt	40772812	strains	strain	AUTO:PYCC%2010015	PYCC 10015	19:29; 682:692; 985:995	"Two yeast strains, [[PYCC 10015]] and PYCC 10016, were isolated from soil from an I...; ...d 2 outgroups showed that the closest relative of [[PYCC 10015]] is Cyberlindnera galapagoensis and that PYCC 1001...; .... nov. and Barnettozyma discipulorum sp. nov. for [[PYCC 10015]] and PYCC 10016, respectively.
"				0	0	1									0	
55	00055-40772812-abstract.txt	40772812	strains	strain	AUTO:PYCC%2010016	PYCC 10016	34:44; 733:743; 1000:1010	"Two yeast strains, PYCC 10015 and [[PYCC 10016]], were isolated from soil from an Irish forest. Se...; ...YCC 10015 is Cyberlindnera galapagoensis and that [[PYCC 10016]] is placed in a subclade containing 7 other specie...; ...ettozyma discipulorum sp. nov. for PYCC 10015 and [[PYCC 10016]], respectively.
"				0	0	1									0	
56	00056-40778938-abstract.txt	40778938	study_taxa	taxon_candidate	AUTO:Dellaglioa%20kimchii	Dellaglioa kimchii	988:1006; 1103:1121	"...ic, phenotypic and biochemical characteristics of [[Dellaglioa kimchii]] support the hypothesis that strain P0083T (=JCM 3...; ...M 37383T=KCTC 25916T) represents a novel species, [[Dellaglioa kimchii]] sp. nov., with P0083T as the type strain.
"				0	1	0				NCBITaxon:3344667	NCBITaxon:3344667	Dellaglioa kimchii	biolink:OrganismTaxon	name	1	out:biolink:subclass_of:NCBITaxon:2767880
56	00056-40778938-abstract.txt	40778938	study_taxa	taxon_candidate	AUTO:Dellaglioa	Dellaglioa	358:368; 852:862; 988:998; 1103:1113	...oup from other closely related species within the [[Dellaglioa]] genus. Under anaerobic conditions on de Man, Rogo...; ...n P0083T represents a novel genomic species, with [[Dellaglioa]] species sharing less than 84.22% DNA homology wit...; ...ic, phenotypic and biochemical characteristics of [[Dellaglioa]] kimchii support the hypothesis that strain P0083T...; ...M 37383T=KCTC 25916T) represents a novel species, [[Dellaglioa]] kimchii sp. nov., with P0083T as the type strain....				0	1	0				NCBITaxon:2767880	NCBITaxon:2767880	Dellaglioa	biolink:OrganismTaxon	name	5	in:biolink:subclass_of:NCBITaxon:105612|in:biolink:subclass_of:NCBITaxon:2995136|out:biolink:subclass_of:NCBITaxon:33958|in:biolink:subclass_of:NCBITaxon:2767906|in:biolink:subclass_of:NCBITaxon:3344667
56	00056-40778938-abstract.txt	40778938	strains	strain	AUTO:P0083T	P0083T	109:115; 804:810; 921:927; 1042:1048; 1137:1143	"...acultative anaerobic bacterium, designated strain [[P0083T]], was isolated from kimchi, a traditional Korean f...; ...gital DNA-DNA hybridization confirmed that strain [[P0083T]] represents a novel genomic species, with Dellagli...; ...sharing less than 84.22% DNA homology with strain [[P0083T]]. The genomic, phenotypic and biochemical characte...; ...aglioa kimchii support the hypothesis that strain [[P0083T]] (=JCM 37383T=KCTC 25916T) represents a novel spec...; ... novel species, Dellaglioa kimchii sp. nov., with [[P0083T]] as the type strain.
"				0	0	1									0	
56	00056-40778938-abstract.txt	40778938	strains	strain	AUTO:JCM%2037383T	JCM 37383T	1051:1061	...mchii support the hypothesis that strain P0083T (=[[JCM 37383T]]=KCTC 25916T) represents a novel species, Dellagli...				0	0	1									0	
56	00056-40778938-abstract.txt	40778938	strains	strain	AUTO:KCTC%2025916T	KCTC 25916T	1062:1073	...rt the hypothesis that strain P0083T (=JCM 37383T=[[KCTC 25916T]]) represents a novel species, Dellaglioa kimchii s...				0	0	1									0	
57	00057-40875437-abstract.txt	40875437	study_taxa	taxon_candidate	AUTO:Faecalibacterium	Faecalibacterium	10:26; 611:627; 841:857; 1071:1087; 1174:1190; 1211:1227	The genus [[Faecalibacterium]] is one of the major butyrate-producing bacteria i...; ...revealed that the two strains belong to the genus [[Faecalibacterium]]. A core gene phylogenetic tree further supported ...; ... DNA-DNA hybridization (dDDH) value of 74.3% with [[Faecalibacterium]] taiwanense HLW78T, indicating that CNCM I-4540 sh...; ... threshold for any known species within the genus [[Faecalibacterium]]. These findings indicate that CNCM I-4541 represe...; ...-4541 represents a novel species within the genus [[Faecalibacterium]], for which the name Faecalibacterium langellae sp...; ...in the genus Faecalibacterium, for which the name [[Faecalibacterium]] langellae sp. nov. is proposed. The type strain i...				0	1	0				NCBITaxon:216851	NCBITaxon:216851	Faecalibacterium	biolink:OrganismTaxon	name	23	in:biolink:subclass_of:NCBITaxon:1851427|in:biolink:subclass_of:NCBITaxon:1851428|in:biolink:subclass_of:NCBITaxon:2881265|in:biolink:subclass_of:NCBITaxon:2903556|in:biolink:subclass_of:NCBITaxon:2935520
57	00057-40875437-abstract.txt	40875437	study_taxa	taxon_candidate	AUTO:Faecalibacterium%20taiwanense	Faecalibacterium taiwanense	841:868	... DNA-DNA hybridization (dDDH) value of 74.3% with [[Faecalibacterium taiwanense]] HLW78T, indicating that CNCM I-4540 should be cla...				0	1	0				NCBITaxon:3030638	NCBITaxon:3030638|kgmicrobe.strain:bacdive_176855	Faecalibacterium taiwanense	biolink:OrganismTaxon	name	4	in:biolink:subclass_of:kgmicrobe.strain:BCRC-81397|in:biolink:subclass_of:kgmicrobe.strain:NBRC-116372|in:biolink:subclass_of:kgmicrobe.strain:bacdive_175782|out:biolink:subclass_of:NCBITaxon:216851
57	00057-40875437-abstract.txt	40875437	study_taxa	taxon_candidate	AUTO:Faecalibacterium%20langellae	Faecalibacterium langellae	1211:1237	...in the genus Faecalibacterium, for which the name [[Faecalibacterium langellae]] sp. nov. is proposed. The type strain is CNCM I-4...				0	1	0				NCBITaxon:3435293	NCBITaxon:3435293	Faecalibacterium langellae	biolink:OrganismTaxon	name	1	out:biolink:subclass_of:NCBITaxon:216851
57	00057-40875437-abstract.txt	40875437	strains	strain	AUTO:CNCM%20I-4540	CNCM I-4540	707:718; 893:904	...e further supported their phylogenetic placement. [[CNCM I-4540]] shared an average nucleotide identity (ANI) value...; ...ecalibacterium taiwanense HLW78T, indicating that [[CNCM I-4540]] should be classified as F. taiwanense. In contras...				0	0	1									0	
57	00057-40875437-abstract.txt	40875437	strains	strain	AUTO:CNCM%20I-4541	CNCM I-4541	332:343; 957:968; 1118:1129; 1279:1290	"... de Cultures de Microorganismes (CNCM) I-4540 and [[CNCM I-4541]] were isolated from faeces of a healthy elderly an...; ...ould be classified as F. taiwanense. In contrast, [[CNCM I-4541]] did not exhibit ANI or dDDH values above the spec...; ...us Faecalibacterium. These findings indicate that [[CNCM I-4541]] represents a novel species within the genus Faeca...; ...angellae sp. nov. is proposed. The type strain is [[CNCM I-4541]]T (=CIP 112513T=JCM 39552T).
"				0	0	1									0	
57	00057-40875437-abstract.txt	40875437	strains	strain	AUTO:HLW78T	HLW78T	869:875	...) value of 74.3% with Faecalibacterium taiwanense [[HLW78T]], indicating that CNCM I-4540 should be classified...				0	0	1									0	
57	00057-40875437-abstract.txt	40875437	strains	strain	AUTO:CNCM%20I-4541T	CNCM I-4541T	1279:1291	"...angellae sp. nov. is proposed. The type strain is [[CNCM I-4541T]] (=CIP 112513T=JCM 39552T).
"				0	0	1									0	
57	00057-40875437-abstract.txt	40875437	strains	strain	AUTO:CIP%20112513T	CIP 112513T	1294:1305	"...v. is proposed. The type strain is CNCM I-4541T (=[[CIP 112513T]]=JCM 39552T).
"				0	0	1									0	
57	00057-40875437-abstract.txt	40875437	strains	strain	AUTO:JCM%2039552T	JCM 39552T	1306:1316	"...ed. The type strain is CNCM I-4541T (=CIP 112513T=[[JCM 39552T]]).
"				0	0	1									0	
58	00058-40772834-abstract.txt	40772834	study_taxa	taxon_candidate	AUTO:Chitinirhabdus%20sediminis	Chitinirhabdus sediminis	1618:1642	... the family Chitinibacteraceae for which the name [[Chitinirhabdus sediminis]] gen. nov., sp. nov. is proposed. The type strain ...				0	1	0									0	
58	00058-40772834-abstract.txt	40772834	study_taxa	taxon_candidate	AUTO:Chitinibacter%20tainanensis	Chitinibacter tainanensis	486:511	...he highest 16S rRNA gene sequence percentage with [[Chitinibacter tainanensis]] BCRC 17254T (94.4%). Phylogenetic analyses based ...				0	1	0				NCBITaxon:230667	NCBITaxon:230667	Chitinibacter tainanensis	biolink:OrganismTaxon	name	10	in:biolink:subclass_of:NCBITaxon:1121274|out:biolink:subclass_of:NCBITaxon:230666|out:METPO:2000006:CHEBI:24266|out:biolink:has_phenotype:METPO:1000606|out:biolink:has_phenotype:METPO:1000667
58	00058-40772834-abstract.txt	40772834	strains	strain	AUTO:HSL-7T	HSL-7T	74:80; 158:164; 421:427; 618:624; 731:737; 1695:1701	"... with chitin-degrading ability, designated strain [[HSL-7T]], was isolated from a mangrove sediment in Guangxi...; ...ve sediment in Guangxi, PR China. Cells of strain [[HSL-7T]] were Gram-stain-positive, aerobic, rod-shaped bac...; ...ture range of 15-37 °C (optimum at 20 °C). Strain [[HSL-7T]] shared the highest 16S rRNA gene sequence percent...; ...rRNA gene and genome sequences showed that strain [[HSL-7T]] formed a distinct cluster in the family Chitiniba...; ...ae. The genome-relatedness indices between strain [[HSL-7T]] and other type species of the family Chitinibacte...; ...n. nov., sp. nov. is proposed. The type strain is [[HSL-7T]] (=JCM 37906T=MCCC 1K09933T).
"				0	0	1									0	
58	00058-40772834-abstract.txt	40772834	strains	strain	AUTO:BCRC%2017254T	BCRC 17254T	512:523	...equence percentage with Chitinibacter tainanensis [[BCRC 17254T]] (94.4%). Phylogenetic analyses based on 16S rRNA ...				0	0	1									0	
58	00058-40772834-abstract.txt	40772834	strains	strain	AUTO:JCM%2037906T	JCM 37906T	1704:1714	"...sp. nov. is proposed. The type strain is HSL-7T (=[[JCM 37906T]]=MCCC 1K09933T).
"				0	0	1									0	
58	00058-40772834-abstract.txt	40772834	strains	strain	AUTO:MCCC%201K09933T	MCCC 1K09933T	1715:1728	"... proposed. The type strain is HSL-7T (=JCM 37906T=[[MCCC 1K09933T]]).
"				0	0	1									0	
58	00058-40772834-abstract.txt	40772834	chemical_utilization_object	chemical	AUTO:NaCl	NaCl	299:303	.... The strain grew at concentrations of 0-1% (w/v) [[NaCl]] (optimum at 0.5%), at pH 6.0-10.0 (optimum at 7.0...	AUTO:HSL-7T	HSL-7T	tolerates	1	0	0	METPO:2000064	tolerates	label	CHEBI:26710	CHEBI:26710	1% sodium chloride	biolink:ChemicalEntity|biolink:ChemicalSubstance|biolink:SmallMolecule	synonym	2636	out:biolink:subclass_of:CHEBI:36093|out:biolink:subclass_of:CHEBI:38702|out:biolink:related_to:CHEBI:149552|out:biolink:has_chemical_role:CHEBI:149552|out:biolink:related_to:CHEBI:228364
59	00059-40880261-abstract.txt	40880261	study_taxa	taxon_candidate	AUTO:Hominimerdicola%20intestinalis	Hominimerdicola intestinalis	1816:1844	... in the genus Hominimerdicola, for which the name [[Hominimerdicola intestinalis]] sp. nov. is proposed. In addition, strain 25CYCFA...				0	1	0									0	
59	00059-40880261-abstract.txt	40880261	study_taxa	taxon_candidate	AUTO:Ruminococcus%20sporogenes	Ruminococcus sporogenes	1983:2006	...within the genus Ruminococcus, for which the name [[Ruminococcus sporogenes]] sp. nov. is proposed. The type strain of H. intes...				0	1	0									0	
59	00059-40880261-abstract.txt	40880261	study_taxa	taxon_candidate	AUTO:Hominimerdicola%20alba	Hominimerdicola alba	2257:2277	"...us is transferred to the genus Hominimerdicola as [[Hominimerdicola alba]] comb. nov.
"				0	1	0									0	
59	00059-40880261-abstract.txt	40880261	strains	strain	AUTO:21CYCFAH17_ST	21CYCFAH17_ST	64:77; 190:203; 714:727; 983:996; 1048:1061; 1567:1580; 1719:1732; 2067:2080	...erobic, Gram-stain-positive staphylococci, strain [[21CYCFAH17_ST]], and coccobacilli, strain 25CYCFAH16T, were isola...; ...al samples of healthy Japanese volunteers. Strain [[21CYCFAH17_ST]] showed the highest 16S rRNA gene sequence similar...; ...ATCC 27760T formed a monophyletic cluster. Strain [[21CYCFAH17_ST]], 'Ruminococcus bicirculans' 80/3T (H. aceti 80/3T...; ...erage nucleotide identity (ANI) values of strains [[21CYCFAH17_ST]] and 25CYCFAH16T (Hominimerdicola, including strai...; ...nd 25CYCFAH16T (Hominimerdicola, including strain [[21CYCFAH17_ST]], exhibited α-arabinosidase activity, whereas stra...; ...thyl acetal. These results indicate that isolates [[21CYCFAH17_ST]] and 25CYCFAH16T represent novel species of the ge...; ...respectively. Based on the collected data, strain [[21CYCFAH17_ST]] was identified as a novel species in the genus Ho...; ...s proposed. The type strain of H. intestinalis is [[21CYCFAH17_ST]] (=JCM 36633T=DSM 118075T), and the type strain of...				0	0	1									0	
59	00059-40880261-abstract.txt	40880261	strains	strain	AUTO:25CYCFAH16T	25CYCFAH16T	104:115; 344:355; 566:577; 1001:1012; 1114:1125; 1585:1596; 1887:1898; 2148:2159	...i, strain 21CYCFAH17_ST, and coccobacilli, strain [[25CYCFAH16T]], were isolated from faecal samples of healthy Jap...; ...(95.3%) and Ruminococcus albus 7T (93.2%). Strain [[25CYCFAH16T]] showed the highest 16S rRNA gene sequence similar...; ...RNA gene phylogenetic analysis showed that strain [[25CYCFAH16T]], R. champanellensis JCM 17042T, R. flavefaciens A...; ...dentity (ANI) values of strains 21CYCFAH17_ST and [[25CYCFAH16T]] (Hominimerdicola, including strain 21CYCFAH17_ST,...; ...xhibited α-arabinosidase activity, whereas strain [[25CYCFAH16T]] and other members of the genus Ruminococcus did n...; ... results indicate that isolates 21CYCFAH17_ST and [[25CYCFAH16T]] represent novel species of the genera Hominimerdi...; ...tinalis sp. nov. is proposed. In addition, strain [[25CYCFAH16T]] was identified as a novel species within the genu...; ...118075T), and the type strain of R. sporogenes is [[25CYCFAH16T]] (=JCM 36793T=DSM 118006T). Additionally, R. albus...				0	0	1									0	
59	00059-40880261-abstract.txt	40880261	strains	strain	AUTO:80/3T	80/3T	756:761; 772:777	... Strain 21CYCFAH17_ST, 'Ruminococcus bicirculans' [[80/3T]] (H. aceti 80/3T) and R. albus JCM 14654T were loc...; ...17_ST, 'Ruminococcus bicirculans' 80/3T (H. aceti [[80/3T]]) and R. albus JCM 14654T were located near the cl...				0	0	1									0	
59	00059-40880261-abstract.txt	40880261	strains	strain	AUTO:7T	7T	325:327	... aceti DSM 102216T (95.3%) and Ruminococcus albus [[7T]] (93.2%). Strain 25CYCFAH16T showed the highest 16...				0	0	1									0	
59	00059-40880261-abstract.txt	40880261	strains	strain	AUTO:18P13T	18P13T	441:447	...quence similarity to Ruminococcus champanellensis [[18P13T]] (94.3%) and Ruminococcus flavefaciens ATCC 19208T...				0	0	1									0	
59	00059-40880261-abstract.txt	40880261	strains	strain	AUTO:ATCC%2019208T	ATCC 19208T	486:497; 626:637	...nsis 18P13T (94.3%) and Ruminococcus flavefaciens [[ATCC 19208T]] (93.9%). The 16S rRNA gene phylogenetic analysis ...; ...T, R. champanellensis JCM 17042T, R. flavefaciens [[ATCC 19208T]] and Ruminococcus callidus ATCC 27760T formed a mo...				0	0	1									0	
59	00059-40880261-abstract.txt	40880261	strains	strain	AUTO:JCM%2017042T	JCM 17042T	598:608	...howed that strain 25CYCFAH16T, R. champanellensis [[JCM 17042T]], R. flavefaciens ATCC 19208T and Ruminococcus cal...				0	0	1									0	
59	00059-40880261-abstract.txt	40880261	strains	strain	AUTO:ATCC%2027760T	ATCC 27760T	664:675	...lavefaciens ATCC 19208T and Ruminococcus callidus [[ATCC 27760T]] formed a monophyletic cluster. Strain 21CYCFAH17_...				0	0	1									0	
59	00059-40880261-abstract.txt	40880261	strains	strain	AUTO:JCM%2014654T	JCM 14654T	792:802	... bicirculans' 80/3T (H. aceti 80/3T) and R. albus [[JCM 14654T]] were located near the cluster, which is consisten...				0	0	1									0	
59	00059-40880261-abstract.txt	40880261	strains	strain	AUTO:JCM%2036633T	JCM 36633T	2083:2093	...type strain of H. intestinalis is 21CYCFAH17_ST (=[[JCM 36633T]]=DSM 118075T), and the type strain of R. sporogene...				0	0	1									0	
59	00059-40880261-abstract.txt	40880261	strains	strain	AUTO:DSM%20118075T	DSM 118075T	2094:2105	... of H. intestinalis is 21CYCFAH17_ST (=JCM 36633T=[[DSM 118075T]]), and the type strain of R. sporogenes is 25CYCFA...				0	0	1									0	
59	00059-40880261-abstract.txt	40880261	strains	strain	AUTO:JCM%2036793T	JCM 36793T	2162:2172	...the type strain of R. sporogenes is 25CYCFAH16T (=[[JCM 36793T]]=DSM 118006T). Additionally, R. albus is transferr...				0	0	1									0	
59	00059-40880261-abstract.txt	40880261	strains	strain	AUTO:DSM%20118006T	DSM 118006T	2173:2184	...rain of R. sporogenes is 25CYCFAH16T (=JCM 36793T=[[DSM 118006T]]). Additionally, R. albus is transferred to the ge...				0	0	1									0	
59	00059-40880261-abstract.txt	40880261	chemical_utilization_object	chemical	AUTO:%CE%B1-arabinosidase%20activity	α-arabinosidase activity	1073:1097	...dicola, including strain [[21CYCFAH17_ST]], exhibited [[α-arabinosidase activity]], whereas strain 25CYCFAH16T and other members of ...	AUTO:21CYCFAH17_ST	21CYCFAH17_ST	produces	1	0	0	METPO:2000202	produces	label						0	
59	00059-40880261-abstract.txt	40880261	study_taxa	taxon_candidate	AUTO:Hominimerdicola	Hominimerdicola	260:275; 1014:1029; 1296:1311; 1635:1650; 1780:1795; 1816:1831; 2238:2253; 2257:2272	"... the highest 16S rRNA gene sequence similarity to [[Hominimerdicola]] aceti DSM 102216T (95.3%) and Ruminococcus albus ...; ... values of strains 21CYCFAH17_ST and 25CYCFAH16T ([[Hominimerdicola]], including strain 21CYCFAH17_ST, exhibited α-arab...; ...ved between the genera, with members of the genus [[Hominimerdicola]] containing C14:0, C16:0, iso-C14:0 and iso-C13:0 ...; ...25CYCFAH16T represent novel species of the genera [[Hominimerdicola]] and Ruminococcus, respectively. Based on the coll...; ...ST was identified as a novel species in the genus [[Hominimerdicola]], for which the name Hominimerdicola intestinalis ...; ... in the genus Hominimerdicola, for which the name [[Hominimerdicola]] intestinalis sp. nov. is proposed. In addition, s...; ...dditionally, R. albus is transferred to the genus [[Hominimerdicola]] as Hominimerdicola alba comb. nov.
; ...us is transferred to the genus Hominimerdicola as [[Hominimerdicola]] alba comb. nov.
"				0	1	0				NCBITaxon:2981634	NCBITaxon:2981634	Hominimerdicola	biolink:OrganismTaxon	name	3	in:biolink:subclass_of:NCBITaxon:2981726|out:biolink:subclass_of:NCBITaxon:216572|in:biolink:subclass_of:NCBITaxon:2981656
60	00060-41686178-abstract.txt	41686178	study_taxa	taxon_candidate	AUTO:Qipengyuania%20triglochinis	Qipengyuania triglochinis	1856:1881; 1901:1926	...uania and Alteriqipengyuania, for which the names [[Qipengyuania triglochinis]] sp. nov. and Alteriqipengyuania triglochinis sp. ...; ...ames Qipengyuania triglochinis sp. nov. and Alteri[[qipengyuania triglochinis]] sp. nov. are proposed. The type strains are strai...				0	1	0									0	
60	00060-41686178-abstract.txt	41686178	study_taxa	taxon_candidate	AUTO:Alteriqipengyuania%20triglochinis	Alteriqipengyuania triglochinis	1895:1926	... the names Qipengyuania triglochinis sp. nov. and [[Alteriqipengyuania triglochinis]] sp. nov. are proposed. The type strains are strai...				0	1	0									0	
60	00060-41686178-abstract.txt	41686178	study_taxa	taxon_candidate	AUTO:Qipengyuania%20aestuarii	Qipengyuania aestuarii	441:463	...A gene sequences, strain 483ᵀ was most similar to [[Qipengyuania aestuarii]] GH1ᵀ (99.7%), while strain 357ᵀ was closely relat...				0	1	0				NCBITaxon:2867241	NCBITaxon:2867241	Qipengyuania aestuarii	biolink:OrganismTaxon	name	1	out:biolink:subclass_of:NCBITaxon:1855416
60	00060-41686178-abstract.txt	41686178	study_taxa	taxon_candidate	AUTO:Alteriqipengyuania%20abyssalis	Alteriqipengyuania abyssalis	519:547	...(99.7%), while strain 357ᵀ was closely related to [[Alteriqipengyuania abyssalis]] NZ-12Bᵀ and Alteriqipengyuania lutimaris S-5ᵀ (bo...				0	1	0				NCBITaxon:2860200	NCBITaxon:2860200	Alteriqipengyuania abyssalis	biolink:OrganismTaxon	name	6	out:biolink:subclass_of:NCBITaxon:2800680|out:METPO:2000517:mediadive.medium:514|in:biolink:subclass_of:kgmicrobe.strain:DSM-112810|in:biolink:subclass_of:kgmicrobe.strain:JCM-36304|in:biolink:subclass_of:kgmicrobe.strain:NCCB-100841
60	00060-41686178-abstract.txt	41686178	study_taxa	taxon_candidate	AUTO:Alteriqipengyuania%20lutimaris	Alteriqipengyuania lutimaris	560:588	...lated to Alteriqipengyuania abyssalis NZ-12Bᵀ and [[Alteriqipengyuania lutimaris]] S-5ᵀ (both 98.7%). Phylogenetic analysis based on...				0	1	0				NCBITaxon:1538146	NCBITaxon:1538146	Alteriqipengyuania lutimaris	biolink:OrganismTaxon	name	1	out:biolink:subclass_of:NCBITaxon:2800680
60	00060-41686178-abstract.txt	41686178	strains	strain	AUTO:483%E1%B5%80	483ᵀ	51:55; 235:239; 416:420; 685:689; 862:866; 1199:1203; 1415:1419; 1758:1762; 1978:1982	...wo novel bacterial strains, designated as strains [[483ᵀ]] and 357ᵀ, were isolated from the rhizosphere and ...; ...do, Japan. Strain 357ᵀ was motile, whereas strain [[483ᵀ]] was non-motile. Both strains grew at 10-40 °C (op...; ... 1.94%). Based on 16S rRNA gene sequences, strain [[483ᵀ]] was most similar to Qipengyuania aestuarii GH1ᵀ (...; ... on 16S rRNA gene sequences revealed that strains [[483ᵀ]] and 357ᵀ clustered with Q. aestuarii GH1ᵀ and A. ...; ... results. DNA G+C contents were 59.9 mol% (strain [[483ᵀ]]) and 65.4 mol% (strain 357ᵀ). The average nucleot...; ...piratory quinone. The major fatty acids in strain [[483ᵀ]] were C14 : 0 2-OH and summed feature 8 (C18 : 1 ω...; ...byssalis and A. lutimaris. Polar lipids of strain [[483ᵀ]] were mainly phosphatidylcholine, phosphatidyletha...; ...dentified lipids. Based on these results, strains [[483ᵀ]] and 357ᵀ represent novel species of Qipengyuania ...; ...p. nov. are proposed. The type strains are strain [[483ᵀ]] (=NRIC 2006ᵀ=JCM 36263ᵀ=NCIMB 15619ᵀ=DSM 120134T)...				0	0	1									0	
60	00060-41686178-abstract.txt	41686178	strains	strain	AUTO:357%E1%B5%80	357ᵀ	60:64; 203:207; 491:495; 694:698; 890:894; 1297:1301; 1588:1592; 1767:1771; 2044:2048	...bacterial strains, designated as strains 483ᵀ and [[357ᵀ]], were isolated from the rhizosphere and root, res...; ...llected from Lake Notoro, Hokkaido, Japan. Strain [[357ᵀ]] was motile, whereas strain 483ᵀ was non-motile. B...; ...Qipengyuania aestuarii GH1ᵀ (99.7%), while strain [[357ᵀ]] was closely related to Alteriqipengyuania abyssal...; ...RNA gene sequences revealed that strains 483ᵀ and [[357ᵀ]] clustered with Q. aestuarii GH1ᵀ and A. abyssalis...; ...ere 59.9 mol% (strain 483ᵀ) and 65.4 mol% (strain [[357ᵀ]]). The average nucleotide identity (ANI), fastANI ...; ... : 1 ω7c), differing from Q. aestuarii. In strain [[357ᵀ]], C17 : 1 ω6c and summed feature 8 predominated, s...; ...ipid and five unidentified lipids, whereas strain [[357ᵀ]] mainly contained phosphatidylcholine, phosphatidy...; ... lipids. Based on these results, strains 483ᵀ and [[357ᵀ]] represent novel species of Qipengyuania and Alter...; ...ᵀ=JCM 36263ᵀ=NCIMB 15619ᵀ=DSM 120134T) and strain [[357ᵀ]] (=NRIC 2005ᵀ=JCM 36262ᵀ=NCIMB 15618ᵀ=DSM 120133T)...				0	0	1									0	
60	00060-41686178-abstract.txt	41686178	strains	strain	AUTO:GH1%E1%B5%80	GH1ᵀ	464:468; 727:731	...n 483ᵀ was most similar to Qipengyuania aestuarii [[GH1ᵀ]] (99.7%), while strain 357ᵀ was closely related to...; ...strains 483ᵀ and 357ᵀ clustered with Q. aestuarii [[GH1ᵀ]] and A. abyssalis NZ-12Bᵀ, respectively. Whole-gen...				0	0	1									0	
60	00060-41686178-abstract.txt	41686178	strains	strain	AUTO:NZ-12B%E1%B5%80	NZ-12Bᵀ	548:555; 749:756	...s closely related to Alteriqipengyuania abyssalis [[NZ-12Bᵀ]] and Alteriqipengyuania lutimaris S-5ᵀ (both 98.7%...; ...clustered with Q. aestuarii GH1ᵀ and A. abyssalis [[NZ-12Bᵀ]], respectively. Whole-genome phylogeny showed cons...				0	0	1									0	
60	00060-41686178-abstract.txt	41686178	strains	strain	AUTO:S-5%E1%B5%80	S-5ᵀ	589:593	...byssalis NZ-12Bᵀ and Alteriqipengyuania lutimaris [[S-5ᵀ]] (both 98.7%). Phylogenetic analysis based on 16S ...				0	0	1									0	
60	00060-41686178-abstract.txt	41686178	strains	strain	AUTO:NRIC%202006%E1%B5%80	NRIC 2006ᵀ	1985:1995	... are proposed. The type strains are strain 483ᵀ (=[[NRIC 2006ᵀ]]=JCM 36263ᵀ=NCIMB 15619ᵀ=DSM 120134T) and strain 3...				0	0	1									0	
60	00060-41686178-abstract.txt	41686178	strains	strain	AUTO:JCM%2036263%E1%B5%80	JCM 36263ᵀ	1996:2006	...ed. The type strains are strain 483ᵀ (=NRIC 2006ᵀ=[[JCM 36263ᵀ]]=NCIMB 15619ᵀ=DSM 120134T) and strain 357ᵀ (=NRIC ...				0	0	1									0	
60	00060-41686178-abstract.txt	41686178	strains	strain	AUTO:NCIMB%2015619%E1%B5%80	NCIMB 15619ᵀ	2007:2019	...e strains are strain 483ᵀ (=NRIC 2006ᵀ=JCM 36263ᵀ=[[NCIMB 15619ᵀ]]=DSM 120134T) and strain 357ᵀ (=NRIC 2005ᵀ=JCM 362...				0	0	1									0	
60	00060-41686178-abstract.txt	41686178	strains	strain	AUTO:DSM%20120134T	DSM 120134T	2020:2031	... strain 483ᵀ (=NRIC 2006ᵀ=JCM 36263ᵀ=NCIMB 15619ᵀ=[[DSM 120134T]]) and strain 357ᵀ (=NRIC 2005ᵀ=JCM 36262ᵀ=NCIMB 15...				0	0	1									0	
60	00060-41686178-abstract.txt	41686178	strains	strain	AUTO:NRIC%202005%E1%B5%80	NRIC 2005ᵀ	2051:2061	"...6263ᵀ=NCIMB 15619ᵀ=DSM 120134T) and strain 357ᵀ (=[[NRIC 2005ᵀ]]=JCM 36262ᵀ=NCIMB 15618ᵀ=DSM 120133T).
"				0	0	1									0	
60	00060-41686178-abstract.txt	41686178	strains	strain	AUTO:JCM%2036262%E1%B5%80	JCM 36262ᵀ	2062:2072	"... 15619ᵀ=DSM 120134T) and strain 357ᵀ (=NRIC 2005ᵀ=[[JCM 36262ᵀ]]=NCIMB 15618ᵀ=DSM 120133T).
"				0	0	1									0	
60	00060-41686178-abstract.txt	41686178	strains	strain	AUTO:NCIMB%2015618%E1%B5%80	NCIMB 15618ᵀ	2073:2085	"... 120134T) and strain 357ᵀ (=NRIC 2005ᵀ=JCM 36262ᵀ=[[NCIMB 15618ᵀ]]=DSM 120133T).
"				0	0	1									0	
60	00060-41686178-abstract.txt	41686178	strains	strain	AUTO:DSM%20120133T	DSM 120133T	2086:2097	"... strain 357ᵀ (=NRIC 2005ᵀ=JCM 36262ᵀ=NCIMB 15618ᵀ=[[DSM 120133T]]).
"				0	0	1									0	
60	00060-41686178-abstract.txt	41686178	chemical_utilization_object	chemical	AUTO:ubiquinone-10	ubiquinone-10	1120:1133	... 25.2-26.3%, respectively. Both strains contained [[ubiquinone-10]] as the sole respiratory quinone. The major fatty ...	AUTO:483%E1%B5%80	483ᵀ	uses_as_electron_acceptor	1	0	0	METPO:2000008	uses as electron acceptor	label	CHEBI:46245	CHEBI:46245	coenzyme Q10	biolink:SmallMolecule	synonym	24	out:biolink:subclass_of:CHEBI:16389|out:biolink:related_to:CHEBI:173084|out:biolink:related_to:CHEBI:22586|out:biolink:related_to:CHEBI:77746|in:biolink:has_participant:RHEA:38359
60	00060-41686178-abstract.txt	41686178	chemical_utilization_object	chemical	AUTO:ubiquinone-10	ubiquinone-10	1120:1133	... 25.2-26.3%, respectively. Both strains contained [[ubiquinone-10]] as the sole respiratory quinone. The major fatty ...	AUTO:357%E1%B5%80	357ᵀ	uses_as_electron_acceptor	1	0	0	METPO:2000008	uses as electron acceptor	label	CHEBI:46245	CHEBI:46245	coenzyme Q10	biolink:SmallMolecule	synonym	24	out:biolink:subclass_of:CHEBI:16389|out:biolink:related_to:CHEBI:173084|out:biolink:related_to:CHEBI:22586|out:biolink:related_to:CHEBI:77746|in:biolink:has_participant:RHEA:38359
61	00061-41686070-abstract.txt	41686070	study_taxa	taxon_candidate	AUTO:Allocoprococcus%20similis	Allocoprococcus similis	1032:1055	... distinct species. Therefore, we propose the name [[Allocoprococcus similis]] gen. nov., sp. nov. The type strain is OB7620T (=...				0	1	0									0	
61	00061-41686070-abstract.txt	41686070	study_taxa	taxon_candidate	AUTO:Coprococcus%20comes	Coprococcus comes	224:241; 879:896	... the highest 16S rRNA gene sequence similarity to [[Coprococcus comes]] ATCC 27758T (98.4%) and Clostridium nexile DSM 17...; ...ified into a novel genus, Allocoprococcus, as Allo[[coprococcus comes]] gen. nov., comb. nov. Although strain OB7620T is ...				0	1	0				NCBITaxon:410072	NCBITaxon:410072	Coprococcus comes	biolink:OrganismTaxon	name	8	out:biolink:subclass_of:NCBITaxon:33042|out:biolink:has_phenotype:METPO:1000872|out:biolink:has_phenotype:METPO:1000698|in:biolink:subclass_of:NCBITaxon:470146|in:biolink:subclass_of:kgmicrobe.strain:JCM-31264
61	00061-41686070-abstract.txt	41686070	study_taxa	taxon_candidate	AUTO:Pseudocoprococcus%20catus	Pseudocoprococcus catus	1255:1278	...en placed in a novel genus, Pseudocoprococcus, as [[Pseudocoprococcus catus]] gen. nov., comb. nov. We also concluded that Copr...				0	1	0									0	
61	00061-41686070-abstract.txt	41686070	study_taxa	taxon_candidate	AUTO:Pseudocoprococcus%20immobilis	Pseudocoprococcus immobilis	1497:1524	...As C. immobilis has priority, we propose the name [[Pseudocoprococcus immobilis]] gen. nov., comb. nov. We also concluded that C. n...				0	1	0									0	
61	00061-41686070-abstract.txt	41686070	study_taxa	taxon_candidate	AUTO:Faecalimonas%20nexilis	Faecalimonas nexilis	1702:1722	...s. As C. nexile has priority, we propose the name [[Faecalimonas nexilis]] comb. nov. Coprococcus mobilis and 'G. canis' sho...				0	1	0									0	
61	00061-41686070-abstract.txt	41686070	study_taxa	taxon_candidate	AUTO:Faecalimonas%20mobilis	Faecalimonas mobilis	1859:1879	...enus Faecalimonas. Therefore, we propose the name [[Faecalimonas mobilis]] comb. nov. and Faecalimonas canis sp. nov. As str...				0	1	0									0	
61	00061-41686070-abstract.txt	41686070	study_taxa	taxon_candidate	AUTO:Faecalimonas%20canis	Faecalimonas canis	1895:1913	...pose the name Faecalimonas mobilis comb. nov. and [[Faecalimonas canis]] sp. nov. As strain OB7656T is related to 'G. cani...				0	1	0									0	
61	00061-41686070-abstract.txt	41686070	study_taxa	taxon_candidate	AUTO:Faecalimonas%20hominis	Faecalimonas hominis	2014:2034	...' but is a different species, we propose the name [[Faecalimonas hominis]] sp. nov. The type strain is OB7656T (=DSM 118889T...				0	1	0									0	
61	00061-41686070-abstract.txt	41686070	strains	strain	AUTO:OB7620T	OB7620T	67:74; 160:167; 935:942; 1095:1102	...aerobic, Gram-stain-positive coccobacilli strains [[OB7620T]] and OB7656T were isolated from faecal samples of ...; ...al samples of healthy Japanese volunteers. Strain [[OB7620T]] showed the highest 16S rRNA gene sequence similar...; ...occus comes gen. nov., comb. nov. Although strain [[OB7620T]] is closely related to C. comes, it is a distinct ...; ...us similis gen. nov., sp. nov. The type strain is [[OB7620T]] (=DSM 118890T=JCM 37173T). Because Coprococcus ca...				0	0	1									0	
61	00061-41686070-abstract.txt	41686070	strains	strain	AUTO:OB7656T	OB7656T	79:86; 311:318; 1933:1940; 2063:2070	"...m-stain-positive coccobacilli strains OB7620T and [[OB7656T]] were isolated from faecal samples of healthy Japa...; ... and Clostridium nexile DSM 1787T (96.3%). Strain [[OB7656T]] showed the highest 16S rRNA gene sequence similar...; ...b. nov. and Faecalimonas canis sp. nov. As strain [[OB7656T]] is related to 'G. canis' but is a different speci...; ... Faecalimonas hominis sp. nov. The type strain is [[OB7656T]] (=DSM 118889T=JCM 37172T).
"				0	0	1									0	
61	00061-41686070-abstract.txt	41686070	strains	strain	AUTO:ATCC%2027758T	ATCC 27758T	242:253	...RNA gene sequence similarity to Coprococcus comes [[ATCC 27758T]] (98.4%) and Clostridium nexile DSM 1787T (96.3%)....				0	0	1									0	
61	00061-41686070-abstract.txt	41686070	strains	strain	AUTO:DSM%201787T	DSM 1787T	285:294; 427:436	... comes ATCC 27758T (98.4%) and Clostridium nexile [[DSM 1787T]] (96.3%). Strain OB7656T showed the highest 16S rR...; ...luceribacter canis' NATH-2371T (97.7%), C. nexile [[DSM 1787T]] (94.8%) and Faecalimonas umbilicata EGH7T (94.8%)...				0	0	1									0	
61	00061-41686070-abstract.txt	41686070	strains	strain	AUTO:NATH-2371T	NATH-2371T	397:407	...gene sequence similarity to 'Gluceribacter canis' [[NATH-2371T]] (97.7%), C. nexile DSM 1787T (94.8%) and Faecalim...				0	0	1									0	
61	00061-41686070-abstract.txt	41686070	strains	strain	AUTO:EGH7T	EGH7T	473:478	...ile DSM 1787T (94.8%) and Faecalimonas umbilicata [[EGH7T]] (94.8%). These findings indicate that the two str...				0	0	1									0	
61	00061-41686070-abstract.txt	41686070	strains	strain	AUTO:DSM%20118890T	DSM 118890T	1105:1116	... gen. nov., sp. nov. The type strain is OB7620T (=[[DSM 118890T]]=JCM 37173T). Because Coprococcus catus differs fr...				0	0	1									0	
61	00061-41686070-abstract.txt	41686070	strains	strain	AUTO:JCM%2037173T	JCM 37173T	1117:1127	...sp. nov. The type strain is OB7620T (=DSM 118890T=[[JCM 37173T]]). Because Coprococcus catus differs from Coprococ...				0	0	1									0	
61	00061-41686070-abstract.txt	41686070	strains	strain	AUTO:DSM%20118889T	DSM 118889T	2073:2084	"...nas hominis sp. nov. The type strain is OB7656T (=[[DSM 118889T]]=JCM 37172T).
"				0	0	1									0	
61	00061-41686070-abstract.txt	41686070	strains	strain	AUTO:JCM%2037172T	JCM 37172T	2085:2095	"...sp. nov. The type strain is OB7656T (=DSM 118889T=[[JCM 37172T]]).
"				0	0	1									0	
62	00062-41636756-abstract.txt	41636756	study_taxa	taxon_candidate	AUTO:Hoskinsella%20mucinilytica	Hoskinsella mucinilytica	1785:1809	...he family Erysipelotrichaceae, for which the name [[Hoskinsella mucinilytica]] gen. nov., sp. nov. is proposed. In addition, bas...				0	1	0									0	
62	00062-41636756-abstract.txt	41636756	study_taxa	taxon_candidate	AUTO:Hoskinsella%20hominis	Hoskinsella hominis	2094:2113	... gen. nov. with reclassification of E. hominis as [[Hoskinsella hominis]] comb. nov. and A. hominis as Hoskinsella hominifa...				0	1	0									0	
62	00062-41636756-abstract.txt	41636756	study_taxa	taxon_candidate	AUTO:Hoskinsella%20hominifaecis	Hoskinsella hominifaecis	2143:2167	"... Hoskinsella hominis comb. nov. and A. hominis as [[Hoskinsella hominifaecis]] nom. nov.
"				0	1	0									0	
62	00062-41636756-abstract.txt	41636756	study_taxa	taxon_candidate	AUTO:Eubacterium%20hominis	Eubacterium hominis	640:659	...d the highest similarity (96.94% and 96.75%) with [[Eubacterium hominis]] New-5T and Amedibacillus hominis NSJ-176T, respec...				0	1	0				NCBITaxon:2764325	NCBITaxon:2764325	[Eubacterium] hominis	biolink:OrganismTaxon	synonym	4	in:biolink:subclass_of:kgmicrobe.strain:CGMCC-1.32837|in:biolink:subclass_of:kgmicrobe.strain:KCTC-15860|in:biolink:subclass_of:kgmicrobe.strain:bacdive_169894|out:biolink:subclass_of:NCBITaxon:2749846
62	00062-41636756-abstract.txt	41636756	study_taxa	taxon_candidate	AUTO:Amedibacillus%20hominis	Amedibacillus hominis	671:692	...% and 96.75%) with Eubacterium hominis New-5T and [[Amedibacillus hominis]] NSJ-176T, respectively. Phylogenomic analyses bas...				0	1	0				NCBITaxon:2897776	NCBITaxon:2897776	Amedibacillus hominis	biolink:OrganismTaxon	name	4	in:biolink:subclass_of:kgmicrobe.strain:CGMCC-1.17933|in:biolink:subclass_of:kgmicrobe.strain:KCTC-25355|in:biolink:subclass_of:kgmicrobe.strain:bacdive_170479|out:biolink:subclass_of:NCBITaxon:2749846
62	00062-41636756-abstract.txt	41636756	study_taxa	taxon_candidate	AUTO:Erysipelotrichaceae	Erysipelotrichaceae	1112:1131; 1745:1764	...ricto, and placed UGRO018_0423T within the family [[Erysipelotrichaceae]]. This also indicated the problematic taxonomic st...; ... novel species within a novel genus in the family [[Erysipelotrichaceae]], for which the name Hoskinsella mucinilytica gen....				0	1	0				NCBITaxon:128827	NCBITaxon:128827	Erysipelotrichaceae	biolink:OrganismTaxon	name	39	in:biolink:subclass_of:NCBITaxon:118747|in:biolink:subclass_of:NCBITaxon:118966|in:biolink:subclass_of:NCBITaxon:123375|out:biolink:subclass_of:NCBITaxon:526525|in:biolink:subclass_of:NCBITaxon:134224
62	00062-41636756-abstract.txt	41636756	strains	strain	AUTO:UGRO018_0423T	UGRO018_0423T	424:437; 571:584; 977:990; 1080:1093; 1262:1275; 1407:1420; 1493:1506; 1640:1653	...tile, rod-shaped, obligately anaerobic bacterium ([[UGRO018_0423T]]) from faecal samples of a healthy adult. The stra...; ...ains. Based on 16S rRNA gene sequence, the strain [[UGRO018_0423T]] shared the highest similarity (96.94% and 96.75%)...; ...se (GTDB) reference tree revealed that the strain [[UGRO018_0423T]] is not affiliated with the genera Eubacterium or ...; ...terium or Amedibacillus sensu stricto, and placed [[UGRO018_0423T]] within the family Erysipelotrichaceae. This also ...; ...hominis that were placed within the same genus as [[UGRO018_0423T]] based on phylogenomic analyses. Genomic compariso...; ...dentity and digital DNA-DNA hybridization between [[UGRO018_0423T]] and E. hominis New-5T and A. hominis NSJ-176T ind...; ...and A. hominis NSJ-176T indicated that the strain [[UGRO018_0423T]] represents a novel species. These results combine...; ...phenotypic characterization indicated that strain [[UGRO018_0423T]] (=DSM 116809T=ATCC TSD-466T) represents a novel s...				0	0	1									0	
62	00062-41636756-abstract.txt	41636756	strains	strain	AUTO:New-5T	New-5T	660:666; 1436:1442	...rity (96.94% and 96.75%) with Eubacterium hominis [[New-5T]] and Amedibacillus hominis NSJ-176T, respectively....; ...ybridization between UGRO018_0423T and E. hominis [[New-5T]] and A. hominis NSJ-176T indicated that the strain...				0	0	1									0	
62	00062-41636756-abstract.txt	41636756	strains	strain	AUTO:NSJ-176T	NSJ-176T	693:701; 1458:1466	...acterium hominis New-5T and Amedibacillus hominis [[NSJ-176T]], respectively. Phylogenomic analyses based on 120...; ...GRO018_0423T and E. hominis New-5T and A. hominis [[NSJ-176T]] indicated that the strain UGRO018_0423T represent...				0	0	1									0	
62	00062-41636756-abstract.txt	41636756	strains	strain	AUTO:DSM%20116809T	DSM 116809T	1656:1667	...cterization indicated that strain UGRO018_0423T (=[[DSM 116809T]]=ATCC TSD-466T) represents a novel species within ...				0	0	1									0	
62	00062-41636756-abstract.txt	41636756	strains	strain	AUTO:ATCC%20TSD-466T	ATCC TSD-466T	1668:1681	...indicated that strain UGRO018_0423T (=DSM 116809T=[[ATCC TSD-466T]]) represents a novel species within a novel genus ...				0	0	1									0	
62	00062-41636756-abstract.txt	41636756	chemical_utilization_object	chemical	AUTO:porcine%20gastric%20mucin%20glycoprotein	porcine gastric mucin glycoprotein	275:309	...e context of a fibre-deficient diet. Using intact [[porcine gastric mucin glycoprotein]] as the main nutrient source, we isolated a Gram-p...	AUTO:UGRO018_0423T	UGRO018_0423T	uses_for_growth	1	0	0	METPO:2000012	uses for growth	label						0	
63	00063-41719151-abstract.txt	41719151	study_taxa	taxon_candidate	AUTO:Knoellia%20altitudinis	Knoellia altitudinis	1040:1060	...oellia, representing four novel species. Thereby, [[Knoellia altitudinis]] sp. nov. (type strain CPCC 206391T=XZ253T=KCTC 59...				0	1	0									0	
63	00063-41719151-abstract.txt	41719151	study_taxa	taxon_candidate	AUTO:Knoellia%20pratensis	Knoellia pratensis	1117:1135	...v. (type strain CPCC 206391T=XZ253T=KCTC 59139T), [[Knoellia pratensis]] sp. nov. (type strain CPCC 206453T=CXZ644T=KCTC 5...				0	1	0				NCBITaxon:3404796	NCBITaxon:3404796	Knoellia pratensis	biolink:OrganismTaxon	name	1	out:biolink:subclass_of:NCBITaxon:136099
63	00063-41719151-abstract.txt	41719151	study_taxa	taxon_candidate	AUTO:Knoellia%20terrae	Knoellia terrae	1193:1208	.... (type strain CPCC 206453T=CXZ644T=KCTC 59274T), [[Knoellia terrae]] sp. nov. (type strain CPCC 206435T=CXZ904T=KCTC 5...				0	1	0				NCBITaxon:3404797	NCBITaxon:3404797	Knoellia terrae	biolink:OrganismTaxon	name	1	out:biolink:subclass_of:NCBITaxon:136099
63	00063-41719151-abstract.txt	41719151	study_taxa	taxon_candidate	AUTO:Knoellia%20tibetensis	Knoellia tibetensis	1269:1288	...type strain CPCC 206435T=CXZ904T=KCTC 59271T) and [[Knoellia tibetensis]] sp. nov. (type strain CPCC 206450T=XZ100T=KCTC 59...				0	1	0				NCBITaxon:3404798	NCBITaxon:3404798	Knoellia tibetensis	biolink:OrganismTaxon	name	1	out:biolink:subclass_of:NCBITaxon:136099
63	00063-41719151-abstract.txt	41719151	study_taxa	taxon_candidate	AUTO:Knoellia	Knoellia	328:336; 435:443; 565:573; 988:996; 1040:1048; 1117:1125; 1193:1201; 1269:1277; 1559:1567	...ns showed close relations to members of the genus [[Knoellia]] of the family Intrasporangiaceae, with similariti...; ...ies of 96.1-99.4% to the validly named species of [[Knoellia]]. In the phylogenetic trees based on 16S rRNA gene...; ...e genome, these isolates clustered into the genus [[Knoellia]] clade within the lineage of the family Intraspora...; ..., supported their classification within the genus [[Knoellia]], representing four novel species. Thereby, Knoell...; ...oellia, representing four novel species. Thereby, [[Knoellia]] altitudinis sp. nov. (type strain CPCC 206391T=XZ...; ...v. (type strain CPCC 206391T=XZ253T=KCTC 59139T), [[Knoellia]] pratensis sp. nov. (type strain CPCC 206453T=CXZ6...; .... (type strain CPCC 206453T=CXZ644T=KCTC 59274T), [[Knoellia]] terrae sp. nov. (type strain CPCC 206435T=CXZ904T...; ...type strain CPCC 206435T=CXZ904T=KCTC 59271T) and [[Knoellia]] tibetensis sp. nov. (type strain CPCC 206450T=XZ1...; ...tance and DNA repair. These features indicate the [[Knoellia]] spp. adaptation to high UV radiation environments...				0	1	0				NCBITaxon:136099	NCBITaxon:136099	Knoellia	biolink:OrganismTaxon	name	14	in:biolink:subclass_of:NCBITaxon:407159|in:biolink:subclass_of:NCBITaxon:882824|in:biolink:subclass_of:NCBITaxon:913969|in:biolink:subclass_of:NCBITaxon:2730921|in:biolink:subclass_of:NCBITaxon:136100
63	00063-41719151-abstract.txt	41719151	strains	strain	AUTO:CPCC%20206391T	CPCC 206391T	93:105; 1083:1095	...le and non-spore-forming actinobacterial strains ([[CPCC 206391T]], CPCC 206453T, CPCC 206435T and CPCC 206450T) wer...; ...ereby, Knoellia altitudinis sp. nov. (type strain [[CPCC 206391T]]=XZ253T=KCTC 59139T), Knoellia pratensis sp. nov. ...				0	0	1									0	
63	00063-41719151-abstract.txt	41719151	strains	strain	AUTO:CPCC%20206453T	CPCC 206453T	107:119; 1158:1170	...re-forming actinobacterial strains (CPCC 206391T, [[CPCC 206453T]], CPCC 206435T and CPCC 206450T) were isolated fro...; ...59139T), Knoellia pratensis sp. nov. (type strain [[CPCC 206453T]]=CXZ644T=KCTC 59274T), Knoellia terrae sp. nov. (t...				0	0	1									0	
63	00063-41719151-abstract.txt	41719151	strains	strain	AUTO:CPCC%20206435T	CPCC 206435T	121:133; 1231:1243	...inobacterial strains (CPCC 206391T, CPCC 206453T, [[CPCC 206435T]] and CPCC 206450T) were isolated from soil samples...; ...TC 59274T), Knoellia terrae sp. nov. (type strain [[CPCC 206435T]]=CXZ904T=KCTC 59271T) and Knoellia tibetensis sp. ...				0	0	1									0	
63	00063-41719151-abstract.txt	41719151	strains	strain	AUTO:CPCC%20206450T	CPCC 206450T	138:150; 1311:1323	...ins (CPCC 206391T, CPCC 206453T, CPCC 206435T and [[CPCC 206450T]]) were isolated from soil samples collected from T...; ...1T) and Knoellia tibetensis sp. nov. (type strain [[CPCC 206450T]]=XZ100T=KCTC 59273T) were proposed. These strains ...				0	0	1									0	
63	00063-41719151-abstract.txt	41719151	strains	strain	AUTO:XZ253T	XZ253T	1096:1102	...ia altitudinis sp. nov. (type strain CPCC 206391T=[[XZ253T]]=KCTC 59139T), Knoellia pratensis sp. nov. (type s...				0	0	1									0	
63	00063-41719151-abstract.txt	41719151	strains	strain	AUTO:KCTC%2059139T	KCTC 59139T	1103:1114	...tudinis sp. nov. (type strain CPCC 206391T=XZ253T=[[KCTC 59139T]]), Knoellia pratensis sp. nov. (type strain CPCC 2...				0	0	1									0	
63	00063-41719151-abstract.txt	41719151	strains	strain	AUTO:CXZ644T	CXZ644T	1171:1178	...llia pratensis sp. nov. (type strain CPCC 206453T=[[CXZ644T]]=KCTC 59274T), Knoellia terrae sp. nov. (type stra...				0	0	1									0	
63	00063-41719151-abstract.txt	41719151	strains	strain	AUTO:KCTC%2059274T	KCTC 59274T	1179:1190	...tensis sp. nov. (type strain CPCC 206453T=CXZ644T=[[KCTC 59274T]]), Knoellia terrae sp. nov. (type strain CPCC 2064...				0	0	1									0	
63	00063-41719151-abstract.txt	41719151	strains	strain	AUTO:CXZ904T	CXZ904T	1244:1251	...noellia terrae sp. nov. (type strain CPCC 206435T=[[CXZ904T]]=KCTC 59271T) and Knoellia tibetensis sp. nov. (ty...				0	0	1									0	
63	00063-41719151-abstract.txt	41719151	strains	strain	AUTO:KCTC%2059271T	KCTC 59271T	1252:1263	...terrae sp. nov. (type strain CPCC 206435T=CXZ904T=[[KCTC 59271T]]) and Knoellia tibetensis sp. nov. (type strain CP...				0	0	1									0	
63	00063-41719151-abstract.txt	41719151	strains	strain	AUTO:XZ100T	XZ100T	1324:1330	...lia tibetensis sp. nov. (type strain CPCC 206450T=[[XZ100T]]=KCTC 59273T) were proposed. These strains exhibit...				0	0	1									0	
63	00063-41719151-abstract.txt	41719151	strains	strain	AUTO:KCTC%2059273T	KCTC 59273T	1331:1342	...etensis sp. nov. (type strain CPCC 206450T=XZ100T=[[KCTC 59273T]]) were proposed. These strains exhibited stable gr...				0	0	1									0	
64	00064-41678260-abstract.txt	41678260	study_taxa	taxon_candidate	AUTO:Sediminibacterium%20planctonicum	Sediminibacterium planctonicum	1701:1731	...e genus Sediminibacterium. The proposed names are [[Sediminibacterium planctonicum]] sp. nov. (type strain TEGAF015T=JCM 16661T=NCIMB ...				0	1	0									0	
64	00064-41678260-abstract.txt	41678260	study_taxa	taxon_candidate	AUTO:Sediminibacterium%20longum	Sediminibacterium longum	1793:1817	...ype strain TEGAF015T=JCM 16661T=NCIMB 15525T) and [[Sediminibacterium longum]] sp. nov. (type strain KACHI17T=JCM 36264T=LMG 339...				0	1	0									0	
64	00064-41678260-abstract.txt	41678260	study_taxa	taxon_candidate	AUTO:Sediminibacterium%20salmoneum	Sediminibacterium salmoneum	583:610	...T and KACHI17T formed clusters closely related to [[Sediminibacterium salmoneum]] NJ-44T and Sediminibacterium goheungense HME7863T...				0	1	0				NCBITaxon:426421	NCBITaxon:426421	Sediminibacterium salmoneum	biolink:OrganismTaxon	name	16	in:biolink:subclass_of:NCBITaxon:1400522|out:biolink:subclass_of:NCBITaxon:504481|out:METPO:2000006:CHEBI:16634|out:METPO:2000006:CHEBI:28053|out:biolink:has_phenotype:METPO:1000667
64	00064-41678260-abstract.txt	41678260	study_taxa	taxon_candidate	AUTO:Sediminibacterium%20goheungense	Sediminibacterium goheungense	622:651	...related to Sediminibacterium salmoneum NJ-44T and [[Sediminibacterium goheungense]] HME7863T, respectively. However, the average nucl...				0	1	0				NCBITaxon:1086393	NCBITaxon:1086393	Sediminibacterium goheungense	biolink:OrganismTaxon	name	9	out:biolink:subclass_of:NCBITaxon:504481|out:METPO:2000517:mediadive.medium:830|out:biolink:has_phenotype:METPO:1000602|out:biolink:has_phenotype:METPO:1000432|in:biolink:subclass_of:kgmicrobe.strain:CECT-8100
64	00064-41678260-abstract.txt	41678260	strains	strain	AUTO:TEGAF015T	TEGAF015T	85:94; 176:185; 362:371; 525:534; 1031:1040; 1179:1188; 1582:1591; 1754:1763	...otile, rod-shaped bacteria, designated as strains [[TEGAF015T]] and KACHI17T, were isolated from surface lake and...; ...m surface lake and river waters in Japan. Strains [[TEGAF015T]] and KACHI17T had cell dimensions of ~0.4-0.6×1.3-...; ...as positive for casein hydrolysis, whereas strain [[TEGAF015T]] was negative. Phylogenetic analyses based on the ...; ...y protein-encoding genes (5,035 aa) revealed that [[TEGAF015T]] and KACHI17T formed clusters closely related to S...; ..., anteiso-C15:0 and iso-C17:0 3-OH. Additionally, [[TEGAF015T]] contained anteiso-C15:1 A, iso-C15:0 3-OH and iso...; ...as identified as the major polar lipid of strains [[TEGAF015T]] and KACHI17T, which also contained menaquinone-7 ...; ...ring growth. These results indicated that strains [[TEGAF015T]] and KACHI17T represent two distinct novel species...; ...iminibacterium planctonicum sp. nov. (type strain [[TEGAF015T]]=JCM 16661T=NCIMB 15525T) and Sediminibacterium lo...				0	0	1									0	
64	00064-41678260-abstract.txt	41678260	strains	strain	AUTO:KACHI17T	KACHI17T	99:107; 190:198; 302:310; 539:547; 1193:1201; 1596:1604; 1840:1848	"...ped bacteria, designated as strains TEGAF015T and [[KACHI17T]], were isolated from surface lake and river waters...; ... and river waters in Japan. Strains TEGAF015T and [[KACHI17T]] had cell dimensions of ~0.4-0.6×1.3-2.9 µm and 0....; ...5×2.5-4.8 µm (width×length), respectively. Strain [[KACHI17T]] was positive for casein hydrolysis, whereas strai...; ...ding genes (5,035 aa) revealed that TEGAF015T and [[KACHI17T]] formed clusters closely related to Sediminibacter...; ...as the major polar lipid of strains TEGAF015T and [[KACHI17T]], which also contained menaquinone-7 as the predom...; ...hese results indicated that strains TEGAF015T and [[KACHI17T]] represent two distinct novel species within the g...; ...nd Sediminibacterium longum sp. nov. (type strain [[KACHI17T]]=JCM 36264T=LMG 33984T).
"				0	0	1									0	
64	00064-41678260-abstract.txt	41678260	strains	strain	AUTO:NJ-44T	NJ-44T	611:617	...rs closely related to Sediminibacterium salmoneum [[NJ-44T]] and Sediminibacterium goheungense HME7863T, respe...				0	0	1									0	
64	00064-41678260-abstract.txt	41678260	strains	strain	AUTO:HME7863T	HME7863T	652:660	...almoneum NJ-44T and Sediminibacterium goheungense [[HME7863T]], respectively. However, the average nucleotide id...				0	0	1									0	
64	00064-41678260-abstract.txt	41678260	strains	strain	AUTO:JCM%2016661T	JCM 16661T	1764:1774	...rium planctonicum sp. nov. (type strain TEGAF015T=[[JCM 16661T]]=NCIMB 15525T) and Sediminibacterium longum sp. no...				0	0	1									0	
64	00064-41678260-abstract.txt	41678260	strains	strain	AUTO:NCIMB%2015525T	NCIMB 15525T	1775:1787	...onicum sp. nov. (type strain TEGAF015T=JCM 16661T=[[NCIMB 15525T]]) and Sediminibacterium longum sp. nov. (type stra...				0	0	1									0	
64	00064-41678260-abstract.txt	41678260	strains	strain	AUTO:JCM%2036264T	JCM 36264T	1849:1859	"...nibacterium longum sp. nov. (type strain KACHI17T=[[JCM 36264T]]=LMG 33984T).
"				0	0	1									0	
64	00064-41678260-abstract.txt	41678260	strains	strain	AUTO:LMG%2033984T	LMG 33984T	1860:1870	"... longum sp. nov. (type strain KACHI17T=JCM 36264T=[[LMG 33984T]]).
"				0	0	1									0	
64	00064-41678260-abstract.txt	41678260	chemical_utilization_object	chemical	AUTO:casein	casein	328:334	...), respectively. Strain [[KACHI17T]] was positive for [[casein]] hydrolysis, whereas strain TEGAF015T was negative...	AUTO:KACHI17T	KACHI17T	hydrolyzes	1	0	0	METPO:2000013	hydrolyzes	label	CHEBI:3448	CHEBI:3448	Casein	biolink:ChemicalEntity	name	12	in:biolink:has_part:mediadive.solution:3103|in:biolink:has_part:mediadive.solution:3104|in:biolink:has_part:mediadive.solution:3124|in:biolink:has_part:mediadive.solution:3125|in:biolink:has_part:mediadive.solution:3126
64	00064-41678260-abstract.txt	41678260	chemical_utilization_object	chemical	AUTO:ammonium	ammonium	1521:1529	...ble of converting dissolved organic nitrogen into [[ammonium]] during growth. These results indicated that strai...	AUTO:TEGAF015T	TEGAF015T	produces	1	0	0	METPO:2000202	produces	label	CHEBI:28938	CHEBI:28938	ammonium	biolink:ChemicalEntity|biolink:ChemicalSubstance|biolink:SmallMolecule	name	2281	in:biolink:related_to:CHEBI:16134|out:biolink:subclass_of:CHEBI:35106|out:biolink:subclass_of:CHEBI:50313|out:biolink:subclass_of:CHEBI:60242|out:biolink:related_to:CHEBI:23357
64	00064-41678260-abstract.txt	41678260	chemical_utilization_object	chemical	AUTO:ammonium	ammonium	1521:1529	...ble of converting dissolved organic nitrogen into [[ammonium]] during growth. These results indicated that strai...	AUTO:KACHI17T	KACHI17T	produces	1	0	0	METPO:2000202	produces	label	CHEBI:28938	CHEBI:28938	ammonium	biolink:ChemicalEntity|biolink:ChemicalSubstance|biolink:SmallMolecule	name	2281	in:biolink:related_to:CHEBI:16134|out:biolink:subclass_of:CHEBI:35106|out:biolink:subclass_of:CHEBI:50313|out:biolink:subclass_of:CHEBI:60242|out:biolink:related_to:CHEBI:23357
65	00065-41671046-abstract.txt	41671046	study_taxa	taxon_candidate	AUTO:Hubeiibacter%20jixunmingi	Hubeiibacter jixunmingi	1623:1646	...ich the name Hubeiibacter gen. nov., type species [[Hubeiibacter jixunmingi]] gen. nov., sp. nov. is proposed. The type strain ...				0	1	0									0	
65	00065-41671046-abstract.txt	41671046	study_taxa	taxon_candidate	AUTO:Hubeiibacter	Hubeiibacter	1586:1598; 1623:1635	...ent a novel genus and species, for which the name [[Hubeiibacter]] gen. nov., type species Hubeiibacter jixunmingi g...; ...ich the name Hubeiibacter gen. nov., type species [[Hubeiibacter]] jixunmingi gen. nov., sp. nov. is proposed. The t...				0	1	0									0	
65	00065-41671046-abstract.txt	41671046	strains	strain	AUTO:c1-l78T	c1-l78T	25:32; 406:413; 635:642; 1103:1110; 1699:1706	"Three strains designated [[c1-l78T]], c2-A9 and c3-l95 were isolated from blowhole swa...; ... Based on 16S rRNA gene sequence analysis, strain [[c1-l78T]] was assigned to the family Moraxellaceae (order P...; ... and digital DNA-DNA hybridization values between [[c1-l78T]] and type strains of all validly published species...; ...nce value of ~0.94. The DNA G+C content of strain [[c1-l78T]] is 39.1 mol %. The major cellular fatty acids wer...; ...n. nov., sp. nov. is proposed. The type strain is [[c1-l78T]] (=GDMCC 1.4970T=JCM 37696T).
"				0	0	1									0	
65	00065-41671046-abstract.txt	41671046	strains	strain	AUTO:c2-A9	c2-A9	34:39	Three strains designated c1-l78T, [[c2-A9]] and c3-l95 were isolated from blowhole swab sampl...				0	0	1									0	
65	00065-41671046-abstract.txt	41671046	strains	strain	AUTO:c3-l95	c3-l95	44:50	Three strains designated c1-l78T, c2-A9 and [[c3-l95]] were isolated from blowhole swab samples of Yangt...				0	0	1									0	
65	00065-41671046-abstract.txt	41671046	chemical_utilization_object	chemical	AUTO:oxygen	oxygen			AUTO:c1-l78T	c1-l78T	requires_for_growth	1	0	0	METPO:2000018	requires for growth	label	CHEBI:15379	CHEBI:15379|CHEBI:25805	dioxygen	biolink:ChemicalEntity|biolink:ChemicalSubstance|biolink:SmallMolecule	synonym	11447	out:biolink:subclass_of:CHEBI:138675|out:biolink:subclass_of:CHEBI:25362|out:biolink:subclass_of:CHEBI:33263|out:biolink:related_to:CHEBI:27027|out:biolink:related_to:CHEBI:33284
66	00066-41662159-abstract.txt	41662159	study_taxa	taxon_candidate	AUTO:Homoserinimonas%20flava	Homoserinimonas flava	1447:1468	... of the genus Homoserinimonas, for which the name [[Homoserinimonas flava]] sp. nov. is proposed. The type strain is TRA05-7T...				0	1	0									0	
66	00066-41662159-abstract.txt	41662159	study_taxa	taxon_candidate	AUTO:Homoserinimonas%20hongtaonis	Homoserinimonas hongtaonis	405:431	...inimonas, with the highest sequence similarity to [[Homoserinimonas hongtaonis]] 194T (98.48%). However, whole-genome phylogenetic...				0	1	0				NCBITaxon:2079791	NCBITaxon:2079791	Homoserinimonas hongtaonis	biolink:OrganismTaxon	name	6	out:biolink:subclass_of:NCBITaxon:1434009|out:METPO:2000517:mediadive.medium:514|out:METPO:2000517:mediadive.medium:693|in:biolink:subclass_of:kgmicrobe.strain:CGMCC-1.16371|in:biolink:subclass_of:kgmicrobe.strain:DSM-106171
66	00066-41662159-abstract.txt	41662159	study_taxa	taxon_candidate	AUTO:Homoserinimonas%20sedimenticola	Homoserinimonas sedimenticola	527:556	...etic analysis revealed a closer relationship with [[Homoserinimonas sedimenticola]] SYSU T00001T, with the two strains forming a dist...				0	1	0				NCBITaxon:2986805	NCBITaxon:2986805	Homoserinimonas sedimenticola	biolink:OrganismTaxon	name	4	in:biolink:subclass_of:kgmicrobe.strain:GDMCC-1.3283|in:biolink:subclass_of:kgmicrobe.strain:KCTC-49758|in:biolink:subclass_of:kgmicrobe.strain:bacdive_176257|out:biolink:subclass_of:NCBITaxon:1434009
66	00066-41662159-abstract.txt	41662159	strains	strain	AUTO:TRA05-7T	TRA05-7T	38:46; 290:298; 708:716; 1234:1242; 1362:1370; 1510:1518	"An actinobacterial strain, designated [[TRA05-7T]], was isolated from a saline lake sediment in the ...; ... on 16S rRNA gene sequences indicated that strain [[TRA05-7T]] was most closely related to members of the genus ...; ...gital DNA-DNA hybridization values between strain [[TRA05-7T]] and H. sedimenticola were 77.3 and 20.7%, respect...; ...0. UV-Vis and HPLC analysis indicated that strain [[TRA05-7T]] had the ability to produce carotenoids. Based on ...; ...c, phenotypic and chemotaxonomic analyses, strain [[TRA05-7T]] represents a novel species of the genus Homoserin...; ...as flava sp. nov. is proposed. The type strain is [[TRA05-7T]] (=MCCC 1K10024T=KCTC 59574T).
"				0	0	1									0	
66	00066-41662159-abstract.txt	41662159	strains	strain	AUTO:194T	194T	432:436	...sequence similarity to Homoserinimonas hongtaonis [[194T]] (98.48%). However, whole-genome phylogenetic anal...				0	0	1									0	
66	00066-41662159-abstract.txt	41662159	strains	strain	AUTO:SYSU%20T00001T	SYSU T00001T	557:569	...r relationship with Homoserinimonas sedimenticola [[SYSU T00001T]], with the two strains forming a distinct cluster....				0	0	1									0	
66	00066-41662159-abstract.txt	41662159	strains	strain	AUTO:MCCC%201K10024T	MCCC 1K10024T	1521:1534	".... nov. is proposed. The type strain is TRA05-7T (=[[MCCC 1K10024T]]=KCTC 59574T).
"				0	0	1									0	
66	00066-41662159-abstract.txt	41662159	strains	strain	AUTO:KCTC%2059574T	KCTC 59574T	1535:1546	"...osed. The type strain is TRA05-7T (=MCCC 1K10024T=[[KCTC 59574T]]).
"				0	0	1									0	
66	00066-41662159-abstract.txt	41662159	chemical_utilization_object	chemical	AUTO:carotenoids	carotenoids	1270:1281	...d that strain [[TRA05-7T]] had the ability to produce [[carotenoids]]. Based on phylogenetic, genomic, phenotypic and c...	AUTO:TRA05-7T	TRA05-7T	produces	1	0	0	METPO:2000202	produces	label	CHEBI:23044	CHEBI:23044	carotenoid	biolink:ChemicalEntity|biolink:ChemicalSubstance|biolink:SmallMolecule	synonym	25	out:biolink:subclass_of:CHEBI:26935|out:biolink:related_to:CHEBI:23042|in:METPO:2000202:kgmicrobe.strain:bacdive_15246|in:METPO:2000202:kgmicrobe.strain:bacdive_67|in:biolink:subclass_of:CHEBI:139114
67	00067-41661668-abstract.txt	41661668	study_taxa	taxon_candidate	AUTO:Sphingomonas%20lindongxini	Sphingomonas lindongxini	1758:1782	...gomonas and Sphingosinicella, for which the names [[Sphingomonas lindongxini]] sp. nov. and Sphingosinicella wutangchuni sp. nov...				0	1	0									0	
67	00067-41661668-abstract.txt	41661668	study_taxa	taxon_candidate	AUTO:Sphingosinicella%20wutangchuni	Sphingosinicella wutangchuni	1796:1824	"...h the names Sphingomonas lindongxini sp. nov. and [[Sphingosinicella wutangchuni]] sp. nov. are proposed.
"				0	1	0									0	
67	00067-41661668-abstract.txt	41661668	study_taxa	taxon_candidate	AUTO:Sphingomonas	Sphingomonas	291:303; 369:381; 406:418; 546:558; 1703:1715; 1758:1770	...T/LY1275 were identified as members of the genera [[Sphingomonas]] and Sphingosinicella, respectively, with highest ...; ...cella, respectively, with highest similarities to [[Sphingomonas]] alba SE158T (97.8%) and Sphingomonas montis DRJ-4...; ...ilarities to Sphingomonas alba SE158T (97.8%) and [[Sphingomonas]] montis DRJ-4T (98.0%), respectively. In phylogeno...; ...re gene sequences, LY29T and LY160 clustered with [[Sphingomonas]] rhizophila THG-T61T, while LY54T and LY1275 were ...; ...KCTC 8630T) represent novel species of the genera [[Sphingomonas]] and Sphingosinicella, for which the names Sphingo...; ...gomonas and Sphingosinicella, for which the names [[Sphingomonas]] lindongxini sp. nov. and Sphingosinicella wutangc...				0	1	0				NCBITaxon:13687	NCBITaxon:13687	Sphingomonas	biolink:OrganismTaxon	name	223	in:biolink:subclass_of:NCBITaxon:1045317|in:biolink:subclass_of:NCBITaxon:1069987|in:biolink:subclass_of:NCBITaxon:1141887|in:biolink:subclass_of:NCBITaxon:1141888|in:biolink:subclass_of:NCBITaxon:1141889
67	00067-41661668-abstract.txt	41661668	study_taxa	taxon_candidate	AUTO:Sphingosinicella	Sphingosinicella	308:324; 627:643; 658:674; 691:707; 1720:1736; 1796:1812	"...ntified as members of the genera Sphingomonas and [[Sphingosinicella]], respectively, with highest similarities to Sphin...; ...T, while LY54T and LY1275 were closely related to [[Sphingosinicella]] humi QZX222T, Sphingosinicella flava UDD2T and Sp...; ...closely related to Sphingosinicella humi QZX222T, [[Sphingosinicella]] flava UDD2T and Sphingosinicella vermicomposti KC...; ...la humi QZX222T, Sphingosinicella flava UDD2T and [[Sphingosinicella]] vermicomposti KCTC 22446T. Digital DNA-DNA hybrid...; ...sent novel species of the genera Sphingomonas and [[Sphingosinicella]], for which the names Sphingomonas lindongxini sp....; ...h the names Sphingomonas lindongxini sp. nov. and [[Sphingosinicella]] wutangchuni sp. nov. are proposed.
"				0	1	0				NCBITaxon:335405	NCBITaxon:335405	Sphingosinicella	biolink:OrganismTaxon	name	9	in:biolink:subclass_of:NCBITaxon:333708|in:biolink:subclass_of:NCBITaxon:335406|in:biolink:subclass_of:NCBITaxon:364098|in:biolink:subclass_of:NCBITaxon:1591117|in:biolink:subclass_of:NCBITaxon:2172047
67	00067-41661668-abstract.txt	41661668	strains	strain	AUTO:LY29T	LY29T	79:84; 221:226; 515:520; 1055:1060; 1117:1122; 1431:1436; 1593:1598	...-spore-forming, motile, short rod-shaped strains ([[LY29T]], LY160, LY54T and LY1275) were isolated from soil...; ...a. Based on 16S rRNA gene sequences, strain pairs [[LY29T]]/LY160 and LY54T/LY1275 were identified as members...; ...enomic analyses based on 426 core gene sequences, [[LY29T]] and LY160 clustered with Sphingomonas rhizophila ...; ...ctively). The genomic DNA G+C contents of strains [[LY29T]] and LY54T were 64.8 and 66.8 mol%, respectively. ...; ...54T were 64.8 and 66.8 mol%, respectively. Strain [[LY29T]] contained predominant fatty acids C16 (C16:1 ω7c ...; ...ne and an unidentified sphingoglycolipid). Strain [[LY29T]] possessed ubiquinone Q-10 and homospermidine, whe...; ... on a polyphasic taxonomic approach, type strains [[LY29T]] (=GDMCC 1.4177T=JCM 36472T) and LY54T (=GDMCC 1.4...				0	0	1									0	
67	00067-41661668-abstract.txt	41661668	strains	strain	AUTO:LY160	LY160	86:91; 227:232; 525:530	...forming, motile, short rod-shaped strains (LY29T, [[LY160]], LY54T and LY1275) were isolated from soil of the...; ...ed on 16S rRNA gene sequences, strain pairs LY29T/[[LY160]] and LY54T/LY1275 were identified as members of th...; ...lyses based on 426 core gene sequences, LY29T and [[LY160]] clustered with Sphingomonas rhizophila THG-T61T, ...				0	0	1									0	
67	00067-41661668-abstract.txt	41661668	strains	strain	AUTO:LY54T	LY54T	93:98; 237:242; 586:591; 1065:1070; 1228:1233; 1491:1496; 1631:1636	..., motile, short rod-shaped strains (LY29T, LY160, [[LY54T]] and LY1275) were isolated from soil of the Qingha...; ...rRNA gene sequences, strain pairs LY29T/LY160 and [[LY54T]]/LY1275 were identified as members of the genera S...; ...ered with Sphingomonas rhizophila THG-T61T, while [[LY54T]] and LY1275 were closely related to Sphingosinicel...; ...The genomic DNA G+C contents of strains LY29T and [[LY54T]] were 64.8 and 66.8 mol%, respectively. Strain LY2...; ...6:1 ω6c) and C18 (C18:1 ω7c and C18:1 ω6c), while [[LY54T]] had iso-C16:0 as the major fatty acid. Both strai...; ...essed ubiquinone Q-10 and homospermidine, whereas [[LY54T]] contained MK-9(H2) as the major quinone. Based on...; ...ype strains LY29T (=GDMCC 1.4177T=JCM 36472T) and [[LY54T]] (=GDMCC 1.4236T=KCTC 8630T) represent novel speci...				0	0	1									0	
67	00067-41661668-abstract.txt	41661668	strains	strain	AUTO:LY1275	LY1275	103:109; 243:249; 596:602	...short rod-shaped strains (LY29T, LY160, LY54T and [[LY1275]]) were isolated from soil of the Qinghai-Tibetan P...; ...ene sequences, strain pairs LY29T/LY160 and LY54T/[[LY1275]] were identified as members of the genera Sphingom...; ...Sphingomonas rhizophila THG-T61T, while LY54T and [[LY1275]] were closely related to Sphingosinicella humi QZX...				0	0	1									0	
67	00067-41661668-abstract.txt	41661668	strains	strain	AUTO:SE158T	SE158T	387:393	...y, with highest similarities to Sphingomonas alba [[SE158T]] (97.8%) and Sphingomonas montis DRJ-4T (98.0%), r...				0	0	1									0	
67	00067-41661668-abstract.txt	41661668	strains	strain	AUTO:DRJ-4T	DRJ-4T	426:432	...monas alba SE158T (97.8%) and Sphingomonas montis [[DRJ-4T]] (98.0%), respectively. In phylogenomic analyses b...				0	0	1									0	
67	00067-41661668-abstract.txt	41661668	strains	strain	AUTO:THG-T61T	THG-T61T	570:578	... and LY160 clustered with Sphingomonas rhizophila [[THG-T61T]], while LY54T and LY1275 were closely related to S...				0	0	1									0	
67	00067-41661668-abstract.txt	41661668	strains	strain	AUTO:QZX222T	QZX222T	649:656	...275 were closely related to Sphingosinicella humi [[QZX222T]], Sphingosinicella flava UDD2T and Sphingosinicell...				0	0	1									0	
67	00067-41661668-abstract.txt	41661668	strains	strain	AUTO:UDD2T	UDD2T	681:686	...ngosinicella humi QZX222T, Sphingosinicella flava [[UDD2T]] and Sphingosinicella vermicomposti KCTC 22446T. D...				0	0	1									0	
67	00067-41661668-abstract.txt	41661668	strains	strain	AUTO:KCTC%2022446T	KCTC 22446T	722:733	...la flava UDD2T and Sphingosinicella vermicomposti [[KCTC 22446T]]. Digital DNA-DNA hybridization and average nucleo...				0	0	1									0	
67	00067-41661668-abstract.txt	41661668	strains	strain	AUTO:GDMCC%201.4177T	GDMCC 1.4177T	1601:1614	...lyphasic taxonomic approach, type strains LY29T (=[[GDMCC 1.4177T]]=JCM 36472T) and LY54T (=GDMCC 1.4236T=KCTC 8630T)...				0	0	1									0	
67	00067-41661668-abstract.txt	41661668	strains	strain	AUTO:JCM%2036472T	JCM 36472T	1615:1625	...omic approach, type strains LY29T (=GDMCC 1.4177T=[[JCM 36472T]]) and LY54T (=GDMCC 1.4236T=KCTC 8630T) represent ...				0	0	1									0	
67	00067-41661668-abstract.txt	41661668	strains	strain	AUTO:GDMCC%201.4236T	GDMCC 1.4236T	1639:1652	...ins LY29T (=GDMCC 1.4177T=JCM 36472T) and LY54T (=[[GDMCC 1.4236T]]=KCTC 8630T) represent novel species of the genera...				0	0	1									0	
67	00067-41661668-abstract.txt	41661668	strains	strain	AUTO:KCTC%208630T	KCTC 8630T	1653:1663	...MCC 1.4177T=JCM 36472T) and LY54T (=GDMCC 1.4236T=[[KCTC 8630T]]) represent novel species of the genera Sphingomon...				0	0	1									0	
67	00067-41661668-abstract.txt	41661668	chemical_utilization_object	chemical	AUTO:homospermidine	homospermidine	1467:1481	...ipid). Strain [[LY29T]] possessed ubiquinone Q-10 and [[homospermidine]], whereas LY54T contained MK-9(H2) as the major qu...	AUTO:LY29T	LY29T	produces	1	0	0	METPO:2000202	produces	label	CHEBI:16554	CHEBI:16554	sym-homospermidine	biolink:SmallMolecule	synonym	4	out:biolink:subclass_of:CHEBI:38751|out:biolink:subclass_of:CHEBI:39474|out:biolink:related_to:CHEBI:57811|in:biolink:related_to:CHEBI:57811
68	00068-41641692-abstract.txt	41641692	study_taxa	taxon_candidate	AUTO:Sinorhizobium%20prairiense	Sinorhizobium prairiense	1496:1520	...vel species within the Sinorhizobium clade, named [[Sinorhizobium prairiense]] sp. nov., for which the type strain is K101T (=LM...				0	1	0									0	
68	00068-41641692-abstract.txt	41641692	study_taxa	taxon_candidate	AUTO:Sinorhizobium%20meliloti	Sinorhizobium meliloti	487:509	...he Sinorhizobium clade and are closely related to [[Sinorhizobium meliloti]]. Each strain contains four replicons that include...				0	1	0				NCBITaxon:382	NCBITaxon:382	Sinorhizobium meliloti	biolink:OrganismTaxon	name	129	out:biolink:subclass_of:NCBITaxon:28105|out:METPO:2000517:mediadive.medium:1|out:METPO:2000517:mediadive.medium:98|out:METPO:2000517:mediadive.medium:J254|out:biolink:has_phenotype:METPO:1000667
68	00068-41641692-abstract.txt	41641692	study_taxa	taxon_candidate	AUTO:Sinorhizobium%20americanum	Sinorhizobium americanum	983:1007	...ng plasmid was found to group with a plasmid from [[Sinorhizobium americanum]]. Consistent with this, the nodulation genes on th...				0	1	0				NCBITaxon:194963	NCBITaxon:194963	Sinorhizobium americanum	biolink:OrganismTaxon	name	18	out:biolink:subclass_of:NCBITaxon:28105|out:METPO:2000517:mediadive.medium:98|out:METPO:2000517:mediadive.medium:1|out:METPO:2000517:mediadive.medium:830|out:biolink:has_phenotype:METPO:1000615
68	00068-41641692-abstract.txt	41641692	study_taxa	taxon_candidate	AUTO:Phaseolus%20vulgaris	Phaseolus vulgaris	101:119	...e obtained from nodule-trapping experiments using [[Phaseolus vulgaris]], which was inoculated with soil samples from thre...				0	1	0									0	
68	00068-41641692-abstract.txt	41641692	strains	strain	AUTO:K101T	K101T	26:31; 1560:1565	"Three symbiotic bacteria ([[K101T]], C101 and M103) were obtained from nodule-trappin...; ...prairiense sp. nov., for which the type strain is [[K101T]] (=LMG 33767T=DSM 118657T).
"				0	0	1									0	
68	00068-41641692-abstract.txt	41641692	strains	strain	AUTO:C101	C101	33:37	Three symbiotic bacteria (K101T, [[C101]] and M103) were obtained from nodule-trapping expe...				0	0	1									0	
68	00068-41641692-abstract.txt	41641692	strains	strain	AUTO:M103	M103	42:46	Three symbiotic bacteria (K101T, C101 and [[M103]]) were obtained from nodule-trapping experiments u...				0	0	1									0	
68	00068-41641692-abstract.txt	41641692	chemical_utilization_object	chemical	AUTO:nitrogen	nitrogen	1339:1347	...var. All three isolates were capable of symbiotic [[nitrogen]] fixation with P. vulgaris. Based on genomic and p...	AUTO:K101T	K101T	uses_for_growth	1	0	0	METPO:2000012	uses for growth	label	CHEBI:17997	CHEBI:17997|CHEBI:25555	dinitrogen	biolink:ChemicalEntity|biolink:ChemicalSubstance|biolink:SmallMolecule	synonym	889	out:biolink:subclass_of:CHEBI:138675|out:biolink:subclass_of:CHEBI:25362|out:biolink:subclass_of:CHEBI:33266|out:biolink:related_to:CHEBI:77974|out:biolink:related_to:CHEBI:78017
68	00068-41641692-abstract.txt	41641692	chemical_utilization_object	chemical	AUTO:nitrogen	nitrogen	1339:1347	...var. All three isolates were capable of symbiotic [[nitrogen]] fixation with P. vulgaris. Based on genomic and p...	AUTO:C101	C101	uses_for_growth	1	0	0	METPO:2000012	uses for growth	label	CHEBI:17997	CHEBI:17997|CHEBI:25555	dinitrogen	biolink:ChemicalEntity|biolink:ChemicalSubstance|biolink:SmallMolecule	synonym	889	out:biolink:subclass_of:CHEBI:138675|out:biolink:subclass_of:CHEBI:25362|out:biolink:subclass_of:CHEBI:33266|out:biolink:related_to:CHEBI:77974|out:biolink:related_to:CHEBI:78017
68	00068-41641692-abstract.txt	41641692	chemical_utilization_object	chemical	AUTO:nitrogen	nitrogen	1339:1347	...var. All three isolates were capable of symbiotic [[nitrogen]] fixation with P. vulgaris. Based on genomic and p...	AUTO:M103	M103	uses_for_growth	1	0	0	METPO:2000012	uses for growth	label	CHEBI:17997	CHEBI:17997|CHEBI:25555	dinitrogen	biolink:ChemicalEntity|biolink:ChemicalSubstance|biolink:SmallMolecule	synonym	889	out:biolink:subclass_of:CHEBI:138675|out:biolink:subclass_of:CHEBI:25362|out:biolink:subclass_of:CHEBI:33266|out:biolink:related_to:CHEBI:77974|out:biolink:related_to:CHEBI:78017
68	00068-41641692-abstract.txt	41641692	strains	strain	AUTO:LMG%2033767T	LMG 33767T	1568:1578	"...se sp. nov., for which the type strain is K101T (=[[LMG 33767T]]=DSM 118657T).
"				0	0	1									0	
68	00068-41641692-abstract.txt	41641692	strains	strain	AUTO:DSM%20118657T	DSM 118657T	1579:1590	"..., for which the type strain is K101T (=LMG 33767T=[[DSM 118657T]]).
"				0	0	1									0	
69	00069-41734014-abstract.txt	41734014	study_taxa	taxon_candidate	AUTO:Limosilactobacillus%20reuteri	Limosilactobacillus reuteri	83:110	...analysis of representative strains of the species [[Limosilactobacillus reuteri]] identified eight lineages that differ from the si...				0	1	0				NCBITaxon:1598	NCBITaxon:1598|kgmicrobe.strain:bacdive_177005	Limosilactobacillus reuteri	biolink:OrganismTaxon	name	107	out:biolink:subclass_of:NCBITaxon:2742598|out:METPO:2000517:mediadive.medium:11|out:METPO:2000517:mediadive.medium:381|out:METPO:2000517:mediadive.medium:339|out:METPO:2000517:mediadive.medium:1203a
69	00069-41734014-abstract.txt	41734014	study_taxa	taxon_candidate	AUTO:Limosilactobacillus%20secundus	Limosilactobacillus secundus	811:839	... reuteri. Therefore, we propose the novel species [[Limosilactobacillus secundus]] sp. nov. (type strain LR77T=DSM 113335T=LMG 32469...				0	1	0									0	
69	00069-41734014-abstract.txt	41734014	study_taxa	taxon_candidate	AUTO:Limosilactobacillus%20reuteri%20subsp.%20pararodentium	Limosilactobacillus reuteri subsp. pararodentium						0	1	0									0	
69	00069-41734014-abstract.txt	41734014	study_taxa	taxon_candidate	AUTO:Limosilactobacillus%20reuteri%20subsp.%20peregrinus	Limosilactobacillus reuteri subsp. peregrinus						0	1	0									0	
69	00069-41734014-abstract.txt	41734014	study_taxa	taxon_candidate	AUTO:Limosilactobacillus%20reuteri%20subsp.%20simiae	Limosilactobacillus reuteri subsp. simiae						0	1	0									0	
69	00069-41734014-abstract.txt	41734014	strains	strain	AUTO:LR77T	LR77T	333:338; 862:867	...faeces of rodents and primates, including strains [[LR77T]] and LR80 (lineage X), mlc3T and LR92 (lineage VII...; ...imosilactobacillus secundus sp. nov. (type strain [[LR77T]]=DSM 113335T=LMG 32469T) and the novel subspecies ...				0	0	1									0	
69	00069-41734014-abstract.txt	41734014	strains	strain	AUTO:LR80	LR80	343:347	...rodents and primates, including strains LR77T and [[LR80]] (lineage X), mlc3T and LR92 (lineage VIII), LR51T...				0	0	1									0	
69	00069-41734014-abstract.txt	41734014	strains	strain	AUTO:mlc3T	mlc3T	361:366; 974:979	...es, including strains LR77T and LR80 (lineage X), [[mlc3T]] and LR92 (lineage VIII), LR51T and LR88 (lineage ...; ...eri subsp. pararodentium subsp. nov. (type strain [[mlc3T]]=DSM 113337T=LMG 32470T), L. reuteri subsp. peregr...				0	0	1									0	
69	00069-41734014-abstract.txt	41734014	strains	strain	AUTO:LR92	LR92	371:375	...ing strains LR77T and LR80 (lineage X), mlc3T and [[LR92]] (lineage VIII), LR51T and LR88 (lineage VII) and ...				0	0	1									0	
69	00069-41734014-abstract.txt	41734014	strains	strain	AUTO:LR51T	LR51T	392:397; 1059:1064	... LR80 (lineage X), mlc3T and LR92 (lineage VIII), [[LR51T]] and LR88 (lineage VII) and LR66T and LR52 (lineag...; ...euteri subsp. peregrinus subsp. nov. (type strain [[LR51T]]=DSM 113336T=LMG 32467T) and L. reuteri subsp. sim...				0	0	1									0	
69	00069-41734014-abstract.txt	41734014	strains	strain	AUTO:LR88	LR88	402:406	...eage X), mlc3T and LR92 (lineage VIII), LR51T and [[LR88]] (lineage VII) and LR66T and LR52 (lineage IX). An...				0	0	1									0	
69	00069-41734014-abstract.txt	41734014	strains	strain	AUTO:LR66T	LR66T	425:430; 1143:1148	... (lineage VIII), LR51T and LR88 (lineage VII) and [[LR66T]] and LR52 (lineage IX). Analyses of pairwise avera...; ...L. reuteri subsp. simiae subsp. nov. (type strain [[LR66T]]=DSM 113334T=LMG 32468T). This expanded taxonomic ...				0	0	1									0	
69	00069-41734014-abstract.txt	41734014	strains	strain	AUTO:LR52	LR52	435:439	...VIII), LR51T and LR88 (lineage VII) and LR66T and [[LR52]] (lineage IX). Analyses of pairwise average nucleo...				0	0	1									0	
69	00069-41734014-abstract.txt	41734014	strains	strain	AUTO:DSM%20113335T	DSM 113335T	868:879	...actobacillus secundus sp. nov. (type strain LR77T=[[DSM 113335T]]=LMG 32469T) and the novel subspecies L. reuteri s...				0	0	1									0	
69	00069-41734014-abstract.txt	41734014	strains	strain	AUTO:LMG%2032469T	LMG 32469T	880:890	... secundus sp. nov. (type strain LR77T=DSM 113335T=[[LMG 32469T]]) and the novel subspecies L. reuteri subsp. parar...				0	0	1									0	
69	00069-41734014-abstract.txt	41734014	strains	strain	AUTO:DSM%20113337T	DSM 113337T	980:991	...bsp. pararodentium subsp. nov. (type strain mlc3T=[[DSM 113337T]]=LMG 32470T), L. reuteri subsp. peregrinus subsp. ...				0	0	1									0	
69	00069-41734014-abstract.txt	41734014	strains	strain	AUTO:LMG%2032470T	LMG 32470T	992:1002	...entium subsp. nov. (type strain mlc3T=DSM 113337T=[[LMG 32470T]]), L. reuteri subsp. peregrinus subsp. nov. (type ...				0	0	1									0	
69	00069-41734014-abstract.txt	41734014	strains	strain	AUTO:DSM%20113336T	DSM 113336T	1065:1076	... subsp. peregrinus subsp. nov. (type strain LR51T=[[DSM 113336T]]=LMG 32467T) and L. reuteri subsp. simiae subsp. n...				0	0	1									0	
69	00069-41734014-abstract.txt	41734014	strains	strain	AUTO:LMG%2032467T	LMG 32467T	1077:1087	...grinus subsp. nov. (type strain LR51T=DSM 113336T=[[LMG 32467T]]) and L. reuteri subsp. simiae subsp. nov. (type s...				0	0	1									0	
69	00069-41734014-abstract.txt	41734014	strains	strain	AUTO:DSM%20113334T	DSM 113334T	1149:1160	...teri subsp. simiae subsp. nov. (type strain LR66T=[[DSM 113334T]]=LMG 32468T). This expanded taxonomic framework en...				0	0	1									0	
69	00069-41734014-abstract.txt	41734014	strains	strain	AUTO:LMG%2032468T	LMG 32468T	1161:1171	...simiae subsp. nov. (type strain LR66T=DSM 113334T=[[LMG 32468T]]). This expanded taxonomic framework enhances our ...				0	0	1									0	
70	00070-41729196-abstract.txt	41729196	study_taxa	taxon_candidate	AUTO:Gordonia%20abscondita	Gordonia abscondita	1287:1306	...tatives of two novel species, for which the names [[Gordonia abscondita]] sp. nov. (type strain MP11MiT=DSM 113667=CCM 9219...				0	1	0									0	
70	00070-41729196-abstract.txt	41729196	study_taxa	taxon_candidate	AUTO:Pseudochrobactrum%20mosebachae	Pseudochrobactrum mosebachae	1362:1390	...ov. (type strain MP11MiT=DSM 113667=CCM 9219) and [[Pseudochrobactrum mosebachae]] sp. nov. (type strain MP213FoT=DSM 113682=CCM 921...				0	1	0									0	
70	00070-41729196-abstract.txt	41729196	strains	strain	AUTO:MP11MiT	MP11MiT	40:47; 179:186; 1018:1025; 1192:1199; 1329:1336	Two novel bacterial strains, designated [[MP11MiT]] and MP213FoT, were isolated from the burying beet...; ...subjected to a polyphasic taxonomic study. Strain [[MP11MiT]] was placed in the genus Gordonia, showing the hig...; ...ynthetic potential identified 13 gene clusters in [[MP11MiT]] and 4 in MP213FoT, highlighting their capacity fo...; ...taxonomic and phenotypic characteristics, strains [[MP11MiT]] and MP213FoT are proposed as representatives of t...; ...e names Gordonia abscondita sp. nov. (type strain [[MP11MiT]]=DSM 113667=CCM 9219) and Pseudochrobactrum moseba...				0	0	1									0	
70	00070-41729196-abstract.txt	41729196	strains	strain	AUTO:MP213FoT	MP213FoT	52:60; 841:849; 1035:1043; 1204:1212; 1413:1421	"...o novel bacterial strains, designated MP11MiT and [[MP213FoT]], were isolated from the burying beetle Nicrophoru...; ...o recognized species of this genus. The genome of [[MP213FoT]] comprises a circular chromosome and a plasmid car...; ...l identified 13 gene clusters in MP11MiT and 4 in [[MP213FoT]], highlighting their capacity for specialized meta...; ...d phenotypic characteristics, strains MP11MiT and [[MP213FoT]] are proposed as representatives of two novel spec...; ...seudochrobactrum mosebachae sp. nov. (type strain [[MP213FoT]]=DSM 113682=CCM 9218) are introduced.
"				0	0	1									0	
70	00070-41729196-abstract.txt	41729196	strains	strain	AUTO:HY366T	HY366T	301:307	...ene sequence similarities to Gordonia liuliyuniae [[HY366T]] (98.8% sequence identity), followed by Gordonia z...				0	0	1									0	
70	00070-41729196-abstract.txt	41729196	strains	strain	AUTO:HY002T	HY002T	367:373	...quence identity), followed by Gordonia zhenghanii [[HY002T]] (98.4%). The strain exhibited low genomic related...				0	0	1									0	
70	00070-41729196-abstract.txt	41729196	strains	strain	AUTO:LMG%2032378T	LMG 32378T	573:583	...udochrobactrum, with Pseudochrobactrum algeriense [[LMG 32378T]] as its closest relative. ANI (79.4-79.9%), dDDH (...				0	0	1									0	
71	00071-41696783-abstract.txt	41696783	study_taxa	taxon_candidate	AUTO:Cohnella%20baijiui	Cohnella baijiui	1523:1539	...ies within the genus Cohnella, for which the name [[Cohnella baijiui]] sp. nov. is proposed. The type strain is REN36T (...				0	1	0									0	
71	00071-41696783-abstract.txt	41696783	study_taxa	taxon_candidate	AUTO:Cohnella%20nanjingensis	Cohnella nanjingensis	468:489	...quence of the isolate showed 98.04% similarity to [[Cohnella nanjingensis]] D45T. The predominant respiratory quinone identif...				0	1	0				NCBITaxon:1387779	NCBITaxon:1387779	Cohnella nanjingensis	biolink:OrganismTaxon	name	6	out:biolink:subclass_of:NCBITaxon:329857|out:METPO:2000517:mediadive.medium:830|out:biolink:has_phenotype:METPO:1000431|in:biolink:subclass_of:kgmicrobe.strain:CCTCC-AB-2014067|in:biolink:subclass_of:kgmicrobe.strain:DSM-28246
71	00071-41696783-abstract.txt	41696783	study_taxa	taxon_candidate	AUTO:Cohnella%20ginsengisoli	Cohnella ginsengisoli	1305:1326	...2% with C. nanjingensis DSM 28246T and 21.6% with [[Cohnella ginsengisoli]] DSM 18997T. The phylogenetic, chemotaxonomic and ...				0	1	0				NCBITaxon:425004	NCBITaxon:425004	Cohnella ginsengisoli	biolink:OrganismTaxon	name	42	out:biolink:subclass_of:NCBITaxon:329857|out:METPO:2000517:mediadive.medium:830|out:METPO:2000006:CHEBI:22599|out:METPO:2000006:CHEBI:17814|out:METPO:2000006:CHEBI:17306
71	00071-41696783-abstract.txt	41696783	strains	strain	AUTO:REN36T	REN36T	60:66; 654:660; 928:934; 1431:1437; 1581:1587	"...in-positive, rod-shaped, motile bacterium, strain [[REN36T]], was isolated from fermented grains of baijiu. Th...; ...or fatty acids. The polar lipid profile of strain [[REN36T]] included diphosphatidylglycerol, phosphatidylchol...; ...he DNA G+C content was 58.8 mol%. Notably, strain [[REN36T]] exhibited cellulolytic activity: it utilizes sodi...; ...typic data supported the classification of strain [[REN36T]] as a representative of a novel species within the...; ... baijiui sp. nov. is proposed. The type strain is [[REN36T]] (=GDMCC 1.2866T=JCM 35185T).
"				0	0	1									0	
71	00071-41696783-abstract.txt	41696783	strains	strain	AUTO:D45T	D45T	490:494	...showed 98.04% similarity to Cohnella nanjingensis [[D45T]]. The predominant respiratory quinone identified w...				0	0	1									0	
71	00071-41696783-abstract.txt	41696783	strains	strain	AUTO:DSM%2028246T	DSM 28246T	1279:1289	... relatedness values of 29.2% with C. nanjingensis [[DSM 28246T]] and 21.6% with Cohnella ginsengisoli DSM 18997T. ...				0	0	1									0	
71	00071-41696783-abstract.txt	41696783	strains	strain	AUTO:DSM%2018997T	DSM 18997T	1327:1337	...s DSM 28246T and 21.6% with Cohnella ginsengisoli [[DSM 18997T]]. The phylogenetic, chemotaxonomic and phenotypic ...				0	0	1									0	
71	00071-41696783-abstract.txt	41696783	strains	strain	AUTO:GDMCC%201.2866T	GDMCC 1.2866T	1590:1603	"...sp. nov. is proposed. The type strain is REN36T (=[[GDMCC 1.2866T]]=JCM 35185T).
"				0	0	1									0	
71	00071-41696783-abstract.txt	41696783	strains	strain	AUTO:JCM%2035185T	JCM 35185T	1604:1614	"...oposed. The type strain is REN36T (=GDMCC 1.2866T=[[JCM 35185T]]).
"				0	0	1									0	
71	00071-41696783-abstract.txt	41696783	chemical_utilization_object	chemical	AUTO:sodium%20carboxymethyl%20cellulose	sodium carboxymethyl cellulose	980:1010	...N36T exhibited cellulolytic activity: it utilizes [[sodium carboxymethyl cellulose]] as the sole carbon source and encoded three endog...	AUTO:REN36T	REN36T	uses_as_carbon_source	1	0	0	METPO:2000006	uses as carbon source	label						0	
71	00071-41696783-abstract.txt	41696783	chemical_utilization_object	chemical	AUTO:cellulose	cellulose	1001:1010; 1140:1149	...olytic activity: it utilizes sodium carboxymethyl [[cellulose]] as the sole carbon source and encoded three endog...; ... family 5 (GH5)/GH9] that synergistically degrade [[cellulose]]. Digital DNA-DNA hybridization of the isolate wit...	AUTO:REN36T	REN36T	degrades	1	0	0	METPO:2000007	degrades	label	CHEBI:62968	CHEBI:62968|mediadive.ingredient:400|CHEBI:18246	cellulose	biolink:ChemicalEntity|biolink:Macromolecule	name	910	out:biolink:subclass_of:CHEBI:18246|out:biolink:subclass_of:CHEBI:72813|in:METPO:2000038:kgmicrobe.strain:bacdive_10715|in:METPO:2000038:kgmicrobe.strain:bacdive_10722|in:METPO:2000038:kgmicrobe.strain:bacdive_10768
71	00071-41696783-abstract.txt	41696783	chemical_utilization_object	chemical	AUTO:sodium%20chloride%20%28NaCl%29	sodium chloride (NaCl)	233:255	...lt concentration of 0% (with a tolerance range of [[Sodium chloride (NaCl)]] from 0% to 2%), a temperature of 37 °C (with a to...	AUTO:REN36T	REN36T	tolerates	1	0	0	METPO:2000064	tolerates	label						0	
72	00072-41686174-abstract.txt	41686174	study_taxa	taxon_candidate	AUTO:Prevotella%20mikamonis	Prevotella mikamonis	968:988	...ic data, a novel species of the genus Prevotella, [[Prevotella mikamonis]] sp. nov., is proposed, with GTC17253T (CCUG77931T...				0	1	0									0	
72	00072-41686174-abstract.txt	41686174	study_taxa	taxon_candidate	AUTO:Prevotella%20phocaeensis	Prevotella phocaeensis	823:845	... type strains of closely related species, such as [[Prevotella phocaeensis]] and Prevotella merdae. Based on these phenotypic,...				0	1	0				NCBITaxon:1776388	NCBITaxon:1776388	Prevotella phocaeensis	biolink:OrganismTaxon	name	7	out:biolink:subclass_of:NCBITaxon:838|out:METPO:2000517:mediadive.medium:78|out:METPO:2000517:mediadive.medium:693|in:biolink:subclass_of:kgmicrobe.strain:CSUR-P2259|in:biolink:subclass_of:kgmicrobe.strain:DSM-103364
72	00072-41686174-abstract.txt	41686174	study_taxa	taxon_candidate	AUTO:Prevotella%20merdae	Prevotella merdae	850:867	...lated species, such as Prevotella phocaeensis and [[Prevotella merdae]]. Based on these phenotypic, phylogenetic and geno...				0	1	0				NCBITaxon:2079531	NCBITaxon:2079531	Prevotella merdae	biolink:OrganismTaxon	name	4	in:biolink:subclass_of:kgmicrobe.strain:CECT-9566|in:biolink:subclass_of:kgmicrobe.strain:CSUR-P4119|in:biolink:subclass_of:kgmicrobe.strain:bacdive_170770|out:biolink:subclass_of:NCBITaxon:838
72	00072-41686174-abstract.txt	41686174	strains	strain	AUTO:GTC17253T	GTC17253T	1017:1026	"... Prevotella mikamonis sp. nov., is proposed, with [[GTC17253T]] (CCUG77931T) as the type strain.
"				0	0	1									0	
72	00072-41686174-abstract.txt	41686174	strains	strain	AUTO:CCUG77931T	CCUG77931T	1028:1038	"... mikamonis sp. nov., is proposed, with GTC17253T ([[CCUG77931T]]) as the type strain.
"				0	0	1									0	
73	00073-41665478-abstract.txt	41665478	study_taxa	taxon_candidate	AUTO:Methanothermococcus%20jasoni	Methanothermococcus jasoni	1263:1289	...3T represents a novel species, for which the name [[Methanothermococcus jasoni]] is proposed. The type strain is Ax23T (=DSM 11847...				0	1	0									0	
73	00073-41665478-abstract.txt	41665478	study_taxa	taxon_candidate	AUTO:Methanococcaceae	Methanococcaceae	929:945	...tical to other thermophilic species of the family [[Methanococcaceae]] in the kingdom Methanobacteriati. The complete ge...				0	1	0				NCBITaxon:2183	NCBITaxon:2183	Methanococcaceae	biolink:OrganismTaxon	name	4	in:biolink:subclass_of:NCBITaxon:155862|out:biolink:subclass_of:NCBITaxon:2182|in:biolink:subclass_of:NCBITaxon:2184|in:biolink:subclass_of:NCBITaxon:412881
73	00073-41665478-abstract.txt	41665478	strains	strain	AUTO:Ax23T	Ax23T	183:188; 317:322; 1003:1008; 1210:1215; 1322:1327	"...ean. A thermophilic methanogen, designated strain [[Ax23T]], was isolated from this fluid. The archaeon was a...; ...coidal and grew separately on H2/CO2 and formate. [[Ax23T]] grew on NH4 + and by fixing N2, but did not grow ...; ...kingdom Methanobacteriati. The complete genome of [[Ax23T]] was sequenced, which yielded a 1,662,948 bp chrom...; ...alyses and its phenotypic characteristics, strain [[Ax23T]] represents a novel species, for which the name Me...; ...ermococcus jasoni is proposed. The type strain is [[Ax23T]] (=DSM 118471T=JCM39656T).
"				0	0	1									0	
73	00073-41665478-abstract.txt	41665478	strains	strain	AUTO:DSM%20118471T	DSM 118471T	1330:1341	"...us jasoni is proposed. The type strain is Ax23T (=[[DSM 118471T]]=JCM39656T).
"				0	0	1									0	
73	00073-41665478-abstract.txt	41665478	strains	strain	AUTO:JCM39656T	JCM39656T	1342:1351	"... proposed. The type strain is Ax23T (=DSM 118471T=[[JCM39656T]]).
"				0	0	1									0	
73	00073-41665478-abstract.txt	41665478	chemical_utilization_object	chemical	AUTO:H2	H2	297:299; 668:670; 691:693; 763:765	... autotrophic and coccoidal and grew separately on [[H2]]/CO2 and formate. [[Ax23T]] grew on NH4 + and by fixin...; ...ed per mole of CH4 produced) when grown on 10 kPa [[H2]] relative to 160 kPa H2, suggesting that it is cap...; ...uced) when grown on 10 kPa H2 relative to 160 kPa [[H2]], suggesting that it is capable of a metabolic tra...; ... is capable of a metabolic trade-off with varying [[H2]] availability. Phylogenetic analysis based on 16S ...	AUTO:Ax23T	Ax23T	uses_as_electron_donor	1	0	0	METPO:2000009	uses as electron donor	label	CHEBI:18276	CHEBI:18276	dihydrogen	biolink:ChemicalEntity|biolink:ChemicalSubstance|biolink:SmallMolecule	synonym	275	out:biolink:subclass_of:CHEBI:138675|out:biolink:subclass_of:CHEBI:25362|out:biolink:subclass_of:CHEBI:33260|out:biolink:related_to:CHEBI:15022|out:biolink:has_chemical_role:CHEBI:15022
73	00073-41665478-abstract.txt	41665478	chemical_utilization_object	chemical	AUTO:CO2	CO2	300:303	...totrophic and coccoidal and grew separately on H2/[[CO2]] and formate. [[Ax23T]] grew on NH4 + and by fixing N2...	AUTO:Ax23T	Ax23T	uses_as_carbon_source	1	0	0	METPO:2000006	uses as carbon source	label	CHEBI:16526	CHEBI:16526	carbon dioxide	biolink:ChemicalEntity|biolink:ChemicalSubstance|biolink:SmallMolecule	synonym	4406	out:biolink:subclass_of:CHEBI:138675|out:biolink:subclass_of:CHEBI:23014|out:biolink:subclass_of:CHEBI:64708|out:biolink:related_to:CHEBI:35620|out:biolink:has_chemical_role:CHEBI:35620
73	00073-41665478-abstract.txt	41665478	chemical_utilization_object	chemical	AUTO:formate	formate	308:315	...c and coccoidal and grew separately on H2/CO2 and [[formate]]. [[Ax23T]] grew on NH4 + and by fixing N2, but did no...	AUTO:Ax23T	Ax23T	uses_as_carbon_source	1	0	0	METPO:2000006	uses as carbon source	label	CHEBI:15740	CHEBI:15740|CHEBI:52343	formate	biolink:ChemicalEntity|biolink:SmallMolecule	name	1250	out:biolink:subclass_of:CHEBI:35757|out:biolink:related_to:CHEBI:75772|out:biolink:related_to:CHEBI:77746|out:biolink:related_to:CHEBI:30751|in:biolink:related_to:CHEBI:62965
73	00073-41665478-abstract.txt	41665478	chemical_utilization_object	chemical	AUTO:NH4%2B	NH4+	331:336	...w separately on H2/CO2 and formate. [[Ax23T]] grew on [[NH4 +]] and by fixing N2, but did not grow on NO3 -. The ...	AUTO:Ax23T	Ax23T	uses_for_growth	1	0	0	METPO:2000012	uses for growth	label	CHEBI:28938	CHEBI:28938	ammonium	biolink:ChemicalEntity|biolink:ChemicalSubstance|biolink:SmallMolecule	synonym	2281	in:biolink:related_to:CHEBI:16134|out:biolink:subclass_of:CHEBI:35106|out:biolink:subclass_of:CHEBI:50313|out:biolink:subclass_of:CHEBI:60242|out:biolink:related_to:CHEBI:23357
73	00073-41665478-abstract.txt	41665478	chemical_utilization_object	chemical	AUTO:N2	N2	351:353	...O2 and formate. [[Ax23T]] grew on NH4 + and by fixing [[N2]], but did not grow on NO3 -. The isolate grew at t...	AUTO:Ax23T	Ax23T	uses_for_growth	1	0	0	METPO:2000012	uses for growth	label	CHEBI:17997	CHEBI:17997	dinitrogen	biolink:ChemicalEntity|biolink:ChemicalSubstance|biolink:SmallMolecule	synonym	889	out:biolink:subclass_of:CHEBI:138675|out:biolink:subclass_of:CHEBI:25362|out:biolink:subclass_of:CHEBI:33266|out:biolink:related_to:CHEBI:77974|out:biolink:related_to:CHEBI:78017
73	00073-41665478-abstract.txt	41665478	chemical_utilization_object	chemical	AUTO:NO3-	NO3-	375:380	...ew on NH4 + and by fixing N2, but did not grow on [[NO3 -]]. The isolate grew at temperatures ranging from 33...	AUTO:Ax23T	Ax23T	does_not_use_for_growth	1	0	0	METPO:2000038	does not use for growth	label						0	
73	00073-41665478-abstract.txt	41665478	chemical_utilization_object	chemical	AUTO:CH4	CH4	633:636	...ased its growth yield (cells produced per mole of [[CH4]] produced) when grown on 10 kPa H2 relative to 160...	AUTO:Ax23T	Ax23T	produces	1	0	0	METPO:2000202	produces	label	CHEBI:16183	CHEBI:16183	methane	biolink:ChemicalEntity|biolink:ChemicalSubstance|biolink:SmallMolecule	synonym	83	out:biolink:subclass_of:CHEBI:138675|out:biolink:subclass_of:CHEBI:18310|out:biolink:subclass_of:CHEBI:37176|out:biolink:subclass_of:CHEBI:64708|out:biolink:related_to:CHEBI:35230
73	00073-41665478-abstract.txt	41665478	chemical_utilization_object	chemical	AUTO:NaCl	NaCl	519:523	... doubling time of 32 min, in the presence of 3-6% [[NaCl]] (optimum 3-4.5%) and pH 4.0-9.0 (optimum 6.0-8.0)...	AUTO:Ax23T	Ax23T	tolerates	1	0	0	METPO:2000064	tolerates	label	CHEBI:26710	CHEBI:26710	1% sodium chloride	biolink:ChemicalEntity|biolink:ChemicalSubstance|biolink:SmallMolecule	synonym	2636	out:biolink:subclass_of:CHEBI:36093|out:biolink:subclass_of:CHEBI:38702|out:biolink:related_to:CHEBI:149552|out:biolink:has_chemical_role:CHEBI:149552|out:biolink:related_to:CHEBI:228364
74	00074-41641714-abstract.txt	41641714	study_taxa	taxon_candidate	AUTO:Methylobacter%20arcticus	Methylobacter arcticus	1621:1643	...within the genus Methylobacter for which the name [[Methylobacter arcticus]] sp. nov. is proposed, with strain G7T (DSM: 11789...				0	1	0									0	
74	00074-41641714-abstract.txt	41641714	study_taxa	taxon_candidate	AUTO:Methylobacter%20svalbardensis	Methylobacter svalbardensis	801:828	...1.8% ANI and 46% dDDH to the closest type strain, [[Methylobacter svalbardensis]] LS7-T4AT, with ANI and dDDH being much lower than...				0	1	0				NCBITaxon:3080016	NCBITaxon:3080016	Methylobacter svalbardensis	biolink:OrganismTaxon	name	4	in:biolink:subclass_of:kgmicrobe.strain:DSM-114308|in:biolink:subclass_of:kgmicrobe.strain:JCM-39463|in:biolink:subclass_of:kgmicrobe.strain:bacdive_176041|out:biolink:subclass_of:NCBITaxon:429
74	00074-41641714-abstract.txt	41641714	study_taxa	taxon_candidate	AUTO:Methylobacter	Methylobacter	529:542; 801:814; 1268:1281; 1588:1601; 1621:1634	...uence similarity to the type strains of the genus [[Methylobacter]]. Whole-genome comparisons based on average nucleo...; ...1.8% ANI and 46% dDDH to the closest type strain, [[Methylobacter]] svalbardensis LS7-T4AT, with ANI and dDDH being m...; ... in the genome. Strikingly, compared to all other [[Methylobacter]] spp. strains, strain G7T did not have nitrogenase...; ...n G7T represents a novel species within the genus [[Methylobacter]] for which the name Methylobacter arcticus sp. nov...; ...within the genus Methylobacter for which the name [[Methylobacter]] arcticus sp. nov. is proposed, with strain G7T (D...				0	1	0				NCBITaxon:429	NCBITaxon:429	Methylobacter	biolink:OrganismTaxon	name	17	in:biolink:subclass_of:NCBITaxon:96941|in:biolink:subclass_of:NCBITaxon:415|in:biolink:subclass_of:NCBITaxon:3080016|in:biolink:subclass_of:NCBITaxon:107642|in:biolink:subclass_of:NCBITaxon:173365
74	00074-41641714-abstract.txt	41641714	study_taxa	taxon_candidate	AUTO:Methylomonadaceae	Methylomonadaceae	386:403	...ol%. Strain G7T represents a member of the family [[Methylomonadaceae]] of the class Gammaproteobacteria. It displayed 94...				0	1	0									0	
74	00074-41641714-abstract.txt	41641714	study_taxa	taxon_candidate	AUTO:Gammaproteobacteria	Gammaproteobacteria	417:436	...mber of the family Methylomonadaceae of the class [[Gammaproteobacteria]]. It displayed 94.6-99.7% 16S rRNA gene sequence s...				0	1	0				NCBITaxon:1236	NCBITaxon:1236	Gammaproteobacteria	biolink:OrganismTaxon	name	52	in:biolink:subclass_of:NCBITaxon:72274|in:biolink:subclass_of:NCBITaxon:118884|in:biolink:subclass_of:NCBITaxon:118969|out:biolink:subclass_of:NCBITaxon:1224|in:biolink:subclass_of:NCBITaxon:1240482
74	00074-41641714-abstract.txt	41641714	strains	strain	AUTO:G7T	G7T	106:109; 127:130; 196:199; 348:351; 675:678; 995:998; 1303:1306; 1368:1371; 1540:1543; 1678:1681	"...oal mine Gruve 7 (Svalbard) and designated strain [[G7T]]. Cells of strain G7T were Gram-stain-negative, pi...; ...lbard) and designated strain G7T. Cells of strain [[G7T]] were Gram-stain-negative, pink-pigmented and moti...; ...-negative, pink-pigmented and motile rods. Strain [[G7T]] could grow at pH 6.8 and at temperatures ranging ...; ... a (digital) DNA G+C content of 47.7 mol%. Strain [[G7T]] represents a member of the family Methylomonadace...; ...NA-DNA hybridization (dDDH) confirmed that strain [[G7T]] represents a novel species. It showed 16S rRNA ge...; ...different species. For methane activation, strain [[G7T]] carries genes encoding particulate methane monoox...; ...d to all other Methylobacter spp. strains, strain [[G7T]] did not have nitrogenase genes for nitrogen fixat...; ...e nitrogenase genes for nitrogen fixation. Strain [[G7T]] also possessed genes for ectoine production, whic...; ...phenotypic, genetic and phylogenetic data, strain [[G7T]] represents a novel species within the genus Methy...; ...bacter arcticus sp. nov. is proposed, with strain [[G7T]] (DSM: 117899; LMG: 33632) as the type strain.
"				0	0	1									0	
74	00074-41641714-abstract.txt	41641714	strains	strain	AUTO:LS7-T4AT	LS7-T4AT	829:837	... closest type strain, Methylobacter svalbardensis [[LS7-T4AT]], with ANI and dDDH being much lower than the typi...				0	0	1									0	
74	00074-41641714-abstract.txt	41641714	strains	strain	AUTO:DSM%20117899	DSM 117899	1688:1694	"...ticus sp. nov. is proposed, with strain G7T (DSM: [[117899]]; LMG: 33632) as the type strain.
"				0	0	1									0	
74	00074-41641714-abstract.txt	41641714	strains	strain	AUTO:LMG%2033632	LMG 33632	1701:1706	".... is proposed, with strain G7T (DSM: 117899; LMG: [[33632]]) as the type strain.
"				0	0	1									0	
74	00074-41641714-abstract.txt	41641714	chemical_utilization_object	chemical	AUTO:methane	methane	968:975; 1034:1041; 1085:1092; 1133:1140; 1179:1186	...respectively, to delineate different species. For [[methane]] activation, strain [[G7T]] carries genes encoding par...; ...on, strain [[G7T]] carries genes encoding particulate [[methane]] monooxygenase (pmoCAB). Also, genes of the methan...; ...ethane monooxygenase (pmoCAB). Also, genes of the [[methane]] utilization pathways, i.e. oxidation of methane t...; ...e methane utilization pathways, i.e. oxidation of [[methane]] to carbon dioxide and assimilation of methane-car...; ... of methane to carbon dioxide and assimilation of [[methane]]-carbon to biomass, were encoded in the genome. St...	AUTO:G7T	G7T	uses_for_growth	1	0	0	METPO:2000012	uses for growth	label	CHEBI:16183	CHEBI:16183	methane	biolink:ChemicalEntity|biolink:ChemicalSubstance|biolink:SmallMolecule	name	83	out:biolink:subclass_of:CHEBI:138675|out:biolink:subclass_of:CHEBI:18310|out:biolink:subclass_of:CHEBI:37176|out:biolink:subclass_of:CHEBI:64708|out:biolink:related_to:CHEBI:35230
74	00074-41641714-abstract.txt	41641714	chemical_utilization_object	chemical	AUTO:methane	methane	968:975; 1034:1041; 1085:1092; 1133:1140; 1179:1186	...respectively, to delineate different species. For [[methane]] activation, strain [[G7T]] carries genes encoding par...; ...on, strain [[G7T]] carries genes encoding particulate [[methane]] monooxygenase (pmoCAB). Also, genes of the methan...; ...ethane monooxygenase (pmoCAB). Also, genes of the [[methane]] utilization pathways, i.e. oxidation of methane t...; ...e methane utilization pathways, i.e. oxidation of [[methane]] to carbon dioxide and assimilation of methane-car...; ... of methane to carbon dioxide and assimilation of [[methane]]-carbon to biomass, were encoded in the genome. St...	AUTO:G7T	G7T	oxidizes	1	0	0	METPO:2000016	oxidizes	label	CHEBI:16183	CHEBI:16183	methane	biolink:ChemicalEntity|biolink:ChemicalSubstance|biolink:SmallMolecule	name	83	out:biolink:subclass_of:CHEBI:138675|out:biolink:subclass_of:CHEBI:18310|out:biolink:subclass_of:CHEBI:37176|out:biolink:subclass_of:CHEBI:64708|out:biolink:related_to:CHEBI:35230
74	00074-41641714-abstract.txt	41641714	chemical_utilization_object	chemical	AUTO:carbon%20dioxide	carbon dioxide	1144:1158	...tilization pathways, i.e. oxidation of methane to [[carbon dioxide]] and assimilation of methane-carbon to biomass, we...	AUTO:G7T	G7T	produces	1	0	0	METPO:2000202	produces	label	CHEBI:16526	CHEBI:16526	carbon dioxide	biolink:ChemicalEntity|biolink:ChemicalSubstance|biolink:SmallMolecule	name	4406	out:biolink:subclass_of:CHEBI:138675|out:biolink:subclass_of:CHEBI:23014|out:biolink:subclass_of:CHEBI:64708|out:biolink:related_to:CHEBI:35620|out:biolink:has_chemical_role:CHEBI:35620
74	00074-41641714-abstract.txt	41641714	chemical_utilization_object	chemical	AUTO:ectoine	ectoine	1397:1404	...gen fixation. Strain [[G7T]] also possessed genes for [[ectoine]] production, which was not observed in the genomes...	AUTO:G7T	G7T	produces	1	0	0	METPO:2000202	produces	label	CHEBI:27592	CHEBI:27592	ectoine	biolink:SmallMolecule	name	8	out:biolink:subclass_of:CHEBI:25384|out:biolink:subclass_of:CHEBI:35359|out:biolink:subclass_of:CHEBI:78715|out:biolink:related_to:CHEBI:25728|out:biolink:related_to:CHEBI:63475
75	00075-41627974-abstract.txt	41627974	study_taxa	taxon_candidate	AUTO:Pseudidiomarina%20xizangensis	Pseudidiomarina xizangensis	1477:1504	...KCTC 92346T) is proposed as a novel species named [[Pseudidiomarina xizangensis]] sp. nov., and strain B22-R8T (=CGMCC 1.19187T=KCT...				0	1	0									0	
75	00075-41627974-abstract.txt	41627974	study_taxa	taxon_candidate	AUTO:Terrihabitans%20aquatilis	Terrihabitans aquatilis	1594:1617	"...19187T=KCTC 92343T) as a novel species designated [[Terrihabitans aquatilis]] sp. nov.
"				0	1	0									0	
75	00075-41627974-abstract.txt	41627974	study_taxa	taxon_candidate	AUTO:Pseudidiomarina%20halophila	Pseudidiomarina halophila	324:349	...ighest sequence similarity of 97.38 and 97.39% to [[Pseudidiomarina halophila]] BH195T and Pseudidiomarina terrestris 1APP75-27aT...				0	1	0				NCBITaxon:1449799	NCBITaxon:1449799	Pseudidiomarina halophila	biolink:OrganismTaxon	name	4	in:biolink:subclass_of:kgmicrobe.strain:KACC-17610|in:biolink:subclass_of:kgmicrobe.strain:NCAIM-B.02544|in:biolink:subclass_of:kgmicrobe.strain:bacdive_168941|out:biolink:subclass_of:NCBITaxon:2800384
75	00075-41627974-abstract.txt	41627974	study_taxa	taxon_candidate	AUTO:Pseudidiomarina%20terrestris	Pseudidiomarina terrestris	361:387	...nd 97.39% to Pseudidiomarina halophila BH195T and [[Pseudidiomarina terrestris]] 1APP75-27aT, respectively. While strain B22-R8T s...				0	1	0				NCBITaxon:2820060	NCBITaxon:2820060	Pseudidiomarina terrestris	biolink:OrganismTaxon	name	4	in:biolink:subclass_of:kgmicrobe.strain:CCM-9142|in:biolink:subclass_of:kgmicrobe.strain:CECT-30242|in:biolink:subclass_of:kgmicrobe.strain:bacdive_175974|out:biolink:subclass_of:NCBITaxon:2800384
75	00075-41627974-abstract.txt	41627974	study_taxa	taxon_candidate	AUTO:Terrihabitans%20rhizophilus	Terrihabitans rhizophilus	558:583	... Flaviflagellibacter: 97.69, 96.80 and 96.66% to '[[Terrihabitans rhizophilus]]' PJ23T, Terrihabitans soli IZ6T and Flaviflagelli...				0	1	0				NCBITaxon:3092662	NCBITaxon:3092662	Terrihabitans rhizophilus	biolink:OrganismTaxon	name	1	out:biolink:subclass_of:NCBITaxon:2874214
75	00075-41627974-abstract.txt	41627974	study_taxa	taxon_candidate	AUTO:Terrihabitans%20soli	Terrihabitans soli	592:610	... and 96.66% to 'Terrihabitans rhizophilus' PJ23T, [[Terrihabitans soli]] IZ6T and Flaviflagellibacter deserti SYSU D60017T...				0	1	0				NCBITaxon:708113	NCBITaxon:708113	Terrihabitans soli	biolink:OrganismTaxon	name	4	in:biolink:subclass_of:kgmicrobe.strain:NBRC-106741|in:biolink:subclass_of:kgmicrobe.strain:NCIMB-15058|in:biolink:subclass_of:kgmicrobe.strain:bacdive_166654|out:biolink:subclass_of:NCBITaxon:2874214
75	00075-41627974-abstract.txt	41627974	study_taxa	taxon_candidate	AUTO:Flaviflagellibacter%20deserti	Flaviflagellibacter deserti	620:647	...s rhizophilus' PJ23T, Terrihabitans soli IZ6T and [[Flaviflagellibacter deserti]] SYSU D60017T. For strain E22-M8T, the digital DNA...				0	1	0				NCBITaxon:2267266	NCBITaxon:2267266	Flaviflagellibacter deserti	biolink:OrganismTaxon	name	5	in:biolink:subclass_of:kgmicrobe.strain:CGMCC-1.16444|in:biolink:subclass_of:kgmicrobe.strain:NBRC-112958|in:biolink:subclass_of:kgmicrobe.strain:SYSU-D60017|in:biolink:subclass_of:kgmicrobe.strain:bacdive_167868|out:biolink:subclass_of:NCBITaxon:2714869
75	00075-41627974-abstract.txt	41627974	strains	strain	AUTO:E22-M8T	E22-M8T	34:41; 184:191; 673:680; 1402:1409	Two bacterial strains, designated [[E22-M8T]] and B22-R8T, were isolated from water sample coll...; .... The 16S rRNA gene analysis revealed that strain [[E22-M8T]] was most closely related to members of the genus ...; ...viflagellibacter deserti SYSU D60017T. For strain [[E22-M8T]], the digital DNA-DNA hybridization (dDDH) values ...; ...ased on comprehensive polyphasic analyses, strain [[E22-M8T]] (=CGMCC 1.19205T=KCTC 92346T) is proposed as a no...				0	0	1									0	
75	00075-41627974-abstract.txt	41627974	strains	strain	AUTO:B22-R8T	B22-R8T	46:53; 428:435; 1044:1051; 1526:1533	Two bacterial strains, designated E22-M8T and [[B22-R8T]], were isolated from water sample collected from L...; ...errestris 1APP75-27aT, respectively. While strain [[B22-R8T]] showed the highest similarity to species of the g...; ...gnized species delineation thresholds. For strain [[B22-R8T]], the corresponding dDDH, ANI and AAI values with ...; ... Pseudidiomarina xizangensis sp. nov., and strain [[B22-R8T]] (=CGMCC 1.19187T=KCTC 92343T) as a novel species ...				0	0	1									0	
75	00075-41627974-abstract.txt	41627974	strains	strain	AUTO:BH195T	BH195T	350:356; 770:776	... of 97.38 and 97.39% to Pseudidiomarina halophila [[BH195T]] and Pseudidiomarina terrestris 1APP75-27aT, respe...; ...H) values with its closest relatives P. halophila [[BH195T]] and P. terrestris 1APP75-27aT were 25.7 and 20.1%...				0	0	1									0	
75	00075-41627974-abstract.txt	41627974	strains	strain	AUTO:1APP75-27aT	1APP75-27aT	388:399; 795:806	...a halophila BH195T and Pseudidiomarina terrestris [[1APP75-27aT]], respectively. While strain B22-R8T showed the hi...; ...t relatives P. halophila BH195T and P. terrestris [[1APP75-27aT]] were 25.7 and 20.1%, respectively; the average nu...				0	0	1									0	
75	00075-41627974-abstract.txt	41627974	strains	strain	AUTO:PJ23T	PJ23T	585:590; 1140:1145	..., 96.80 and 96.66% to 'Terrihabitans rhizophilus' [[PJ23T]], Terrihabitans soli IZ6T and Flaviflagellibacter ...; ...alues with its closest relatives 'T. rhizophilus' [[PJ23T]], T. soli IZ6T and F. deserti SYSU D60017T also fe...				0	0	1									0	
75	00075-41627974-abstract.txt	41627974	strains	strain	AUTO:IZ6T	IZ6T	611:615; 1155:1159	...rihabitans rhizophilus' PJ23T, Terrihabitans soli [[IZ6T]] and Flaviflagellibacter deserti SYSU D60017T. For...; ...closest relatives 'T. rhizophilus' PJ23T, T. soli [[IZ6T]] and F. deserti SYSU D60017T also fell below the r...				0	0	1									0	
75	00075-41627974-abstract.txt	41627974	strains	strain	AUTO:SYSU%20D60017T	SYSU D60017T	648:660; 1175:1187	...abitans soli IZ6T and Flaviflagellibacter deserti [[SYSU D60017T]]. For strain E22-M8T, the digital DNA-DNA hybridiz...; .... rhizophilus' PJ23T, T. soli IZ6T and F. deserti [[SYSU D60017T]] also fell below the respective species thresholds...				0	0	1									0	
76	00076-41758554-abstract.txt	41758554	study_taxa	taxon_candidate	AUTO:Acidaminococcus	Acidaminococcus	274:289; 730:745; 1032:1047; 1068:1083	"...ity (99.3 -95.0 %) with type strains in the genus [[Acidaminococcus]]. The cells were coccoid, Gram-negative, non-motil...; ...n values between LBK-2T and type strains of other [[Acidaminococcus]] species ranged from 64.83 to 88.25 % and 18.0 to ...; ...959T) represents a novel species within the genus [[Acidaminococcus]], for which the name Acidaminococcus nyctereutis s...; ...hin the genus Acidaminococcus, for which the name [[Acidaminococcus]] nyctereutis sp. nov. is proposed.
"				0	1	0				NCBITaxon:904	NCBITaxon:904	Acidaminococcus	biolink:OrganismTaxon	name	9	in:biolink:subclass_of:NCBITaxon:905|in:biolink:subclass_of:NCBITaxon:2897706|in:biolink:subclass_of:NCBITaxon:114562|in:biolink:subclass_of:NCBITaxon:1852375|in:biolink:subclass_of:NCBITaxon:1871002
76	00076-41758554-abstract.txt	41758554	strains	strain	AUTO:LBK-2T	LBK-2T	50:56; 191:197; 697:703; 951:957	A strictly anaerobic bacterial strain, designated [[LBK-2T]], was isolated from the intestinal tract of a racc...; ...d on 16S rRNA gene sequences revealed that strain [[LBK-2T]] shared the highest similarity (99.3 -95.0 %) with...; ... and digital DNA-DNA hybridization values between [[LBK-2T]] and type strains of other Acidaminococcus species...; ...%. Based on polyphasic taxonomic evidence, strain [[LBK-2T]] (=CGMCC 1.18153T=KCTC 25959T) represents a novel ...				0	0	1									0	
76	00076-41758554-abstract.txt	41758554	strains	strain	AUTO:CGMCC%201.18153T	CGMCC 1.18153T	960:974	...on polyphasic taxonomic evidence, strain LBK-2T (=[[CGMCC 1.18153T]]=KCTC 25959T) represents a novel species within th...				0	0	1									0	
76	00076-41758554-abstract.txt	41758554	strains	strain	AUTO:KCTC%2025959T	KCTC 25959T	975:986	...axonomic evidence, strain LBK-2T (=CGMCC 1.18153T=[[KCTC 25959T]]) represents a novel species within the genus Acid...				0	0	1									0	
77	00077-41733572-abstract.txt	41733572	study_taxa	taxon_candidate	AUTO:Cellvibrio%20chitinivorans	Cellvibrio chitinivorans	1324:1348	...nging to the genus Cellvibrio, for which the name [[Cellvibrio chitinivorans]] sp. nov. is proposed. The type strain is NN19T (=...				0	1	0				NCBITaxon:3102792	NCBITaxon:3102792	Cellvibrio chitinivorans	biolink:OrganismTaxon	name	1	out:biolink:subclass_of:NCBITaxon:10
77	00077-41733572-abstract.txt	41733572	study_taxa	taxon_candidate	AUTO:Cellvibrio%20fontiphilus	Cellvibrio fontiphilus	604:626	...ed the highest degree of sequence similarity with [[Cellvibrio fontiphilus]] MVW-40T (97.87%). The main fatty acids of NN19T w...				0	1	0				NCBITaxon:1815559	NCBITaxon:1815559	Cellvibrio fontiphilus	biolink:OrganismTaxon	name	5	out:biolink:subclass_of:NCBITaxon:10|in:biolink:subclass_of:kgmicrobe.strain:BCRC-80977|in:biolink:subclass_of:kgmicrobe.strain:KCTC-52237|in:biolink:subclass_of:kgmicrobe.strain:LMG-29557|in:biolink:subclass_of:kgmicrobe.strain:bacdive_140697
77	00077-41733572-abstract.txt	41733572	strains	strain	AUTO:NN19T	NN19T	46:51; 189:194; 669:674; 944:949; 1091:1096; 1237:1242; 1390:1395	"A novel chitinolytic bacterium, designated as [[NN19T]], was isolated from the intertidal mudflat in Leiz...; ... subjected to polyphasic taxonomy studies. Strain [[NN19T]] is a Gram-negative short rod-shaped bacterium tha...; ...iphilus MVW-40T (97.87%). The main fatty acids of [[NN19T]] were found to be summed feature 3 (C16 : 1 ω7c/C1...; ...tory quinone was shown to be ubiquinone-8. Strain [[NN19T]] had a genome of 4.46 Mb with a G+C content of 47....; ...igital DNA-DNA hybridization value between strain [[NN19T]] and C. fontiphilus MVW-40T are 75.47% and 20.4%, ...; ...sis and phenotypic data, we concluded that strain [[NN19T]] represents a novel species belonging to the genus...; ...nivorans sp. nov. is proposed. The type strain is [[NN19T]] (=MCCC 1K08847T=KCTC 8393T).
"				0	0	1									0	
77	00077-41733572-abstract.txt	41733572	strains	strain	AUTO:MVW-40T	MVW-40T	627:634; 1116:1123	...f sequence similarity with Cellvibrio fontiphilus [[MVW-40T]] (97.87%). The main fatty acids of NN19T were foun...; ...ion value between strain NN19T and C. fontiphilus [[MVW-40T]] are 75.47% and 20.4%, respectively. Based on phyl...				0	0	1									0	
77	00077-41733572-abstract.txt	41733572	chemical_utilization_object	chemical	AUTO:chitin	chitin	8:14; 1335:1341	A novel [[chitin]]olytic bacterium, designated as [[NN19T]], was isolate...; ...e genus Cellvibrio, for which the name Cellvibrio [[chitin]]ivorans sp. nov. is proposed. The type strain is N...	AUTO:NN19T	NN19T	uses_for_growth	1	0	0	METPO:2000012	uses for growth	label	CHEBI:17029	CHEBI:17029|mediadive.ingredient:2138	chitin	biolink:ChemicalEntity|biolink:ChemicalSubstance|biolink:Macromolecule	name	476	out:biolink:subclass_of:CHEBI:21638|out:biolink:subclass_of:CHEBI:22506|out:biolink:related_to:CHEBI:73336|out:biolink:related_to:CHEBI:75771|out:biolink:related_to:CHEBI:75772
77	00077-41733572-abstract.txt	41733572	strains	strain	AUTO:MCCC%201K08847T	MCCC 1K08847T	1398:1411	"... sp. nov. is proposed. The type strain is NN19T (=[[MCCC 1K08847T]]=KCTC 8393T).
"				0	0	1									0	
77	00077-41733572-abstract.txt	41733572	strains	strain	AUTO:KCTC%208393T	KCTC 8393T	1412:1422	"...roposed. The type strain is NN19T (=MCCC 1K08847T=[[KCTC 8393T]]).
"				0	0	1									0	
78	00078-41729200-abstract.txt	41729200	study_taxa	taxon_candidate	AUTO:Nitrincola%20salilacus	Nitrincola salilacus	1466:1486	...s within the genus Nitrincola, for which the name [[Nitrincola salilacus]] sp. nov. is proposed. The type strain is MINF-07-...				0	1	0				NCBITaxon:3400273	NCBITaxon:3400273	Nitrincola salilacus	biolink:OrganismTaxon	name	1	out:biolink:subclass_of:NCBITaxon:267849
78	00078-41729200-abstract.txt	41729200	study_taxa	taxon_candidate	AUTO:Nitrincola%20alkalilacustris	Nitrincola alkalilacustris	387:413	...genus Nitrincola and formed a clade together with [[Nitrincola alkalilacustris]] ZV-19T (98.97%) and Nitrincola lacisaponensis 4CA...				0	1	0				NCBITaxon:1571224	NCBITaxon:1571224	Nitrincola alkalilacustris	biolink:OrganismTaxon	name	32	out:biolink:subclass_of:NCBITaxon:267849|out:METPO:2000517:mediadive.medium:514|out:biolink:has_phenotype:METPO:1000486|out:biolink:has_phenotype:METPO:1000453|out:biolink:has_phenotype:METPO:1000452
78	00078-41729200-abstract.txt	41729200	study_taxa	taxon_candidate	AUTO:Nitrincola%20lacisaponensis	Nitrincola lacisaponensis	434:459	...th Nitrincola alkalilacustris ZV-19T (98.97%) and [[Nitrincola lacisaponensis]] 4CAT (96.16%). Genomic average nucleotide identit...				0	1	0				NCBITaxon:267850	NCBITaxon:267850	Nitrincola lacisaponensis	biolink:OrganismTaxon	name	33	out:biolink:subclass_of:NCBITaxon:267849|out:METPO:2000517:mediadive.medium:514|out:METPO:2000517:mediadive.medium:1174|out:biolink:has_phenotype:METPO:1000702|out:METPO:2000006:CHEBI:15361
78	00078-41729200-abstract.txt	41729200	strains	strain	AUTO:MINF-07-Sa-05T	MINF-07-Sa-05T	107:121; 293:307; 529:543; 681:695; 1376:1390; 1528:1542	"...catalase-positive and non-motile bacterium, named [[MINF-07-Sa-05T]], was isolated from sediment samples collected fro...; ...sed on 16S rRNA gene sequences showed that strain [[MINF-07-Sa-05T]] consistently fell within the genus Nitrincola and...; ...mic average nucleotide identity values for strain [[MINF-07-Sa-05T]] with the type strains within the genus Nitrincola...; ...in silico DNA-DNA hybridization values for strain [[MINF-07-Sa-05T]] with these strains ranged from 20.4 to 33.7%. The...; ...pic, phylogenetic and chemotaxonomic data, strain [[MINF-07-Sa-05T]] represents a novel species within the genus Nitri...; ...alilacus sp. nov. is proposed. The type strain is [[MINF-07-Sa-05T]] (=GDMCC 1.4420T=JCM 37233T).
"				0	0	1									0	
78	00078-41729200-abstract.txt	41729200	strains	strain	AUTO:ZV-19T	ZV-19T	414:420	... a clade together with Nitrincola alkalilacustris [[ZV-19T]] (98.97%) and Nitrincola lacisaponensis 4CAT (96.1...				0	0	1									0	
78	00078-41729200-abstract.txt	41729200	strains	strain	AUTO:4CAT	4CAT	460:464	...ris ZV-19T (98.97%) and Nitrincola lacisaponensis [[4CAT]] (96.16%). Genomic average nucleotide identity val...				0	0	1									0	
78	00078-41729200-abstract.txt	41729200	strains	strain	AUTO:GDMCC%201.4420T	GDMCC 1.4420T	1545:1558	"... is proposed. The type strain is MINF-07-Sa-05T (=[[GDMCC 1.4420T]]=JCM 37233T).
"				0	0	1									0	
78	00078-41729200-abstract.txt	41729200	strains	strain	AUTO:JCM%2037233T	JCM 37233T	1559:1569	"...The type strain is MINF-07-Sa-05T (=GDMCC 1.4420T=[[JCM 37233T]]).
"				0	0	1									0	
78	00078-41729200-abstract.txt	41729200	chemical_utilization_object	chemical	AUTO:NaCl	NaCl	908:912	... °C, at pH 6.0-10.0, and tolerated up to 9% (w/v) [[NaCl]]. The major fatty acids contained summed feature 8...	AUTO:MINF-07-Sa-05T	MINF-07-Sa-05T	tolerates	1	0	0	METPO:2000064	tolerates	label	CHEBI:26710	CHEBI:26710	1% sodium chloride	biolink:ChemicalEntity|biolink:ChemicalSubstance|biolink:SmallMolecule	synonym	2636	out:biolink:subclass_of:CHEBI:36093|out:biolink:subclass_of:CHEBI:38702|out:biolink:related_to:CHEBI:149552|out:biolink:has_chemical_role:CHEBI:149552|out:biolink:related_to:CHEBI:228364
79	00079-41706031-abstract.txt	41706031	study_taxa	taxon_candidate	AUTO:Yersinia	Yersinia	154:162; 317:325; 795:803; 818:826; 959:967	... was identified as a new species within the genus [[Yersinia]] based on genetic and phenotypic characteristics. ...; ...ces in comparison to those typically reported for [[Yersinia]] enterocolitica (biotypes 1A, 1B, 2, 3, 4 and 5), ...; ...6S rRNA showed the closest similarity (98.36%) to [[Yersinia]] hibernica and Yersinia artesiana. Average nucleot...; ...est similarity (98.36%) to Yersinia hibernica and [[Yersinia]] artesiana. Average nucleotide identity (ANI) valu...; ...5% ANI when compared to the type strains of other [[Yersinia]] species, with Y. enterocolitica subsp. enterocoli...				0	1	0				NCBITaxon:629	NCBITaxon:629	Yersinia <enterobacteria>	biolink:OrganismTaxon	synonym	26	in:biolink:subclass_of:NCBITaxon:1288385|in:biolink:subclass_of:NCBITaxon:1604335|in:biolink:subclass_of:NCBITaxon:2339259|in:biolink:subclass_of:NCBITaxon:2607663|in:biolink:subclass_of:NCBITaxon:263819
79	00079-41706031-abstract.txt	41706031	strains	strain	AUTO:NZRM%204767T	NZRM 4767T	1172:1182	"...considered as a novel species. The type strain is [[NZRM 4767T]] =DSM 120367T.
"				0	0	1									0	
79	00079-41706031-abstract.txt	41706031	strains	strain	AUTO:DSM%20120367T	DSM 120367T	1184:1195	"...s a novel species. The type strain is NZRM 4767T =[[DSM 120367T]].
"				0	0	1									0	
79	00079-41706031-abstract.txt	41706031	strains	strain	AUTO:multi%20locus%20sequence%20type%20598%20strains	multi locus sequence type 598 strains						0	0	1									0	
79	00079-41706031-abstract.txt	41706031	chemical_utilization_object	chemical	AUTO:raffinose	raffinose	408:417	... 2, 3, 4 and 5), including the ability to utilise [[raffinose]] and melibiose. Whole-genome sequencing data ident...	AUTO:multi%20locus%20sequence%20type%20598%20strains	multi locus sequence type 598 strains	uses_for_growth	1	0	0	METPO:2000012	uses for growth	label	CHEBI:16634	CHEBI:16634	raffinose	biolink:ChemicalEntity|biolink:SmallMolecule	name	31956	out:biolink:subclass_of:CHEBI:27150|out:biolink:subclass_of:CHEBI:74961|out:biolink:related_to:CHEBI:75771|out:biolink:has_chemical_role:CHEBI:75771|out:biolink:related_to:CHEBI:75772
79	00079-41706031-abstract.txt	41706031	chemical_utilization_object	chemical	AUTO:melibiose	melibiose	422:431	...), including the ability to utilise raffinose and [[melibiose]]. Whole-genome sequencing data identified a total ...	AUTO:multi%20locus%20sequence%20type%20598%20strains	multi locus sequence type 598 strains	uses_for_growth	1	0	0	METPO:2000012	uses for growth	label	CHEBI:28053	CHEBI:28053	melibiose	biolink:ChemicalEntity|biolink:SmallMolecule	name	15598	out:biolink:subclass_of:CHEBI:24405|out:biolink:related_to:CHEBI:75771|out:biolink:has_chemical_role:CHEBI:75771|out:biolink:related_to:CHEBI:75772|out:biolink:has_chemical_role:CHEBI:75772
79	00079-41706031-abstract.txt	41706031	study_taxa	taxon_candidate	AUTO:Yersinia%20novel%20species	Yersinia novel species						0	1	0									0	
80	00080-41665931-abstract.txt	41665931	study_taxa	taxon_candidate	AUTO:Methanocaldococcus	Methanocaldococcus	359:377; 536:554; 587:605; 1184:1202	...es revealed that strain 28AT belongs to the genus [[Methanocaldococcus]], within the family Methanocaldococcaceae and the ...; ...NA gene sequence similarity with other species of [[Methanocaldococcus]] and was most closely related to Methanocaldococcu...; ...ethanocaldococcus and was most closely related to [[Methanocaldococcus]] bathoardescens. Cells of strain 28AT were coccoid...; ...AT represents a novel species, for which the name [[Methanocaldococcus]] abyssi sp. nov. is proposed. The type strain is 2...				0	1	0				NCBITaxon:196118	NCBITaxon:196118	Methanocaldococcus	biolink:OrganismTaxon	name	11	in:biolink:subclass_of:NCBITaxon:1301915|in:biolink:subclass_of:NCBITaxon:213231|in:biolink:subclass_of:NCBITaxon:667126|in:biolink:subclass_of:NCBITaxon:73913|in:biolink:subclass_of:NCBITaxon:2546128
80	00080-41665931-abstract.txt	41665931	study_taxa	taxon_candidate	AUTO:Methanocaldococcus%20bathoardescens	Methanocaldococcus bathoardescens	587:620	...ethanocaldococcus and was most closely related to [[Methanocaldococcus bathoardescens]]. Cells of strain 28AT were coccoid in shape, with...				0	1	0				NCBITaxon:1301915	NCBITaxon:1301915	Methanocaldococcus bathoardescens	biolink:OrganismTaxon	name	9	out:biolink:subclass_of:NCBITaxon:196118|out:METPO:2000517:mediadive.medium:282|out:biolink:has_phenotype:METPO:1000668|out:biolink:has_phenotype:METPO:1000702|out:biolink:has_phenotype:METPO:1000603
80	00080-41665931-abstract.txt	41665931	study_taxa	taxon_candidate	AUTO:Methanocaldococcaceae	Methanocaldococcaceae	397:418	...o the genus Methanocaldococcus, within the family [[Methanocaldococcaceae]] and the order Methanococcales. Strain 28AT shared...				0	1	0				NCBITaxon:196117	NCBITaxon:196117	Methanocaldococcaceae	biolink:OrganismTaxon	name	4	out:biolink:subclass_of:NCBITaxon:2182|in:biolink:subclass_of:NCBITaxon:196118|in:biolink:subclass_of:NCBITaxon:196119|in:biolink:subclass_of:NCBITaxon:2933265
80	00080-41665931-abstract.txt	41665931	study_taxa	taxon_candidate	AUTO:Methanococcales	Methanococcales	433:448	...in the family Methanocaldococcaceae and the order [[Methanococcales]]. Strain 28AT shared 95.4-99.1% 16S rRNA gene sequ...				0	1	0				NCBITaxon:2182	NCBITaxon:2182	Methanococcales	biolink:OrganismTaxon	name	6	in:biolink:subclass_of:NCBITaxon:114584|in:biolink:subclass_of:NCBITaxon:196117|out:biolink:subclass_of:NCBITaxon:183939|in:biolink:subclass_of:NCBITaxon:2183|in:biolink:subclass_of:NCBITaxon:2607664
80	00080-41665931-abstract.txt	41665931	strains	strain	AUTO:28AT	28AT	333:337; 457:461; 638:642; 1132:1136	...NA gene and genome sequences revealed that strain [[28AT]] belongs to the genus Methanocaldococcus, within t...; ...dococcaceae and the order Methanococcales. Strain [[28AT]] shared 95.4-99.1% 16S rRNA gene sequence similari...; ...ethanocaldococcus bathoardescens. Cells of strain [[28AT]] were coccoid in shape, with diameters ranging fro...; ...-DNA hybridization values, we propose that strain [[28AT]] represents a novel species, for which the name Me...				0	0	1									0	
80	00080-41665931-abstract.txt	41665931	strains	strain	AUTO:28A%E1%B5%80	28Aᵀ	1251:1255	"...s abyssi sp. nov. is proposed. The type strain is [[28Aᵀ]] (=DSM 120179ᵀ=JCM 39640ᵀ).
"				0	0	1									0	
80	00080-41665931-abstract.txt	41665931	strains	strain	AUTO:DSM%20120179%E1%B5%80	DSM 120179ᵀ	1258:1269	"...i sp. nov. is proposed. The type strain is 28Aᵀ (=[[DSM 120179ᵀ]]=JCM 39640ᵀ).
"				0	0	1									0	
80	00080-41665931-abstract.txt	41665931	strains	strain	AUTO:JCM%2039640%E1%B5%80	JCM 39640ᵀ	1270:1280	"...s proposed. The type strain is 28Aᵀ (=DSM 120179ᵀ=[[JCM 39640ᵀ]]).
"				0	0	1									0	
80	00080-41665931-abstract.txt	41665931	chemical_utilization_object	chemical	AUTO:sodium%20chloride	sodium chloride	841:856	...lues between 5.3 and 7.0 (optimum: pH 6.5) and in [[sodium chloride]] (NaCl) concentrations ranging from 5 to 50 g l⁻¹ ...	AUTO:28AT	28AT	tolerates	1	0	0	METPO:2000064	tolerates	label	mediadive.solution:3145	mediadive.solution:3145|mediadive.ingredient:1105|CHEBI:26710	SODIUM CHLORIDE	biolink:ChemicalMixture	name	8	in:biolink:has_part:mediadive.medium:1518|out:biolink:has_part:CHEBI:2509|out:biolink:has_part:mediadive.ingredient:4|out:biolink:has_part:CHEBI:131527|out:biolink:has_part:CHEBI:26710
80	00080-41665931-abstract.txt	41665931	study_taxa	taxon_candidate	AUTO:Methanocaldococcus%20abyssi	Methanocaldococcus abyssi	1184:1209	...AT represents a novel species, for which the name [[Methanocaldococcus abyssi]] sp. nov. is proposed. The type strain is 28Aᵀ (=D...				0	1	0									0	
81	00081-41661661-abstract.txt	41661661	study_taxa	taxon_candidate	AUTO:Halotolerantifilum%20yawarlongkerapense	Halotolerantifilum yawarlongkerapense	1172:1209	... novel species in a new genus, for which the name [[Halotolerantifilum yawarlongkerapense]] gen. nov., sp. nov., is proposed. The type strain...				0	1	0									0	
81	00081-41661661-abstract.txt	41661661	study_taxa	taxon_candidate	AUTO:Fusibacter%20fontis	Fusibacter fontis	440:457	...icates that the strain is most closely related to [[Fusibacter fontis]] KhalAKB1T (89.50% identity). SD5T was phylogenomi...				0	1	0				NCBITaxon:1537567	NCBITaxon:1537567	Fusibacter fontis	biolink:OrganismTaxon	name	8	out:biolink:subclass_of:NCBITaxon:76008|out:METPO:2000517:mediadive.medium:503|out:METPO:2000517:mediadive.medium:J991|out:biolink:has_phenotype:METPO:1000432|out:biolink:has_phenotype:METPO:1000603
81	00081-41661661-abstract.txt	41661661	study_taxa	taxon_candidate	AUTO:Acidaminobacteraceae	Acidaminobacteraceae	563:583	...distinct from its closest neighbors in the family [[Acidaminobacteraceae]], with percentage of conserved proteins values ran...				0	1	0				NCBITaxon:3118653	NCBITaxon:3118653	Acidaminobacteraceae	biolink:OrganismTaxon	name	3	out:biolink:subclass_of:NCBITaxon:3082720|in:biolink:subclass_of:NCBITaxon:3121603|in:biolink:subclass_of:NCBITaxon:65402
81	00081-41661661-abstract.txt	41661661	study_taxa	taxon_candidate	AUTO:Guggenheimellaceae	Guggenheimellaceae	1491:1509	"...Peptostreptococcales and propose the novel family [[Guggenheimellaceae]] fam. nov. based on our sequencing results.
"				0	1	0									0	
81	00081-41661661-abstract.txt	41661661	strains	strain	AUTO:SD5T	SD5T	90:94; 487:491; 1105:1109; 1263:1267	...ant/halotolerant, heterotrophic bacterial strain, [[SD5T]], was isolated from a brine lake near Esperance, W...; ...to Fusibacter fontis KhalAKB1T (89.50% identity). [[SD5T]] was phylogenomically distinct from its closest ne...; ...ased on phylogenomic and chemotaxonomic analyses, [[SD5T]] represents a novel species in a new genus, for wh...; .... nov., sp. nov., is proposed. The type strain is [[SD5T]] (=DSM 117693T=ATCC TSD-463T). From this work, we ...				0	0	1									0	
81	00081-41661661-abstract.txt	41661661	strains	strain	AUTO:KhalAKB1T	KhalAKB1T	458:467	...rain is most closely related to Fusibacter fontis [[KhalAKB1T]] (89.50% identity). SD5T was phylogenomically dist...				0	0	1									0	
81	00081-41661661-abstract.txt	41661661	chemical_utilization_object	chemical	AUTO:sodium%20chloride	sodium chloride	782:797	...en 6.5 and 9.0 (optimum 7.0) and with 1-10% (w/v) [[sodium chloride]] (optimum 5%). The strain exhibited an aggregated ...	AUTO:SD5T	SD5T	tolerates	1	0	0	METPO:2000064	tolerates	label	mediadive.solution:3145	mediadive.solution:3145|mediadive.ingredient:1105|CHEBI:26710	SODIUM CHLORIDE	biolink:ChemicalMixture	name	8	in:biolink:has_part:mediadive.medium:1518|out:biolink:has_part:CHEBI:2509|out:biolink:has_part:mediadive.ingredient:4|out:biolink:has_part:CHEBI:131527|out:biolink:has_part:CHEBI:26710
81	00081-41661661-abstract.txt	41661661	strains	strain	AUTO:DSM%20117693T	DSM 117693T	1270:1281	... sp. nov., is proposed. The type strain is SD5T (=[[DSM 117693T]]=ATCC TSD-463T). From this work, we also propose t...				0	0	1									0	
81	00081-41661661-abstract.txt	41661661	strains	strain	AUTO:ATCC%20TSD-463T	ATCC TSD-463T	1282:1295	...s proposed. The type strain is SD5T (=DSM 117693T=[[ATCC TSD-463T]]). From this work, we also propose the reassignmen...				0	0	1									0	
82	00082-41746692-abstract.txt	41746692	study_taxa	taxon_candidate	AUTO:Anaerozeibacter%20quisquiliarum	Anaerozeibacter quisquiliarum	1605:1634	... and phenotypic distinctions, we propose the name [[Anaerozeibacter quisquiliarum]] gen. nov., sp. nov., with strain meth-B3ᵀ (=DSM 1...				0	1	0									0	
82	00082-41746692-abstract.txt	41746692	study_taxa	taxon_candidate	AUTO:Anaerozeibacteraceae	Anaerozeibacteraceae	1743:1763	...CC TSD-269ᵀ) being the type strain, and designate [[Anaerozeibacteraceae]] fam. nov. within the order Eubacteriales to accom...				0	1	0									0	
82	00082-41746692-abstract.txt	41746692	study_taxa	taxon_candidate	AUTO:Eubacteriales	Eubacteriales	916:929; 1791:1804	"...ker genes placed strain meth-B3ᵀ within the order [[Eubacteriales]], forming a distinct clade from other known famili...; ...e Anaerozeibacteraceae fam. nov. within the order [[Eubacteriales]] to accommodate this lineage.
"				0	1	0				NCBITaxon:186802	NCBITaxon:186802	Eubacteriales	biolink:OrganismTaxon	name	33	out:biolink:subclass_of:NCBITaxon:186801|out:METPO:2000517:mediadive.medium:1203a|out:METPO:2000517:mediadive.medium:693|in:biolink:subclass_of:NCBITaxon:216572|in:biolink:subclass_of:NCBITaxon:68298
82	00082-41746692-abstract.txt	41746692	strains	strain	AUTO:meth-B3%E1%B5%80	meth-B3ᵀ	232:240; 460:468; 890:898; 1149:1157; 1668:1676	...characterized a novel anaerobic bacterium, strain [[meth-B3ᵀ]], from a laboratory-scale methanogenic bioreactor ...; ...C, pH 7.0 and 0.7% sodium chloride (NaCl). Strain [[meth-B3ᵀ]] utilized a broad spectrum of carbohydrates, amino...; ...16S rRNA and conserved marker genes placed strain [[meth-B3ᵀ]] within the order Eubacteriales, forming a distinc...; ... conserved protein, ≤35.2%) confirmed that strain [[meth-B3ᵀ]] represents a novel genus and family. Notably, car...; ...er quisquiliarum gen. nov., sp. nov., with strain [[meth-B3ᵀ]] (=DSM 112769ᵀ=ATCC TSD-269ᵀ) being the type strai...				0	0	1									0	
82	00082-41746692-abstract.txt	41746692	strains	strain	AUTO:DSM%20112769%E1%B5%80	DSM 112769ᵀ	1679:1690	...iarum gen. nov., sp. nov., with strain meth-B3ᵀ (=[[DSM 112769ᵀ]]=ATCC TSD-269ᵀ) being the type strain, and designa...				0	0	1									0	
82	00082-41746692-abstract.txt	41746692	strains	strain	AUTO:ATCC%20TSD-269%E1%B5%80	ATCC TSD-269ᵀ	1691:1704	...ov., sp. nov., with strain meth-B3ᵀ (=DSM 112769ᵀ=[[ATCC TSD-269ᵀ]]) being the type strain, and designate Anaerozeiba...				0	0	1									0	
82	00082-41746692-abstract.txt	41746692	chemical_utilization_object	chemical	AUTO:glucose	glucose	554:561; 650:657	...ydrates, amino acids and organic acids, including [[glucose]], cellobiose, glycerol, sucrose, maltose and vario...; ...e and various nitrogenous compounds. It fermented [[glucose]] into acetate, butyrate, lactate, propionate, vale...	AUTO:meth-B3%E1%B5%80	meth-B3ᵀ	ferments	1	0	0	METPO:2000011	ferments	label	CHEBI:17234	CHEBI:17234|CHEBI:42758|CHEBI:4167	glucose	biolink:ChemicalEntity|biolink:SmallMolecule	name	27450	out:biolink:subclass_of:CHEBI:33917|out:biolink:related_to:CHEBI:78675|out:biolink:has_chemical_role:CHEBI:78675|in:biolink:subclass_of:CHEBI:17634|in:METPO:2000006:NCBITaxon:1002795
82	00082-41746692-abstract.txt	41746692	chemical_utilization_object	chemical	AUTO:cellobiose	cellobiose	563:573	...amino acids and organic acids, including glucose, [[cellobiose]], glycerol, sucrose, maltose and various nitrogeno...	AUTO:meth-B3%E1%B5%80	meth-B3ᵀ	uses_for_growth	1	0	0	METPO:2000012	uses for growth	label	CHEBI:17057	CHEBI:17057|CHEBI:36217	cellobiose	biolink:ChemicalEntity|biolink:SmallMolecule	name	25783	out:biolink:subclass_of:CHEBI:24405|out:biolink:related_to:CHEBI:76924|out:biolink:has_chemical_role:CHEBI:76924|in:METPO:2000006:NCBITaxon:1002795|in:METPO:2000006:NCBITaxon:1004261
82	00082-41746692-abstract.txt	41746692	chemical_utilization_object	chemical	AUTO:glycerol	glycerol	575:583	...and organic acids, including glucose, cellobiose, [[glycerol]], sucrose, maltose and various nitrogenous compoun...	AUTO:meth-B3%E1%B5%80	meth-B3ᵀ	uses_for_growth	1	0	0	METPO:2000012	uses for growth	label	CHEBI:17754	CHEBI:17754	glycerol	biolink:ChemicalEntity|biolink:SmallMolecule	name	20099	in:biolink:related_to:CHEBI:15978|out:biolink:subclass_of:CHEBI:17522|out:biolink:subclass_of:CHEBI:27136|out:biolink:related_to:CHEBI:176497|out:biolink:has_chemical_role:CHEBI:176497
82	00082-41746692-abstract.txt	41746692	chemical_utilization_object	chemical	AUTO:sucrose	sucrose	585:592	...c acids, including glucose, cellobiose, glycerol, [[sucrose]], maltose and various nitrogenous compounds. It fe...	AUTO:meth-B3%E1%B5%80	meth-B3ᵀ	uses_for_growth	1	0	0	METPO:2000012	uses for growth	label	CHEBI:17992	CHEBI:17992	sucrose	biolink:ChemicalEntity|biolink:SmallMolecule	name	45215	in:biolink:related_to:CHEBI:17164|out:biolink:subclass_of:CHEBI:24407|out:biolink:related_to:CHEBI:25728|out:biolink:has_chemical_role:CHEBI:25728|out:biolink:related_to:CHEBI:50505
82	00082-41746692-abstract.txt	41746692	chemical_utilization_object	chemical	AUTO:maltose	maltose	594:601	...including glucose, cellobiose, glycerol, sucrose, [[maltose]] and various nitrogenous compounds. It fermented g...	AUTO:meth-B3%E1%B5%80	meth-B3ᵀ	uses_for_growth	1	0	0	METPO:2000012	uses for growth	label	CHEBI:17306	CHEBI:17306|CHEBI:18167	D-maltose	biolink:ChemicalEntity|biolink:SmallMolecule	synonym	45127	out:biolink:subclass_of:CHEBI:17593|out:biolink:subclass_of:CHEBI:24405|out:biolink:related_to:CHEBI:50505|out:biolink:has_chemical_role:CHEBI:50505|out:biolink:related_to:CHEBI:75771
82	00082-41746692-abstract.txt	41746692	chemical_utilization_object	chemical	AUTO:amino%20acids	amino acids	513:524	...h-B3ᵀ utilized a broad spectrum of carbohydrates, [[amino acids]] and organic acids, including glucose, cellobiose,...	AUTO:meth-B3%E1%B5%80	meth-B3ᵀ	uses_for_growth	1	0	0	METPO:2000012	uses for growth	label	CHEBI:33704	CHEBI:33704|CHEBI:33709	alpha-amino acid	biolink:ChemicalSubstance|biolink:SmallMolecule	synonym	1126	in:biolink:subclass_of:CHEBI:15356|in:biolink:subclass_of:CHEBI:15428|in:biolink:subclass_of:CHEBI:16449|in:biolink:subclass_of:CHEBI:16811|in:biolink:subclass_of:CHEBI:17822
82	00082-41746692-abstract.txt	41746692	chemical_utilization_object	chemical	AUTO:organic%20acids	organic acids	529:542	... broad spectrum of carbohydrates, amino acids and [[organic acids]], including glucose, cellobiose, glycerol, sucrose...	AUTO:meth-B3%E1%B5%80	meth-B3ᵀ	uses_for_growth	1	0	0	METPO:2000012	uses for growth	label	CHEBI:64709	CHEBI:64709	organic acid	biolink:ChemicalSubstance|biolink:SmallMolecule	synonym	7	in:biolink:subclass_of:CHEBI:33307|in:biolink:subclass_of:CHEBI:33551|in:biolink:subclass_of:CHEBI:33575|in:biolink:subclass_of:CHEBI:37783|in:biolink:subclass_of:CHEBI:47891
82	00082-41746692-abstract.txt	41746692	chemical_utilization_object	chemical	AUTO:nitrogenous%20compounds	nitrogenous compounds	614:635	...ellobiose, glycerol, sucrose, maltose and various [[nitrogenous compounds]]. It fermented glucose into acetate, butyrate, lac...	AUTO:meth-B3%E1%B5%80	meth-B3ᵀ	uses_for_growth	1	0	0	METPO:2000012	uses for growth	label	CHEBI:51143	CHEBI:51143	nitrogen molecular entity	biolink:ChemicalSubstance|biolink:SmallMolecule	synonym	37	in:biolink:subclass_of:CHEBI:144043|in:biolink:subclass_of:CHEBI:167642|in:biolink:subclass_of:CHEBI:22680|in:biolink:subclass_of:CHEBI:24631|in:biolink:subclass_of:CHEBI:24709
83	00083-41729564-abstract.txt	41729564	study_taxa	taxon_candidate	AUTO:Furfurilactobacillus%20cerevisiae	Furfurilactobacillus cerevisiae	529:560	...d on these data, two novel species were proposed: [[Furfurilactobacillus cerevisiae]] sp. nov., represented by strains LTH 5742T (=DSM ...				0	1	0									0	
83	00083-41729564-abstract.txt	41729564	study_taxa	taxon_candidate	AUTO:Furfurilactobacillus%20cerealis	Furfurilactobacillus cerealis	648:677	...5742T (=DSM 120514T=LMG 34151T) and LTH 5750, and [[Furfurilactobacillus cerealis]] sp. nov., represented by strain C5T (=DSM 120515T...				0	1	0									0	
83	00083-41729564-abstract.txt	41729564	study_taxa	taxon_candidate	AUTO:Furfurilactobacillus%20rossiae	Furfurilactobacillus rossiae	1052:1080	...Ff. spp. LTH 5742T and LTH 5750, Ff. spp. C5T and [[Furfurilactobacillus rossiae]] but not in Furfurilactobacillus milii. Genes for ...				0	1	0				NCBITaxon:231049	NCBITaxon:231049	Furfurilactobacillus rossiae	biolink:OrganismTaxon	name	18	in:biolink:subclass_of:NCBITaxon:1114972|out:biolink:subclass_of:NCBITaxon:2767882|out:METPO:2000006:CHEBI:28260|out:METPO:2000006:CHEBI:22599|out:METPO:2000006:CHEBI:24996
83	00083-41729564-abstract.txt	41729564	study_taxa	taxon_candidate	AUTO:Furfurilactobacillus%20milii	Furfurilactobacillus milii	1092:1118	.... C5T and Furfurilactobacillus rossiae but not in [[Furfurilactobacillus milii]]. Genes for 1,2-propanediol conversion to propiona...				0	1	0				NCBITaxon:2888272	NCBITaxon:2888272	Furfurilactobacillus milii	biolink:OrganismTaxon	name	5	out:biolink:subclass_of:NCBITaxon:2767882|out:METPO:2000517:mediadive.medium:11|in:biolink:subclass_of:kgmicrobe.strain:DSM-113338|in:biolink:subclass_of:kgmicrobe.strain:LMG-32468|in:biolink:subclass_of:kgmicrobe.strain:bacdive_169328
83	00083-41729564-abstract.txt	41729564	study_taxa	taxon_candidate	AUTO:Furfurilactobacillus%20entadae	Furfurilactobacillus entadae	1342:1370	...iquely detected in Ff. cerealis, Ff. rossiae and '[[Furfurilactobacillus entadae]]'. These findings expand the diversity of the genu...				0	1	0				kgmicrobe.strain:bacdive_176485	kgmicrobe.strain:bacdive_176485	Furfurilactobacillus entadae	biolink:OrganismTaxon	name	1	out:METPO:2000517:mediadive.medium:11
83	00083-41729564-abstract.txt	41729564	strains	strain	AUTO:LTH%205742T	LTH 5742T	594:603; 1011:1020	...illus cerevisiae sp. nov., represented by strains [[LTH 5742T]] (=DSM 120514T=LMG 34151T) and LTH 5750, and Furfu...; ...l production from lactate, is present in Ff. spp. [[LTH 5742T]] and LTH 5750, Ff. spp. C5T and Furfurilactobacill...				0	0	1									0	
83	00083-41729564-abstract.txt	41729564	strains	strain	AUTO:LTH%205750	LTH 5750	130:138; 634:642; 1025:1033	...oiled beer, Furfurilactobacillus sp. LTH 5742 and [[LTH 5750]], one isolate from sourdough, Furfurilactobacillus...; ...y strains LTH 5742T (=DSM 120514T=LMG 34151T) and [[LTH 5750]], and Furfurilactobacillus cerealis sp. nov., repr...; ...rom lactate, is present in Ff. spp. LTH 5742T and [[LTH 5750]], Ff. spp. C5T and Furfurilactobacillus rossiae bu...				0	0	1									0	
83	00083-41729564-abstract.txt	41729564	strains	strain	AUTO:C5T	C5T	710:713; 1044:1047	...bacillus cerealis sp. nov., represented by strain [[C5T]] (=DSM 120515T=LMG 34152T). Comparative genomic an...; ...sent in Ff. spp. LTH 5742T and LTH 5750, Ff. spp. [[C5T]] and Furfurilactobacillus rossiae but not in Furfu...				0	0	1									0	
83	00083-41729564-abstract.txt	41729564	chemical_utilization_object	chemical	AUTO:1%2C2-propanediol	1,2-propanediol	827:842; 947:962; 1130:1145	...hted distinct metabolic signatures concerning the [[1,2-propanediol]] and hydroxycinnamic acid metabolism. The gene ald...; ...oding lactaldehyde dehydrogenase, contributing to [[1,2-propanediol]] production from lactate, is present in Ff. spp. L...; ... but not in Furfurilactobacillus milii. Genes for [[1,2-propanediol]] conversion to propionate and propanol are present...	AUTO:LTH%205742T	LTH 5742T	produces	1	0	0	METPO:2000202	produces	label	CHEBI:16997	CHEBI:16997	1,2-propandiol	biolink:ChemicalEntity|biolink:ChemicalSubstance|biolink:SmallMolecule	synonym	43	out:biolink:subclass_of:CHEBI:13643|out:biolink:subclass_of:CHEBI:26284|out:biolink:related_to:CHEBI:48356|out:biolink:related_to:CHEBI:50904|out:biolink:related_to:CHEBI:75771
83	00083-41729564-abstract.txt	41729564	chemical_utilization_object	chemical	AUTO:1%2C2-propanediol	1,2-propanediol	827:842; 947:962; 1130:1145	...hted distinct metabolic signatures concerning the [[1,2-propanediol]] and hydroxycinnamic acid metabolism. The gene ald...; ...oding lactaldehyde dehydrogenase, contributing to [[1,2-propanediol]] production from lactate, is present in Ff. spp. L...; ... but not in Furfurilactobacillus milii. Genes for [[1,2-propanediol]] conversion to propionate and propanol are present...	AUTO:LTH%205750	LTH 5750	produces	1	0	0	METPO:2000202	produces	label	CHEBI:16997	CHEBI:16997	1,2-propandiol	biolink:ChemicalEntity|biolink:ChemicalSubstance|biolink:SmallMolecule	synonym	43	out:biolink:subclass_of:CHEBI:13643|out:biolink:subclass_of:CHEBI:26284|out:biolink:related_to:CHEBI:48356|out:biolink:related_to:CHEBI:50904|out:biolink:related_to:CHEBI:75771
83	00083-41729564-abstract.txt	41729564	chemical_utilization_object	chemical	AUTO:1%2C2-propanediol	1,2-propanediol	827:842; 947:962; 1130:1145	...hted distinct metabolic signatures concerning the [[1,2-propanediol]] and hydroxycinnamic acid metabolism. The gene ald...; ...oding lactaldehyde dehydrogenase, contributing to [[1,2-propanediol]] production from lactate, is present in Ff. spp. L...; ... but not in Furfurilactobacillus milii. Genes for [[1,2-propanediol]] conversion to propionate and propanol are present...	AUTO:C5T	C5T	produces	1	0	0	METPO:2000202	produces	label	CHEBI:16997	CHEBI:16997	1,2-propandiol	biolink:ChemicalEntity|biolink:ChemicalSubstance|biolink:SmallMolecule	synonym	43	out:biolink:subclass_of:CHEBI:13643|out:biolink:subclass_of:CHEBI:26284|out:biolink:related_to:CHEBI:48356|out:biolink:related_to:CHEBI:50904|out:biolink:related_to:CHEBI:75771
83	00083-41729564-abstract.txt	41729564	chemical_utilization_object	chemical	AUTO:1%2C2-propanediol	1,2-propanediol	827:842; 947:962; 1130:1145	...hted distinct metabolic signatures concerning the [[1,2-propanediol]] and hydroxycinnamic acid metabolism. The gene ald...; ...oding lactaldehyde dehydrogenase, contributing to [[1,2-propanediol]] production from lactate, is present in Ff. spp. L...; ... but not in Furfurilactobacillus milii. Genes for [[1,2-propanediol]] conversion to propionate and propanol are present...	AUTO:Furfurilactobacillus%20rossiae	Furfurilactobacillus rossiae	produces	1	0	0	METPO:2000202	produces	label	CHEBI:16997	CHEBI:16997	1,2-propandiol	biolink:ChemicalEntity|biolink:ChemicalSubstance|biolink:SmallMolecule	synonym	43	out:biolink:subclass_of:CHEBI:13643|out:biolink:subclass_of:CHEBI:26284|out:biolink:related_to:CHEBI:48356|out:biolink:related_to:CHEBI:50904|out:biolink:related_to:CHEBI:75771
84	00084-41637121-abstract.txt	41637121	study_taxa	taxon_candidate	AUTO:Dysgonomonas	Dysgonomonas	10:22; 359:371; 541:553; 618:630; 660:672; 721:733; 769:781; 807:819; 1118:1130; 1305:1317	The genus [[Dysgonomonas]], established in 2000 and currently comprising nin...; ...d. In this study, we re-evaluated the taxonomy of [[Dysgonomonas]] using core genome phylogeny, average amino acid i...; ...cs and physiological data revealed that the genus [[Dysgonomonas]] comprises at least three distinct genus-level lin...; ...east three distinct genus-level lineages, and (i) [[Dysgonomonas]] sensu stricto represented by Dysgonomonas gadei, ...; ...and (i) Dysgonomonas sensu stricto represented by [[Dysgonomonas]] gadei, (ii) Indolivaga gen. nov. represented by D...; ...s gadei, (ii) Indolivaga gen. nov. represented by [[Dysgonomonas]] capnocytophagoides and (iii) Pseudodysgonomonas g...; ...y Dysgonomonas capnocytophagoides and (iii) Pseudo[[dysgonomonas]] gen. nov. represented by Dysgonomonas massiliensi...; ...(iii) Pseudodysgonomonas gen. nov. represented by [[Dysgonomonas]] massiliensis are proposed. In addition, two strai...; ...ain MK137_Hg11T represents a novel species within [[Dysgonomonas]], while strain MK137_Hg34T represents a novel spec...; ...Dysgonomonadaceae. We therefore propose the names [[Dysgonomonas]] reticulitermitis sp. nov. (type strain MK137_Hg11...				0	1	0				NCBITaxon:156973	NCBITaxon:156973	Dysgonomonas	biolink:OrganismTaxon	name	13	in:biolink:subclass_of:NCBITaxon:1346286|in:biolink:subclass_of:NCBITaxon:1516126|in:biolink:subclass_of:NCBITaxon:1605892|in:biolink:subclass_of:NCBITaxon:163665|in:biolink:subclass_of:NCBITaxon:45254
84	00084-41637121-abstract.txt	41637121	study_taxa	taxon_candidate	AUTO:Indolivaga	Indolivaga	685:695	...u stricto represented by Dysgonomonas gadei, (ii) [[Indolivaga]] gen. nov. represented by Dysgonomonas capnocytoph...				0	1	0									0	
84	00084-41637121-abstract.txt	41637121	study_taxa	taxon_candidate	AUTO:Pseudodysgonomonas	Pseudodysgonomonas	763:781	...nted by Dysgonomonas capnocytophagoides and (iii) [[Pseudodysgonomonas]] gen. nov. represented by Dysgonomonas massiliensi...				0	1	0									0	
84	00084-41637121-abstract.txt	41637121	study_taxa	taxon_candidate	AUTO:Viscerimonas%20tarda	Viscerimonas tarda	1397:1415	...pe strain MK137_Hg11T=JCM 35194T=DSM 118089T) and [[Viscerimonas tarda]] gen. nov., sp. nov. (type strain MK137_Hg34T=JCM ...				0	1	0									0	
84	00084-41637121-abstract.txt	41637121	strains	strain	AUTO:MK137_Hg11T	MK137_Hg11T	872:883; 1072:1083; 1357:1368	...ssiliensis are proposed. In addition, two strains [[MK137_Hg11T]] and MK137_Hg34T, facultative anaerobic bacteria, ...; ...sis of the collected data, we propose that strain [[MK137_Hg11T]] represents a novel species within Dysgonomonas, w...; ...sgonomonas reticulitermitis sp. nov. (type strain [[MK137_Hg11T]]=JCM 35194T=DSM 118089T) and Viscerimonas tarda ge...				0	0	1									0	
84	00084-41637121-abstract.txt	41637121	strains	strain	AUTO:MK137_Hg34T	MK137_Hg34T	888:899; 1145:1156; 1449:1460	"...roposed. In addition, two strains MK137_Hg11T and [[MK137_Hg34T]], facultative anaerobic bacteria, were isolated fr...; ...a novel species within Dysgonomonas, while strain [[MK137_Hg34T]] represents a novel species belonging to a fourth,...; ...scerimonas tarda gen. nov., sp. nov. (type strain [[MK137_Hg34T]]=JCM 35195T=DSM 118090T).
"				0	0	1									0	
85	00085-41632589-abstract.txt	41632589	study_taxa	taxon_candidate	AUTO:Algoriphagus	Algoriphagus	337:349; 520:532; 573:585; 1056:1068; 1817:1829; 1851:1863; 1889:1901	...irmed that the six isolates belonged to the genus [[Algoriphagus]] of the family Cyclobacteriaceae. The 16S rRNA gen...; ...d the highest similarities to the type strains of [[Algoriphagus]] antarcticus LMG 21980T(98.1-98.5 %) and Algoripha...; ...oriphagus antarcticus LMG 21980T(98.1-98.5 %) and [[Algoriphagus]] resistens NH1T (97.9-98.4 %). Meanwhile, the 16S ...; ...that they represent two separate novel species of [[Algoriphagus]]. The predominant cellular fatty acids of strains ...; ...were identified as two novel species of the genus [[Algoriphagus]], for which the names Algoriphagus aurantiacus sp....; ...es of the genus Algoriphagus, for which the names [[Algoriphagus]] aurantiacus sp. nov. and Algoriphagus persicinus ...; ...h the names Algoriphagus aurantiacus sp. nov. and [[Algoriphagus]] persicinus sp. nov. were proposed, with the type ...				0	1	0				NCBITaxon:246875	NCBITaxon:246875	Algoriphagus	biolink:OrganismTaxon	name	58	in:biolink:subclass_of:NCBITaxon:1073327|in:biolink:subclass_of:NCBITaxon:1134595|in:biolink:subclass_of:NCBITaxon:1445656|in:biolink:subclass_of:NCBITaxon:1649265|in:biolink:subclass_of:NCBITaxon:1697556
85	00085-41632589-abstract.txt	41632589	strains	strain	AUTO:D3-2-R%2B10T	D3-2-R+10T	96:106; 421:431; 840:850; 1118:1128; 1348:1358; 1610:1620	...e and rod-shaped bacterial strains, designated as [[D3-2-R+10T]], C2-6-M1T, E1-3-M2, D2-2-M3, D2-2-M2 and D2-2-M1,...; ...cteriaceae. The 16S rRNA gene sequence of strains [[D3-2-R+10T]], D2-2-M3, D2-2-M2 and D2-2-M1 exhibited the highe...; ...igital DNA-DNA hybridization values among strains [[D3-2-R+10T]] and C2-6-M1T and their most closely related speci...; .... The predominant cellular fatty acids of strains [[D3-2-R+10T]] and C2-6-M1T included iso-C15 : 0, summed feature...; ...uinone was MK-7. The major polar lipids of strain [[D3-2-R+10T]] comprised phosphatidylethanolamine, one unidentif...; ...n unidentified lipids. The genome size of strains [[D3-2-R+10T]] and C2-6-M1T was 6.0 and 5.0 Mb, respectively, wi...				0	0	1									0	
85	00085-41632589-abstract.txt	41632589	strains	strain	AUTO:C2-6-M1T	C2-6-M1T	108:116; 665:673; 855:863; 1133:1141; 1477:1485; 1625:1633	...aped bacterial strains, designated as D3-2-R+10T, [[C2-6-M1T]], E1-3-M2, D2-2-M3, D2-2-M2 and D2-2-M1, were isol...; ... Meanwhile, the 16S rRNA gene sequence of strains [[C2-6-M1T]] and E1-3-M2 showed the highest similarities to A....; ...hybridization values among strains D3-2-R+10T and [[C2-6-M1T]] and their most closely related species A. antarct...; ...nt cellular fatty acids of strains D3-2-R+10T and [[C2-6-M1T]] included iso-C15 : 0, summed feature 3 (C16 : 1 ω...; ...d five unidentified lipids, while those of strain [[C2-6-M1T]] included phosphatidylethanolamine, two unidentifi...; ...lipids. The genome size of strains D3-2-R+10T and [[C2-6-M1T]] was 6.0 and 5.0 Mb, respectively, with the DNA G+...				0	0	1									0	
85	00085-41632589-abstract.txt	41632589	strains	strain	AUTO:E1-3-M2	E1-3-M2	118:125; 678:685	...rial strains, designated as D3-2-R+10T, C2-6-M1T, [[E1-3-M2]], D2-2-M3, D2-2-M2 and D2-2-M1, were isolated from...; ...he 16S rRNA gene sequence of strains C2-6-M1T and [[E1-3-M2]] showed the highest similarities to A. antarcticus...				0	0	1									0	
85	00085-41632589-abstract.txt	41632589	strains	strain	AUTO:D2-2-M3	D2-2-M3	127:134; 433:440	...ins, designated as D3-2-R+10T, C2-6-M1T, E1-3-M2, [[D2-2-M3]], D2-2-M2 and D2-2-M1, were isolated from the shor...; ...The 16S rRNA gene sequence of strains D3-2-R+10T, [[D2-2-M3]], D2-2-M2 and D2-2-M1 exhibited the highest simila...				0	0	1									0	
85	00085-41632589-abstract.txt	41632589	strains	strain	AUTO:D2-2-M2	D2-2-M2	136:143; 442:449	...gnated as D3-2-R+10T, C2-6-M1T, E1-3-M2, D2-2-M3, [[D2-2-M2]] and D2-2-M1, were isolated from the shore soil of...; ...RNA gene sequence of strains D3-2-R+10T, D2-2-M3, [[D2-2-M2]] and D2-2-M1 exhibited the highest similarities to...				0	0	1									0	
85	00085-41632589-abstract.txt	41632589	strains	strain	AUTO:D2-2-M1	D2-2-M1	148:155; 454:461	...-2-R+10T, C2-6-M1T, E1-3-M2, D2-2-M3, D2-2-M2 and [[D2-2-M1]], were isolated from the shore soil of LungmuCo La...; ...uence of strains D3-2-R+10T, D2-2-M3, D2-2-M2 and [[D2-2-M1]] exhibited the highest similarities to the type st...				0	0	1									0	
85	00085-41632589-abstract.txt	41632589	strains	strain	AUTO:LMG%2021980T	LMG 21980T	545:555; 736:746; 918:928	...s to the type strains of Algoriphagus antarcticus [[LMG 21980T]](98.1-98.5 %) and Algoriphagus resistens NH1T (97....; ...showed the highest similarities to A. antarcticus [[LMG 21980T]] (98.2-98.7%). The average nt identity and digital...; ...their most closely related species A. antarcticus [[LMG 21980T]] were all lower than the threshold values for deli...				0	0	1									0	
85	00085-41632589-abstract.txt	41632589	strains	strain	AUTO:NH1T	NH1T	596:600	...MG 21980T(98.1-98.5 %) and Algoriphagus resistens [[NH1T]] (97.9-98.4 %). Meanwhile, the 16S rRNA gene seque...				0	0	1									0	
86	00086-41627989-abstract.txt	41627989	study_taxa	taxon_candidate	AUTO:Streptomyces	Streptomyces	178:190; 423:435; 498:510; 729:741; 1492:1504; 1533:1545	... Antarctica, as part of an effort to discover new [[Streptomyces]] species with industrial and pharmaceutical releva...; ...uences confirmed their affiliation with the genus [[Streptomyces]], with the highest sequence identity values of 99....; ...ghest sequence identity values of 99.7-99.8% with [[Streptomyces]] avidinii NBRC 13429T. However, genome-based taxon...; ...trains represent a novel species within the genus [[Streptomyces]]. A comprehensive genome annotation revealed that ...; ...genomic analyses, these strains represent a novel [[Streptomyces]] species, for which the name Streptomyces antarcti...; ... a novel Streptomyces species, for which the name [[Streptomyces]] antarcticus sp. nov. is proposed. The type strain...				0	1	0				NCBITaxon:1883	NCBITaxon:1883	Streptomyces	biolink:OrganismTaxon	name	1305	in:biolink:subclass_of:NCBITaxon:103232|in:biolink:subclass_of:NCBITaxon:1038928|in:biolink:subclass_of:NCBITaxon:104206|in:biolink:subclass_of:NCBITaxon:1042984|in:biolink:subclass_of:NCBITaxon:1045501
86	00086-41627989-abstract.txt	41627989	study_taxa	taxon_candidate	AUTO:Streptomyces%20avidinii	Streptomyces avidinii	498:519	...ghest sequence identity values of 99.7-99.8% with [[Streptomyces avidinii]] NBRC 13429T. However, genome-based taxonomic anal...				0	1	0				NCBITaxon:1895	NCBITaxon:1895	Streptomyces avidinii	biolink:OrganismTaxon	name	261	out:biolink:subclass_of:NCBITaxon:1883|out:METPO:2000517:mediadive.medium:J42|out:METPO:2000517:mediadive.medium:84|out:METPO:2000517:mediadive.medium:J50|out:METPO:2000517:mediadive.medium:65
86	00086-41627989-abstract.txt	41627989	study_taxa	taxon_candidate	AUTO:Streptomyces%20antarcticus	Streptomyces antarcticus	1533:1557	... a novel Streptomyces species, for which the name [[Streptomyces antarcticus]] sp. nov. is proposed. The type strain is H27-S2T ...				0	1	0				NCBITaxon:2996458	NCBITaxon:2996458	Streptomyces antarcticus	biolink:OrganismTaxon	name	1	out:biolink:subclass_of:NCBITaxon:1883
86	00086-41627989-abstract.txt	41627989	strains	strain	AUTO:H27-S2T	H27-S2T	37:44; 1599:1606	"Three novel actinobacterial strains, [[H27-S2T]], H34-AA3 and H34-S5, were isolated from soil samp...; ...arcticus sp. nov. is proposed. The type strain is [[H27-S2T]] (=DSM 114983T=CGMCC 4.7867T).
"				0	0	1									0	
86	00086-41627989-abstract.txt	41627989	strains	strain	AUTO:H34-AA3	H34-AA3	46:53	Three novel actinobacterial strains, H27-S2T, [[H34-AA3]] and H34-S5, were isolated from soil samples colle...				0	0	1									0	
86	00086-41627989-abstract.txt	41627989	strains	strain	AUTO:H34-S5	H34-S5	58:64	...vel actinobacterial strains, H27-S2T, H34-AA3 and [[H34-S5]], were isolated from soil samples collected on Hor...				0	0	1									0	
86	00086-41627989-abstract.txt	41627989	strains	strain	AUTO:NBRC%2013429T	NBRC 13429T	520:531	...y values of 99.7-99.8% with Streptomyces avidinii [[NBRC 13429T]]. However, genome-based taxonomic analyses, includ...				0	0	1									0	
86	00086-41627989-abstract.txt	41627989	chemical_utilization_object	chemical	AUTO:aromatic%20compounds	aromatic compounds			AUTO:H27-S2T	H27-S2T	degrades	1	0	0	METPO:2000007	degrades	label	CHEBI:33655	CHEBI:33655	aromatic compound	biolink:ChemicalSubstance|biolink:SmallMolecule	synonym	44	in:biolink:subclass_of:CHEBI:112855|in:biolink:subclass_of:CHEBI:116656|in:biolink:subclass_of:CHEBI:116928|in:biolink:subclass_of:CHEBI:124928|in:biolink:subclass_of:CHEBI:125882
86	00086-41627989-abstract.txt	41627989	chemical_utilization_object	chemical	AUTO:aromatic%20compounds	aromatic compounds			AUTO:H34-AA3	H34-AA3	degrades	1	0	0	METPO:2000007	degrades	label	CHEBI:33655	CHEBI:33655	aromatic compound	biolink:ChemicalSubstance|biolink:SmallMolecule	synonym	44	in:biolink:subclass_of:CHEBI:112855|in:biolink:subclass_of:CHEBI:116656|in:biolink:subclass_of:CHEBI:116928|in:biolink:subclass_of:CHEBI:124928|in:biolink:subclass_of:CHEBI:125882
86	00086-41627989-abstract.txt	41627989	chemical_utilization_object	chemical	AUTO:aromatic%20compounds	aromatic compounds			AUTO:H34-S5	H34-S5	degrades	1	0	0	METPO:2000007	degrades	label	CHEBI:33655	CHEBI:33655	aromatic compound	biolink:ChemicalSubstance|biolink:SmallMolecule	synonym	44	in:biolink:subclass_of:CHEBI:112855|in:biolink:subclass_of:CHEBI:116656|in:biolink:subclass_of:CHEBI:116928|in:biolink:subclass_of:CHEBI:124928|in:biolink:subclass_of:CHEBI:125882
86	00086-41627989-abstract.txt	41627989	strains	strain	AUTO:DSM%20114983T	DSM 114983T	1609:1620	"...p. nov. is proposed. The type strain is H27-S2T (=[[DSM 114983T]]=CGMCC 4.7867T).
"				0	0	1									0	
86	00086-41627989-abstract.txt	41627989	strains	strain	AUTO:CGMCC%204.7867T	CGMCC 4.7867T	1621:1634	"...roposed. The type strain is H27-S2T (=DSM 114983T=[[CGMCC 4.7867T]]).
"				0	0	1									0	
87	00087-41706502-abstract.txt	41706502	study_taxa	taxon_candidate	AUTO:Paenibacillus%20hebaui	Paenibacillus hebaui	33:53	A novel Gram-positive bacterium, [[Paenibacillus hebaui]] sp. nov. (QZ-Y1T), was isolated from soil samples...				0	1	0									0	
87	00087-41706502-abstract.txt	41706502	study_taxa	taxon_candidate	AUTO:Paenibacillus%20xylanexedens	Paenibacillus xylanexedens	225:251	...RNA gene (PV459073.1) showed 98.67% similarity to [[Paenibacillus xylanexedens]] B22aT, whereas genomic comparisons (ANI15 : 0 and...				0	1	0				NCBITaxon:528191	NCBITaxon:528191	Paenibacillus xylanexedens	biolink:OrganismTaxon	name	45	out:biolink:subclass_of:NCBITaxon:44249|out:METPO:2000517:mediadive.medium:220|out:biolink:has_phenotype:METPO:1000698|out:biolink:has_phenotype:METPO:1000602|out:METPO:2000006:CHEBI:28053
87	00087-41706502-abstract.txt	41706502	strains	strain	AUTO:QZ-Y1T	QZ-Y1T	64:70; 600:606	...ositive bacterium, Paenibacillus hebaui sp. nov. ([[QZ-Y1T]]), was isolated from soil samples in the Qinghai-T...; ...lassification as a novel species. The type strain [[QZ-Y1T]] (=CCTCC AB 2025086T=KCTC 43838T) expands the ecol...				0	0	1									0	
87	00087-41706502-abstract.txt	41706502	strains	strain	AUTO:B22aT	B22aT	252:257	...d 98.67% similarity to Paenibacillus xylanexedens [[B22aT]], whereas genomic comparisons (ANI15 : 0 and iso-C...				0	0	1									0	
87	00087-41706502-abstract.txt	41706502	strains	strain	AUTO:CCTCC%20AB%202025086T	CCTCC AB 2025086T	609:626	...tion as a novel species. The type strain QZ-Y1T (=[[CCTCC AB 2025086T]]=KCTC 43838T) expands the ecological and taxonomic...				0	0	1									0	
87	00087-41706502-abstract.txt	41706502	strains	strain	AUTO:KCTC%2043838T	KCTC 43838T	627:638	...ecies. The type strain QZ-Y1T (=CCTCC AB 2025086T=[[KCTC 43838T]]) expands the ecological and taxonomic diversity o...				0	0	1									0	
88	00088-41700997-abstract.txt	41700997	study_taxa	taxon_candidate	AUTO:Fodinibius%20alkaliphilus	Fodinibius alkaliphilus	1399:1422	...pecies within the genus Fodinibius, with the name [[Fodinibius alkaliphilus]] sp. nov. We also propose the reclassification of ...				0	1	0				NCBITaxon:3140241	NCBITaxon:3140241	Fodinibius alkaliphilus	biolink:OrganismTaxon	name	1	out:biolink:subclass_of:NCBITaxon:1397106
88	00088-41700997-abstract.txt	41700997	study_taxa	taxon_candidate	AUTO:Fodinibius%20halophilus	Fodinibius halophilus	426:447	...nus Fodinibius, showing the highest similarity to [[Fodinibius halophilus]] 2W32T (98.14%). Phylogenomic analysis based on wh...				0	1	0				NCBITaxon:1736908	NCBITaxon:1736908	Fodinibius halophilus	biolink:OrganismTaxon	name	4	in:biolink:subclass_of:kgmicrobe.strain:CICC-23869|in:biolink:subclass_of:kgmicrobe.strain:KCTC-42497|in:biolink:subclass_of:kgmicrobe.strain:bacdive_140832|out:biolink:subclass_of:NCBITaxon:1397106
88	00088-41700997-abstract.txt	41700997	study_taxa	taxon_candidate	AUTO:Alifodinibius%20salipaludis	Alifodinibius salipaludis	1472:1497	"... sp. nov. We also propose the reclassification of [[Alifodinibius salipaludis]] as Fodinibius salipaludis sp. nov.
"				0	1	0									0	
88	00088-41700997-abstract.txt	41700997	study_taxa	taxon_candidate	AUTO:Fodinibius%20salipaludis	Fodinibius salipaludis	1475:1497; 1501:1523	".... nov. We also propose the reclassification of Ali[[fodinibius salipaludis]] as Fodinibius salipaludis sp. nov.
; ... reclassification of Alifodinibius salipaludis as [[Fodinibius salipaludis]] sp. nov.
"				0	1	0				NCBITaxon:2032627	NCBITaxon:2032627	Fodinibius salipaludis	biolink:OrganismTaxon	name	4	out:biolink:subclass_of:NCBITaxon:1397106|in:biolink:subclass_of:kgmicrobe.strain:ACCC-19978|in:biolink:subclass_of:kgmicrobe.strain:KCTC-52855|in:biolink:subclass_of:kgmicrobe.strain:bacdive_166301
88	00088-41700997-abstract.txt	41700997	strains	strain	AUTO:N2T	N2T	104:107; 355:358; 587:590; 672:675; 1295:1298	...ain-negative, strictly aerobic, bacterial strain ([[N2T]]) was isolated from an inland saltern in central P...; ...on 16S rRNA gene sequences indicated that isolate [[N2T]] belongs to the genus Fodinibius, showing the high...; ...ial core gene sets (92 genes), showed that strain [[N2T]] formed a distinct monophyletic lineage within the...; ...lineage within the genus Fodinibius. The cells of [[N2T]] were motile rods that grew at temperatures betwee...; ...c and chemotaxonomic data, we propose that strain [[N2T]] (=KCTC 102228T=MCCC 1K08942T) represents a novel ...				0	0	1									0	
88	00088-41700997-abstract.txt	41700997	strains	strain	AUTO:2W32T	2W32T	448:453	...g the highest similarity to Fodinibius halophilus [[2W32T]] (98.14%). Phylogenomic analysis based on whole ge...				0	0	1									0	
88	00088-41700997-abstract.txt	41700997	strains	strain	AUTO:KCTC%20102228T	KCTC 102228T	1301:1313	...chemotaxonomic data, we propose that strain N2T (=[[KCTC 102228T]]=MCCC 1K08942T) represents a novel species within ...				0	0	1									0	
88	00088-41700997-abstract.txt	41700997	strains	strain	AUTO:MCCC%201K08942T	MCCC 1K08942T	1314:1327	...c data, we propose that strain N2T (=KCTC 102228T=[[MCCC 1K08942T]]) represents a novel species within the genus Fodi...				0	0	1									0	
88	00088-41700997-abstract.txt	41700997	chemical_utilization_object	chemical	AUTO:NaCl	NaCl	834:838; 855:859	...ptimum at pH 9.0) and salinities of 13-20 % (w/v) [[NaCl]] (optimum at 15% NaCl). Cells tested positive for ...; ... salinities of 13-20 % (w/v) NaCl (optimum at 15% [[NaCl]]). Cells tested positive for oxidase and catalase ...	AUTO:N2T	N2T	uses_for_growth	1	0	0	METPO:2000012	uses for growth	label	CHEBI:26710	CHEBI:26710	1% sodium chloride	biolink:ChemicalEntity|biolink:ChemicalSubstance|biolink:SmallMolecule	synonym	2636	out:biolink:subclass_of:CHEBI:36093|out:biolink:subclass_of:CHEBI:38702|out:biolink:related_to:CHEBI:149552|out:biolink:has_chemical_role:CHEBI:149552|out:biolink:related_to:CHEBI:228364
89	00089-40658455-abstract.txt	40658455	study_taxa	taxon_candidate	AUTO:Abditibacteriota	Abditibacteriota	273:289; 393:409	...resources. To date, only one strain of the phylum [[Abditibacteriota]] has been isolated and remains poorly characterize...; ...e isolated strain IAD-21T, a member of the phylum [[Abditibacteriota]], from the bark of Acer palmatum, and its characte...				0	1	0				NCBITaxon:2109258	NCBITaxon:2109258	Abditibacteriota	biolink:OrganismTaxon	name	3	out:biolink:subclass_of:NCBITaxon:3379134|in:biolink:subclass_of:NCBITaxon:2109259|in:biolink:subclass_of:NCBITaxon:2562436
89	00089-40658455-abstract.txt	40658455	study_taxa	taxon_candidate	AUTO:Arboribacterium%20acericorticis	Arboribacterium acericorticis	1552:1581	...c and physiological analyses, we propose the name [[Arboribacterium acericorticis]] gen. nov., sp. nov. (type strain IAD-21T=JCM 3266...				0	1	0									0	
89	00089-40658455-abstract.txt	40658455	study_taxa	taxon_candidate	AUTO:Abditibacteriaceae	Abditibacteriaceae	1676:1694	"... 32665T=DSM 108248T), which belongs to the family [[Abditibacteriaceae]].
"				0	1	0				NCBITaxon:2109261	NCBITaxon:2109261	Abditibacteriaceae	biolink:OrganismTaxon	name	3	out:biolink:subclass_of:NCBITaxon:2109260|in:biolink:subclass_of:NCBITaxon:2109263|in:biolink:subclass_of:NCBITaxon:2800790
89	00089-40658455-abstract.txt	40658455	strains	strain	AUTO:IAD-21T	IAD-21T	361:368; 504:511; 1100:1107; 1183:1190; 1319:1326; 1615:1622	... remains poorly characterized. We isolated strain [[IAD-21T]], a member of the phylum Abditibacteriota, from th...; ...racteristics are described in this report. Strain [[IAD-21T]] is a Gram-negative, oligotrophic, slow-growing, a...; ...A gene and genome sequences revealed that strains [[IAD-21T]] and LMG 29911T were placed in separate clusters. ...; ...d in separate clusters. The genome size of strain [[IAD-21T]] was 7.4 Mb, and it contained a 102 kb plasmid. Th...; ...DNA was 55.05 mol%. The genome sequence of strain [[IAD-21T]] contains genes encoding various carbohydrate-acti...; ...um acericorticis gen. nov., sp. nov. (type strain [[IAD-21T]]=JCM 32665T=DSM 108248T), which belongs to the fam...				0	0	1									0	
89	00089-40658455-abstract.txt	40658455	strains	strain	AUTO:LMG%2029911T	LMG 29911T	867:877; 1112:1122	...his strain and Abditibacterium utsteinense strain [[LMG 29911T]] was 90.83%, and the average amino acid identity a...; ...enome sequences revealed that strains IAD-21T and [[LMG 29911T]] were placed in separate clusters. The genome size...				0	0	1									0	
89	00089-40658455-abstract.txt	40658455	strains	strain	AUTO:JCM%2032665T	JCM 32665T	1623:1633	...corticis gen. nov., sp. nov. (type strain IAD-21T=[[JCM 32665T]]=DSM 108248T), which belongs to the family Abditib...				0	0	1									0	
89	00089-40658455-abstract.txt	40658455	strains	strain	AUTO:DSM%20108248T	DSM 108248T	1634:1645	...n. nov., sp. nov. (type strain IAD-21T=JCM 32665T=[[DSM 108248T]]), which belongs to the family Abditibacteriaceae....				0	0	1									0	
89	00089-40658455-abstract.txt	40658455	chemical_utilization_object	chemical	AUTO:plant%20cell%20wall%20components	plant cell wall components	1450:1476	...hat this strain is involved in the degradation of [[plant cell wall components]]. Based on the phylogenetic and physiological anal...	AUTO:IAD-21T	IAD-21T	degrades	1	0	0	METPO:2000007	degrades	label						0	
89	00089-40658455-abstract.txt	40658455	study_taxa	taxon_candidate	AUTO:Abditibacterium%20utsteinense	Abditibacterium utsteinense	832:859	... gene sequence similarity between this strain and [[Abditibacterium utsteinense]] strain LMG 29911T was 90.83%, and the average ami...				0	1	0				NCBITaxon:1960156	NCBITaxon:1960156	Abditibacterium utsteinense	biolink:OrganismTaxon	name	5	out:biolink:subclass_of:NCBITaxon:2109263|out:METPO:2000517:mediadive.medium:830|in:biolink:subclass_of:kgmicrobe.strain:DSM-105287|in:biolink:subclass_of:kgmicrobe.strain:LMG-29911|in:biolink:subclass_of:kgmicrobe.strain:bacdive_159652
90	00090-40632136-abstract.txt	40632136	study_taxa	taxon_candidate	AUTO:Aestuariibius%20insulae	Aestuariibius insulae	478:499	...t strain 2305UL40-4T shared 97.4% similarity with [[Aestuariibius insulae]] DBTF-13T. The average nucleotide identity value b...				0	1	0				NCBITaxon:2058287	NCBITaxon:2058287	Aestuariibius insulae	biolink:OrganismTaxon	name	4	out:biolink:subclass_of:NCBITaxon:2109360|in:biolink:subclass_of:kgmicrobe.strain:KACC-19432|in:biolink:subclass_of:kgmicrobe.strain:NBRC-113038|in:biolink:subclass_of:kgmicrobe.strain:bacdive_158658
90	00090-40632136-abstract.txt	40632136	study_taxa	taxon_candidate	AUTO:Aestuariibius%20violaceus	Aestuariibius violaceus	1334:1357	...ies within the genus Aestuariibius, with the name [[Aestuariibius violaceus]] sp. nov. The type strain is 2305UL40-4T (=KCCM 43...				0	1	0				NCBITaxon:3234132	NCBITaxon:3234132	Aestuariibius violaceus	biolink:OrganismTaxon	name	1	out:biolink:subclass_of:NCBITaxon:2109360
90	00090-40632136-abstract.txt	40632136	strains	strain	AUTO:2305UL40-4T	2305UL40-4T	37:48; 437:448; 731:742; 1245:1256; 1386:1397	"A novel bacterium, designated strain [[2305UL40-4T]], was isolated from Cellana toreuma (a Korean limp...; ... rRNA gene sequence analysis revealed that strain [[2305UL40-4T]] shared 97.4% similarity with Aestuariibius insula...; ...neation thresholds. The DNA G+C content of strain [[2305UL40-4T]] was 63.8 mol%. The major fatty acids were C16 : 0...; ...hese polyphasic taxonomic characteristics, strain [[2305UL40-4T]] is proposed as a novel species within the genus A...; ...stuariibius violaceus sp. nov. The type strain is [[2305UL40-4T]] (=KCCM 43505T=MCCC 1K09164T).
"				0	0	1									0	
90	00090-40632136-abstract.txt	40632136	strains	strain	AUTO:DBTF-13T	DBTF-13T	500:508	...hared 97.4% similarity with Aestuariibius insulae [[DBTF-13T]]. The average nucleotide identity value between th...				0	0	1									0	
90	00090-40632136-abstract.txt	40632136	strains	strain	AUTO:KCCM%2043505T	KCCM 43505T	1400:1411	"...olaceus sp. nov. The type strain is 2305UL40-4T (=[[KCCM 43505T]]=MCCC 1K09164T).
"				0	0	1									0	
90	00090-40632136-abstract.txt	40632136	strains	strain	AUTO:MCCC%201K09164T	MCCC 1K09164T	1412:1425	"...nov. The type strain is 2305UL40-4T (=KCCM 43505T=[[MCCC 1K09164T]]).
"				0	0	1									0	
90	00090-40632136-abstract.txt	40632136	chemical_utilization_object	chemical	AUTO:d-raffinose	d-raffinose	1149:1160	...differs from A. insulae in its ability to utilize [[d-raffinose]], d-ribose and d-xylose. Based on these polyphasic...	AUTO:2305UL40-4T	2305UL40-4T	uses_for_growth	1	0	0	METPO:2000012	uses for growth	label						0	
90	00090-40632136-abstract.txt	40632136	chemical_utilization_object	chemical	AUTO:d-ribose	d-ribose	1162:1170	...A. insulae in its ability to utilize d-raffinose, [[d-ribose]] and d-xylose. Based on these polyphasic taxonomic...	AUTO:2305UL40-4T	2305UL40-4T	uses_for_growth	1	0	0	METPO:2000012	uses for growth	label	CHEBI:16988	CHEBI:16988|CHEBI:47013|CHEBI:47014	D-ribose	biolink:ChemicalEntity|biolink:SmallMolecule	name	14473	out:biolink:subclass_of:CHEBI:33942|out:biolink:related_to:CHEBI:77746|out:biolink:related_to:CHEBI:78675|out:biolink:related_to:CHEBI:46997|in:biolink:related_to:CHEBI:28816
90	00090-40632136-abstract.txt	40632136	chemical_utilization_object	chemical	AUTO:d-xylose	d-xylose	1175:1183	... its ability to utilize d-raffinose, d-ribose and [[d-xylose]]. Based on these polyphasic taxonomic characterist...	AUTO:2305UL40-4T	2305UL40-4T	uses_for_growth	1	0	0	METPO:2000012	uses for growth	label	CHEBI:65327	CHEBI:65327|CHEBI:53455|CHEBI:15936	D-xylose	biolink:ChemicalEntity|biolink:SmallMolecule	name	12230	out:biolink:subclass_of:CHEBI:18222|out:biolink:related_to:CHEBI:65328|in:biolink:related_to:CHEBI:65328|in:METPO:2000037:kgmicrobe.strain:bacdive_1006|in:METPO:2000037:kgmicrobe.strain:bacdive_10173
91	00091-40720258-abstract.txt	40720258	study_taxa	taxon_candidate	AUTO:Bradyrhizobium	Bradyrhizobium	344:358; 435:449; 669:683; 1127:1141; 1173:1187	...resentative of a major phylotype within the genus [[Bradyrhizobium]], and the phylogenetic analysis of their 16S rRNA ...; ...ysis of their 16S rRNA gene sequences showed that [[Bradyrhizobium]] canariense is their closest relative. Nevertheles...; ...iense and from the remaining species of the genus [[Bradyrhizobium]]. The calculated Average Nucleotide Identity (blas...; ...SSUT18T, SSUT77 and SSUT112 into a new species of [[Bradyrhizobium]], for which we propose the name Bradyrhizobium niv...; ... of Bradyrhizobium, for which we propose the name [[Bradyrhizobium]] nivariense sp. nov. (type strain SSUT18T=CECT 309...				0	1	0				NCBITaxon:374	NCBITaxon:374	Bradyrhizobium	biolink:OrganismTaxon	name	100	in:biolink:subclass_of:NCBITaxon:108015|in:biolink:subclass_of:NCBITaxon:1179767|in:biolink:subclass_of:NCBITaxon:136996|in:biolink:subclass_of:NCBITaxon:1404367|in:biolink:subclass_of:NCBITaxon:1404768
91	00091-40720258-abstract.txt	40720258	study_taxa	taxon_candidate	AUTO:Bradyrhizobium%20canariense	Bradyrhizobium canariense	435:460	...ysis of their 16S rRNA gene sequences showed that [[Bradyrhizobium canariense]] is their closest relative. Nevertheless, the mult...				0	1	0				NCBITaxon:255045	NCBITaxon:255045	Bradyrhizobium canariense	biolink:OrganismTaxon	name	15	out:biolink:subclass_of:NCBITaxon:374|out:METPO:2000517:mediadive.medium:98|out:biolink:has_phenotype:METPO:1000699|out:biolink:has_phenotype:METPO:1000431|out:biolink:has_phenotype:METPO:1000444
91	00091-40720258-abstract.txt	40720258	study_taxa	taxon_candidate	AUTO:Bradyrhizobium%20nivariense	Bradyrhizobium nivariense	1173:1198	... of Bradyrhizobium, for which we propose the name [[Bradyrhizobium nivariense]] sp. nov. (type strain SSUT18T=CECT 30998T=LMG 333...				0	1	0									0	
91	00091-40720258-abstract.txt	40720258	strains	strain	AUTO:SSUT18T	SSUT18T	258:265; 1077:1084; 1221:1228	"...vity in its N-poor soils. Three of these strains, [[SSUT18T]], SSUT77 and SSUT112, are representative of a majo...; ...istics, support the classification of the strains [[SSUT18T]], SSUT77 and SSUT112 into a new species of Bradyrh...; ...e Bradyrhizobium nivariense sp. nov. (type strain [[SSUT18T]]=CECT 30998T=LMG 33353T).
"				0	0	1									0	
91	00091-40720258-abstract.txt	40720258	strains	strain	AUTO:SSUT77	SSUT77	267:273; 1086:1092	...ts N-poor soils. Three of these strains, SSUT18T, [[SSUT77]] and SSUT112, are representative of a major phylot...; ...upport the classification of the strains SSUT18T, [[SSUT77]] and SSUT112 into a new species of Bradyrhizobium,...				0	0	1									0	
91	00091-40720258-abstract.txt	40720258	strains	strain	AUTO:SSUT112	SSUT112	278:285; 1097:1104	...oils. Three of these strains, SSUT18T, SSUT77 and [[SSUT112]], are representative of a major phylotype within t...; ...classification of the strains SSUT18T, SSUT77 and [[SSUT112]] into a new species of Bradyrhizobium, for which w...				0	0	1									0	
92	00092-40643100-abstract.txt	40643100	study_taxa	taxon_candidate	AUTO:Vibrio%20glycogenivorans	Vibrio glycogenivorans	1387:1409	...l species of the genus Vibrio, for which the name [[Vibrio glycogenivorans]] sp. nov. is proposed. The type strain is WXL210T ...				0	1	0									0	
92	00092-40643100-abstract.txt	40643100	study_taxa	taxon_candidate	AUTO:Vibrio%20astriarenae	Vibrio astriarenae	265:283	...na Sea. Strain WXL103 was most closely related to [[Vibrio astriarenae]] JCM 19233T with 97.8% sequence similarity, and WX...				0	1	0				NCBITaxon:1481923	NCBITaxon:1481923	Vibrio astriarenae	biolink:OrganismTaxon	name	10	out:biolink:subclass_of:NCBITaxon:662|out:METPO:2000517:mediadive.medium:514c|out:METPO:2000517:mediadive.medium:J118|out:METPO:2000517:mediadive.medium:514f|out:biolink:has_phenotype:METPO:1000429
92	00092-40643100-abstract.txt	40643100	study_taxa	taxon_candidate	AUTO:Vibrio%20agarivorans	Vibrio agarivorans	634:652	...genus Vibrio, and they formed a close branch with [[Vibrio agarivorans]] CECT 5085T and V. astriarenae JCM 19233T. The gro...				0	1	0				NCBITaxon:153622	NCBITaxon:153622	Vibrio agarivorans	biolink:OrganismTaxon	name	15	out:biolink:subclass_of:NCBITaxon:662|out:METPO:2000517:mediadive.medium:514|out:biolink:has_phenotype:METPO:1000602|out:biolink:has_phenotype:METPO:1000699|in:biolink:subclass_of:kgmicrobe.strain:CCUG-50739
92	00092-40643100-abstract.txt	40643100	strains	strain	AUTO:WXL103	WXL103	121:127; 230:236; 554:560; 717:723; 1041:1047; 1286:1292; 1498:1504	...d flagellated marine bacteria, designated strains [[WXL103]] and WXL210T, were isolated from surface seawater ...; ...ch was collected from the South China Sea. Strain [[WXL103]] was most closely related to Vibrio astriarenae JC...; ...e-copy gene families and whole-genome data placed [[WXL103]] and WXL210T within the genus Vibrio, and they for...; ... V. astriarenae JCM 19233T. The growth of strains [[WXL103]] and WXL210T occurred at 10-42 °C (optimum 28 °C),...; ... ω7c and/or C18 : 1 ω6c). The DNA G+C contents of [[WXL103]] and WXL210T were 48.61 and 48.54 mol%, respective...; ... On the basis of the polyphasic evidence, strains [[WXL103]] and WXL210T are proposed to represent a novel spe...; ...is WXL210T (KCTC 8711T=MCCC 1K09445T), and strain [[WXL103]] is deposited in the culture collection centre wit...				0	0	1									0	
92	00092-40643100-abstract.txt	40643100	strains	strain	AUTO:WXL210T	WXL210T	132:139; 331:338; 565:572; 728:735; 1052:1059; 1297:1304; 1451:1458	...ed marine bacteria, designated strains WXL103 and [[WXL210T]], were isolated from surface seawater which was co...; ...ae JCM 19233T with 97.8% sequence similarity, and [[WXL210T]] was also most closely related to V. astriarenae J...; ... families and whole-genome data placed WXL103 and [[WXL210T]] within the genus Vibrio, and they formed a close ...; ...enae JCM 19233T. The growth of strains WXL103 and [[WXL210T]] occurred at 10-42 °C (optimum 28 °C), at pH 7.0-9...; ... C18 : 1 ω6c). The DNA G+C contents of WXL103 and [[WXL210T]] were 48.61 and 48.54 mol%, respectively. These tw...; ...is of the polyphasic evidence, strains WXL103 and [[WXL210T]] are proposed to represent a novel species of the ...; ...nivorans sp. nov. is proposed. The type strain is [[WXL210T]] (KCTC 8711T=MCCC 1K09445T), and strain WXL103 is ...				0	0	1									0	
92	00092-40643100-abstract.txt	40643100	strains	strain	AUTO:JCM%2019233T	JCM 19233T	284:294; 387:397; 683:693	...03 was most closely related to Vibrio astriarenae [[JCM 19233T]] with 97.8% sequence similarity, and WXL210T was a...; ...T was also most closely related to V. astriarenae [[JCM 19233T]] (97.7% sequence similarity). Phylogenetic analysi...; ... Vibrio agarivorans CECT 5085T and V. astriarenae [[JCM 19233T]]. The growth of strains WXL103 and WXL210T occurre...				0	0	1									0	
92	00092-40643100-abstract.txt	40643100	strains	strain	AUTO:CECT%205085T	CECT 5085T	653:663	...hey formed a close branch with Vibrio agarivorans [[CECT 5085T]] and V. astriarenae JCM 19233T. The growth of stra...				0	0	1									0	
92	00092-40643100-abstract.txt	40643100	strains	strain	AUTO:KCTC%208711T	KCTC 8711T	1460:1470	...sp. nov. is proposed. The type strain is WXL210T ([[KCTC 8711T]]=MCCC 1K09445T), and strain WXL103 is deposited in...				0	0	1									0	
92	00092-40643100-abstract.txt	40643100	strains	strain	AUTO:MCCC%201K09445T	MCCC 1K09445T	1471:1484	... proposed. The type strain is WXL210T (KCTC 8711T=[[MCCC 1K09445T]]), and strain WXL103 is deposited in the culture c...				0	0	1									0	
92	00092-40643100-abstract.txt	40643100	strains	strain	AUTO:KCTC%208767	KCTC 8767	1564:1573	"...ted in the culture collection centre with numbers [[KCTC 8767]] and MCCC 1K09443.
"				0	0	1									0	
92	00092-40643100-abstract.txt	40643100	strains	strain	AUTO:MCCC%201K09443	MCCC 1K09443	1578:1590	"...ture collection centre with numbers KCTC 8767 and [[MCCC 1K09443]].
"				0	0	1									0	
92	00092-40643100-abstract.txt	40643100	chemical_utilization_object	chemical	AUTO:NaCl	NaCl	842:846	...imum 7.0-8.0) and in the presence of 2.5-8% (w/v) [[NaCl]] (optimum 3-4%). The predominant fatty acids (>10%...	AUTO:WXL103	WXL103	requires_for_growth	1	0	0	METPO:2000018	requires for growth	label	CHEBI:26710	CHEBI:26710	1% sodium chloride	biolink:ChemicalEntity|biolink:ChemicalSubstance|biolink:SmallMolecule	synonym	2636	out:biolink:subclass_of:CHEBI:36093|out:biolink:subclass_of:CHEBI:38702|out:biolink:related_to:CHEBI:149552|out:biolink:has_chemical_role:CHEBI:149552|out:biolink:related_to:CHEBI:228364
92	00092-40643100-abstract.txt	40643100	chemical_utilization_object	chemical	AUTO:NaCl	NaCl	842:846	...imum 7.0-8.0) and in the presence of 2.5-8% (w/v) [[NaCl]] (optimum 3-4%). The predominant fatty acids (>10%...	AUTO:WXL210T	WXL210T	requires_for_growth	1	0	0	METPO:2000018	requires for growth	label	CHEBI:26710	CHEBI:26710	1% sodium chloride	biolink:ChemicalEntity|biolink:ChemicalSubstance|biolink:SmallMolecule	synonym	2636	out:biolink:subclass_of:CHEBI:36093|out:biolink:subclass_of:CHEBI:38702|out:biolink:related_to:CHEBI:149552|out:biolink:has_chemical_role:CHEBI:149552|out:biolink:related_to:CHEBI:228364
93	00093-40627528-abstract.txt	40627528	study_taxa	taxon_candidate	AUTO:Methylobacterium%20endophyticum	Methylobacterium endophyticum	1299:1328	...52T represent two novel taxa, for which the names [[Methylobacterium endophyticum]] sp. nov. (type strain sgz302541T=MCCC 1K09625T=KC...				0	1	0									0	
93	00093-40627528-abstract.txt	40627528	study_taxa	taxon_candidate	AUTO:Endoryza%20foliicola	Endoryza foliicola	1392:1410	...e strain sgz302541T=MCCC 1K09625T=KCTC 8981T) and [[Endoryza foliicola]] gen. nov., sp. nov. (type strain sgz302552T (=MCC...				0	1	0									0	
93	00093-40627528-abstract.txt	40627528	strains	strain	AUTO:sgz302541T	sgz302541T	34:44; 306:316; 570:580; 656:666; 884:894; 1075:1085; 1227:1237; 1351:1361	Four endophytic bacterial strains [[sgz302541T]], sgz302542, sgz302552T and sgz302555 were isolate...; ...ins were at 30 °C and pH 7.0 without NaCl. Strain [[sgz302541T]] showed the highest 16S rRNA gene sequence similar...; ...e sequencing revealed that the DNA G+C content of [[sgz302541T]] was 70.3%, and that of sgz302552T was 40.7%. The ...; ...z302552T was 40.7%. The ANI values between strain [[sgz302541T]], sgz302552T and their closest strains were 85.9% ...; ...om 50.5 to 63.9%. The major fatty acids (>10%) of [[sgz302541T]] and sgz302552T were summed feature 8 (C18 : 1 ω7c...; ...ctively. The predominant respiratory quinones for [[sgz302541T]] and sgz302552T were Q-10 and MK-7, respectively. ...; ...nd chemotaxonomic analyses indicated that strains [[sgz302541T]] and sgz302552T represent two novel taxa, for whic...; ...thylobacterium endophyticum sp. nov. (type strain [[sgz302541T]]=MCCC 1K09625T=KCTC 8981T) and Endoryza foliicola ...				0	0	1									0	
93	00093-40627528-abstract.txt	40627528	strains	strain	AUTO:sgz302542	sgz302542	46:55	Four endophytic bacterial strains sgz302541T, [[sgz302542]], sgz302552T and sgz302555 were isolated from the ...				0	0	1									0	
93	00093-40627528-abstract.txt	40627528	strains	strain	AUTO:sgz302552T	sgz302552T	57:67; 430:440; 604:614; 668:678; 764:774; 899:909; 1090:1100; 1242:1252; 1444:1454	...dophytic bacterial strains sgz302541T, sgz302542, [[sgz302552T]] and sgz302555 were isolated from the rice phyllos...; ...bacterium jeotgali S2R03-9T (97.7%), while strain [[sgz302552T]] shared the highest similarity with Paraflavitalea...; ... G+C content of sgz302541T was 70.3%, and that of [[sgz302552T]] was 40.7%. The ANI values between strain sgz30254...; ... 40.7%. The ANI values between strain sgz302541T, [[sgz302552T]] and their closest strains were 85.9% and 71.0%, r...; ...% and 71.0%, respectively. The AAI values between [[sgz302552T]] and all genera within the family Chitinophagaceae...; ...%. The major fatty acids (>10%) of sgz302541T and [[sgz302552T]] were summed feature 8 (C18 : 1 ω7c and/or C18 : 1...; ...edominant respiratory quinones for sgz302541T and [[sgz302552T]] were Q-10 and MK-7, respectively. Physiological, ...; ...ic analyses indicated that strains sgz302541T and [[sgz302552T]] represent two novel taxa, for which the names Met...; ...doryza foliicola gen. nov., sp. nov. (type strain [[sgz302552T]] (=MCCC 1K09627T=KCTC 102381T) are proposed, respe...				0	0	1									0	
93	00093-40627528-abstract.txt	40627528	strains	strain	AUTO:sgz302555	sgz302555	72:81	...ial strains sgz302541T, sgz302542, sgz302552T and [[sgz302555]] were isolated from the rice phyllosphere in Fujia...				0	0	1									0	
93	00093-40627528-abstract.txt	40627528	strains	strain	AUTO:S2R03-9T	S2R03-9T	399:407	... sequence similarity to Methylobacterium jeotgali [[S2R03-9T]] (97.7%), while strain sgz302552T shared the highe...				0	0	1									0	
93	00093-40627528-abstract.txt	40627528	strains	strain	AUTO:5GH32-13T	5GH32-13T	496:505	...d the highest similarity with Paraflavitalea soli [[5GH32-13T]] (96.1%). Genome sequencing revealed that the DNA ...				0	0	1									0	
93	00093-40627528-abstract.txt	40627528	strains	strain	AUTO:MCCC%201K09625T	MCCC 1K09625T	1362:1375	...ium endophyticum sp. nov. (type strain sgz302541T=[[MCCC 1K09625T]]=KCTC 8981T) and Endoryza foliicola gen. nov., sp....				0	0	1									0	
93	00093-40627528-abstract.txt	40627528	strains	strain	AUTO:KCTC%208981T	KCTC 8981T	1376:1386	...um sp. nov. (type strain sgz302541T=MCCC 1K09625T=[[KCTC 8981T]]) and Endoryza foliicola gen. nov., sp. nov. (type...				0	0	1									0	
93	00093-40627528-abstract.txt	40627528	strains	strain	AUTO:MCCC%201K09627T	MCCC 1K09627T	1457:1470	"...ola gen. nov., sp. nov. (type strain sgz302552T (=[[MCCC 1K09627T]]=KCTC 102381T) are proposed, respectively.
"				0	0	1									0	
93	00093-40627528-abstract.txt	40627528	strains	strain	AUTO:KCTC%20102381T	KCTC 102381T	1471:1483	"... sp. nov. (type strain sgz302552T (=MCCC 1K09627T=[[KCTC 102381T]]) are proposed, respectively.
"				0	0	1									0	
94	00094-40637718-abstract.txt	40637718	study_taxa	taxon_candidate	AUTO:Bartonella%20bennetti	Bartonella bennetti	113:132	...re haemoparasites of mammals. Herein, we describe [[Bartonella bennetti]] sp. nov., a novel member of the genus, isolated f...				0	1	0									0	
94	00094-40637718-abstract.txt	40637718	study_taxa	taxon_candidate	AUTO:Bartonella%20genus	Bartonella genus	1092:1108	...like configuration not previously observed in the [[Bartonella genus]]. This integration could facilitate large-scale ch...				0	1	0									0	
94	00094-40637718-abstract.txt	40637718	strains	strain	AUTO:C271T	C271T	287:292; 476:481; 576:581; 2004:2009	"...UK. Polyphasic characterization of three strains ([[C271T]], D105 and J117) of the proposed species indicated...; ...us. The average nucleotide identity (ANI) between [[C271T]] and other L3 species ranged between 88.8 and 90.6...; ... 90.6%, supporting the proposal of a new species. [[C271T]] shared ANIs approaching 96% with other members of...; ...ogens. The type strain of B. bennetti sp. nov. is [[C271T]] (CSUR B1113T, NCTC 15117T).
"				0	0	1									0	
94	00094-40637718-abstract.txt	40637718	strains	strain	AUTO:D105	D105	294:298	...yphasic characterization of three strains (C271T, [[D105]] and J117) of the proposed species indicated that ...				0	0	1									0	
94	00094-40637718-abstract.txt	40637718	strains	strain	AUTO:J117	J117	303:307	...haracterization of three strains (C271T, D105 and [[J117]]) of the proposed species indicated that they were...				0	0	1									0	
94	00094-40637718-abstract.txt	40637718	strains	strain	AUTO:CSUR%20B1113T	CSUR B1113T	2011:2022	"...The type strain of B. bennetti sp. nov. is C271T ([[CSUR B1113T]], NCTC 15117T).
"				0	0	1									0	
94	00094-40637718-abstract.txt	40637718	strains	strain	AUTO:NCTC%2015117T	NCTC 15117T	2024:2035	"...in of B. bennetti sp. nov. is C271T (CSUR B1113T, [[NCTC 15117T]]).
"				0	0	1									0	
95	00095-40632141-abstract.txt	40632141	study_taxa	taxon_candidate	AUTO:Occallatibacter%20bavaricus	Occallatibacter bavaricus	1303:1328	...d chemotaxonomic data, we propose the new species [[Occallatibacter bavaricus]] sp. nov. (type strain JP12T=DSM 110680T=CECT 3026...				0	1	0									0	
95	00095-40632141-abstract.txt	40632141	study_taxa	taxon_candidate	AUTO:Terracidiphilus%20gabretensis	Terracidiphilus gabretensis	1165:1192; 1469:1496	"...radus TPB6017T, Occallatibacter riparius 277T and [[Terracidiphilus gabretensis]] S55T, respectively. Based on the phenotypic, phyl...; ...globales. We also propose the reclassification of [[Terracidiphilus gabretensis]] as Occallatibacter gabretensis comb. nov.
"				0	1	0				NCBITaxon:1577687	NCBITaxon:1577687	Terracidiphilus gabretensis	biolink:OrganismTaxon	name	7	out:biolink:subclass_of:NCBITaxon:1768185|out:METPO:2000517:mediadive.medium:1266a|out:biolink:has_phenotype:METPO:1000431|in:biolink:subclass_of:kgmicrobe.strain:CECT-8791|in:biolink:subclass_of:kgmicrobe.strain:DSM-100509
95	00095-40632141-abstract.txt	40632141	study_taxa	taxon_candidate	AUTO:Occallatibacter%20savannae	Occallatibacter savannae	1067:1091	...rain JP12T in the vicinity of the type strains of [[Occallatibacter savannae]] A2-1cT, Telmatobacter bradus TPB6017T, Occallatib...				0	1	0				NCBITaxon:1002691	NCBITaxon:1002691	Occallatibacter savannae	biolink:OrganismTaxon	name	27	out:biolink:subclass_of:NCBITaxon:1742983|out:METPO:2000517:mediadive.medium:1426|out:biolink:has_phenotype:METPO:1000449|out:biolink:has_phenotype:METPO:1000888|out:biolink:has_phenotype:METPO:1000455
95	00095-40632141-abstract.txt	40632141	study_taxa	taxon_candidate	AUTO:Telmatobacter%20bradus	Telmatobacter bradus	1100:1120	... type strains of Occallatibacter savannae A2-1cT, [[Telmatobacter bradus]] TPB6017T, Occallatibacter riparius 277T and Terra...				0	1	0				NCBITaxon:474953	NCBITaxon:474953	Telmatobacter bradus	biolink:OrganismTaxon	name	54	out:biolink:subclass_of:NCBITaxon:1078829|out:METPO:2000517:mediadive.medium:830|out:METPO:2000006:CHEBI:17234|out:METPO:2000006:CHEBI:17057|out:METPO:2000006:CHEBI:16634
95	00095-40632141-abstract.txt	40632141	study_taxa	taxon_candidate	AUTO:Occallatibacter%20riparius	Occallatibacter riparius	1131:1155	...r savannae A2-1cT, Telmatobacter bradus TPB6017T, [[Occallatibacter riparius]] 277T and Terracidiphilus gabretensis S55T, respec...				0	1	0				NCBITaxon:1002689	NCBITaxon:1002689	Occallatibacter riparius	biolink:OrganismTaxon	name	34	out:biolink:subclass_of:NCBITaxon:1742983|out:METPO:2000517:mediadive.medium:1426|out:biolink:has_phenotype:METPO:1000699|out:biolink:has_phenotype:METPO:1000459|out:biolink:has_phenotype:METPO:1000431
95	00095-40632141-abstract.txt	40632141	study_taxa	taxon_candidate	AUTO:Terriglobales	Terriglobales	52:65; 1414:1427	...e acidobacterial strain JP12T affiliated with the [[Terriglobales]] has been isolated from fen soil sampled at Schlöp...; ...680T=CECT 30267T) within the acidobacterial order [[Terriglobales]]. We also propose the reclassification of Terracid...				0	1	0				NCBITaxon:204433	NCBITaxon:204433	Terriglobales	biolink:OrganismTaxon	name	5	in:biolink:subclass_of:NCBITaxon:204434|in:biolink:subclass_of:NCBITaxon:124728|in:biolink:subclass_of:NCBITaxon:1803467|out:biolink:subclass_of:NCBITaxon:204432|in:biolink:subclass_of:NCBITaxon:3121618
95	00095-40632141-abstract.txt	40632141	strains	strain	AUTO:JP12T	JP12T	26:31; 314:319; 577:582; 928:933; 1022:1027; 1351:1356	The acidobacterial strain [[JP12T]] affiliated with the Terriglobales has been isolat...; ... and segregate exopolysaccharide-like structures. [[JP12T]] grew at temperatures of 4-40 °C (best between 24 ...; ...tory quinone. The major fatty acids of the strain [[JP12T]] were iso-C15:0, C16:0, iso-C17:1 ω7c, iso-C17:0 a...; ...d in small amounts. The G+C content of the strain [[JP12T]] was 56.4 mol%. 16S rRNA gene sequence similarity ...; ...similarity values of 96.1-96.7% placed the strain [[JP12T]] in the vicinity of the type strains of Occallatib...; ...s Occallatibacter bavaricus sp. nov. (type strain [[JP12T]]=DSM 110680T=CECT 30267T) within the acidobacteria...				0	0	1									0	
95	00095-40632141-abstract.txt	40632141	strains	strain	AUTO:A2-1cT	A2-1cT	1092:1098	...y of the type strains of Occallatibacter savannae [[A2-1cT]], Telmatobacter bradus TPB6017T, Occallatibacter r...				0	0	1									0	
95	00095-40632141-abstract.txt	40632141	strains	strain	AUTO:TPB6017T	TPB6017T	1121:1129	...llatibacter savannae A2-1cT, Telmatobacter bradus [[TPB6017T]], Occallatibacter riparius 277T and Terracidiphilu...				0	0	1									0	
95	00095-40632141-abstract.txt	40632141	strains	strain	AUTO:277T	277T	1156:1160	...obacter bradus TPB6017T, Occallatibacter riparius [[277T]] and Terracidiphilus gabretensis S55T, respectivel...				0	0	1									0	
95	00095-40632141-abstract.txt	40632141	strains	strain	AUTO:S55T	S55T	1193:1197	...ter riparius 277T and Terracidiphilus gabretensis [[S55T]], respectively. Based on the phenotypic, phylogene...				0	0	1									0	
95	00095-40632141-abstract.txt	40632141	strains	strain	AUTO:DSM%20110680T	DSM 110680T	1357:1368	...llatibacter bavaricus sp. nov. (type strain JP12T=[[DSM 110680T]]=CECT 30267T) within the acidobacterial order Terr...				0	0	1									0	
95	00095-40632141-abstract.txt	40632141	strains	strain	AUTO:CECT%2030267T	CECT 30267T	1369:1380	...bavaricus sp. nov. (type strain JP12T=DSM 110680T=[[CECT 30267T]]) within the acidobacterial order Terriglobales. W...				0	0	1									0	
95	00095-40632141-abstract.txt	40632141	chemical_utilization_object	chemical	AUTO:NaCl	NaCl	439:443	...lues of 3.7-6.0 (best between 4.1 and 5.6) and at [[NaCl]] concentrations of 0-0.5% (best 0.25%, w/v).MK-8 w...	AUTO:JP12T	JP12T	tolerates	1	0	0	METPO:2000064	tolerates	label	CHEBI:26710	CHEBI:26710	1% sodium chloride	biolink:ChemicalEntity|biolink:ChemicalSubstance|biolink:SmallMolecule	synonym	2636	out:biolink:subclass_of:CHEBI:36093|out:biolink:subclass_of:CHEBI:38702|out:biolink:related_to:CHEBI:149552|out:biolink:has_chemical_role:CHEBI:149552|out:biolink:related_to:CHEBI:228364
96	00096-40577042-abstract.txt	40577042	study_taxa	taxon_candidate	AUTO:Variovorax	Variovorax	404:414; 455:465; 492:502; 526:536; 1158:1168; 1212:1222; 1287:1297; 1355:1365; 1422:1432; 1488:1498; 1558:1568; 1625:1635; 1703:1713	...equences indicated their affiliation to the genus [[Variovorax]], with 98.8-99.6% sequence similarity to Variovora...; ...ariovorax, with 98.8-99.6% sequence similarity to [[Variovorax]] ginsengisoli Gsoil 3165T, Variovorax ureilyticus ...; ...imilarity to Variovorax ginsengisoli Gsoil 3165T, [[Variovorax]] ureilyticus UCM-2T and Variovorax humicola UC38T....; ...li Gsoil 3165T, Variovorax ureilyticus UCM-2T and [[Variovorax]] humicola UC38T. Phylogenomic analysis demonstrate...; ...strains comprise 8 novel species within the genus [[Variovorax]], for which we propose the following names: Variov...; ...ovorax, for which we propose the following names: [[Variovorax]] arabinosiphilus sp. nov. (J2L1-78T=CGMCC 1.60704T...; ...s sp. nov. (J2L1-78T=CGMCC 1.60704T=KACC 23365T), [[Variovorax]] flavidus sp. nov. (J2P1-59T=CGMCC 1.60707T=KACC 2...; ...s sp. nov. (J2P1-59T=CGMCC 1.60707T=KACC 23366T), [[Variovorax]] gracilis sp. nov. (J22R24T=CGMCC 1.61001T=KACC 23...; ...is sp. nov. (J22R24T=CGMCC 1.61001T=KACC 23367T), [[Variovorax]] brevis sp. nov. (J22R133T=CGMCC 1.61263T=KACC 233...; ...s sp. nov. (J22R133T=CGMCC 1.61263T=KACC 23368T), [[Variovorax]] jilinensis sp. nov. (J22P168T=CGMCC 1.64555T=KACC...; ...s sp. nov. (J22P168T=CGMCC 1.64555T=KACC 23372T), [[Variovorax]] davisae sp. nov. (J22P271T=CGMCC 1.64593T=KACC 23...; ...e sp. nov. (J22P271T=CGMCC 1.64593T=KACC 23373T), [[Variovorax]] saccharolyticus sp. nov. (J22R187T=CGMCC 1.64629T...; ...p. nov. (J22R187T=CGMCC 1.64629T=KACC 23374T) and [[Variovorax]] fucosicus sp. nov. (J22R193T=CGMCC 1.64631T=KACC ...				0	1	0				NCBITaxon:34072	NCBITaxon:34072	Variovorax	biolink:OrganismTaxon	name	19	in:biolink:subclass_of:NCBITaxon:1679495|in:biolink:subclass_of:NCBITaxon:1769758|in:biolink:subclass_of:NCBITaxon:1775474|in:biolink:subclass_of:NCBITaxon:2496117|in:biolink:subclass_of:NCBITaxon:34073
96	00096-40577042-abstract.txt	40577042	study_taxa	taxon_candidate	AUTO:Variovorax%20arabinosiphilus	Variovorax arabinosiphilus	1212:1238	...ovorax, for which we propose the following names: [[Variovorax arabinosiphilus]] sp. nov. (J2L1-78T=CGMCC 1.60704T=KACC 23365T), V...				0	1	0									0	
96	00096-40577042-abstract.txt	40577042	study_taxa	taxon_candidate	AUTO:Variovorax%20flavidus	Variovorax flavidus	1287:1306	...s sp. nov. (J2L1-78T=CGMCC 1.60704T=KACC 23365T), [[Variovorax flavidus]] sp. nov. (J2P1-59T=CGMCC 1.60707T=KACC 23366T), V...				0	1	0									0	
96	00096-40577042-abstract.txt	40577042	study_taxa	taxon_candidate	AUTO:Variovorax%20gracilis	Variovorax gracilis	1355:1374	...s sp. nov. (J2P1-59T=CGMCC 1.60707T=KACC 23366T), [[Variovorax gracilis]] sp. nov. (J22R24T=CGMCC 1.61001T=KACC 23367T), Va...				0	1	0									0	
96	00096-40577042-abstract.txt	40577042	study_taxa	taxon_candidate	AUTO:Variovorax%20brevis	Variovorax brevis	1422:1439	...is sp. nov. (J22R24T=CGMCC 1.61001T=KACC 23367T), [[Variovorax brevis]] sp. nov. (J22R133T=CGMCC 1.61263T=KACC 23368T), V...				0	1	0									0	
96	00096-40577042-abstract.txt	40577042	study_taxa	taxon_candidate	AUTO:Variovorax%20jilinensis	Variovorax jilinensis	1488:1509	...s sp. nov. (J22R133T=CGMCC 1.61263T=KACC 23368T), [[Variovorax jilinensis]] sp. nov. (J22P168T=CGMCC 1.64555T=KACC 23372T), V...				0	1	0									0	
96	00096-40577042-abstract.txt	40577042	study_taxa	taxon_candidate	AUTO:Variovorax%20davisae	Variovorax davisae	1558:1576	...s sp. nov. (J22P168T=CGMCC 1.64555T=KACC 23372T), [[Variovorax davisae]] sp. nov. (J22P271T=CGMCC 1.64593T=KACC 23373T), V...				0	1	0									0	
96	00096-40577042-abstract.txt	40577042	study_taxa	taxon_candidate	AUTO:Variovorax%20saccharolyticus	Variovorax saccharolyticus	1625:1651	...e sp. nov. (J22P271T=CGMCC 1.64593T=KACC 23373T), [[Variovorax saccharolyticus]] sp. nov. (J22R187T=CGMCC 1.64629T=KACC 23374T) an...				0	1	0									0	
96	00096-40577042-abstract.txt	40577042	study_taxa	taxon_candidate	AUTO:Variovorax%20fucosicus	Variovorax fucosicus	1703:1723	"...p. nov. (J22R187T=CGMCC 1.64629T=KACC 23374T) and [[Variovorax fucosicus]] sp. nov. (J22R193T=CGMCC 1.64631T=KACC 23375T).
"				0	1	0									0	
96	00096-40577042-abstract.txt	40577042	strains	strain	AUTO:J2L1-78T	J2L1-78T	25:33; 1249:1257	Thirteen novel strains - [[J2L1-78T]], J2P1-59T, J22R24T, J22R133T, J22P168T, J22P271T,...; ...owing names: Variovorax arabinosiphilus sp. nov. ([[J2L1-78T]]=CGMCC 1.60704T=KACC 23365T), Variovorax flavidus ...				0	0	1									0	
96	00096-40577042-abstract.txt	40577042	strains	strain	AUTO:J2P1-59T	J2P1-59T	35:43; 1317:1325	Thirteen novel strains - J2L1-78T, [[J2P1-59T]], J22R24T, J22R133T, J22P168T, J22P271T, J22R187T,...; ...0704T=KACC 23365T), Variovorax flavidus sp. nov. ([[J2P1-59T]]=CGMCC 1.60707T=KACC 23366T), Variovorax gracilis ...				0	0	1									0	
96	00096-40577042-abstract.txt	40577042	strains	strain	AUTO:J22R24T	J22R24T	45:52; 1385:1392	Thirteen novel strains - J2L1-78T, J2P1-59T, [[J22R24T]], J22R133T, J22P168T, J22P271T, J22R187T, J22R193T...; ...0707T=KACC 23366T), Variovorax gracilis sp. nov. ([[J22R24T]]=CGMCC 1.61001T=KACC 23367T), Variovorax brevis sp...				0	0	1									0	
96	00096-40577042-abstract.txt	40577042	strains	strain	AUTO:J22R133T	J22R133T	54:62; 1450:1458	...teen novel strains - J2L1-78T, J2P1-59T, J22R24T, [[J22R133T]], J22P168T, J22P271T, J22R187T, J22R193T, J2L1-63,...; ....61001T=KACC 23367T), Variovorax brevis sp. nov. ([[J22R133T]]=CGMCC 1.61263T=KACC 23368T), Variovorax jilinensi...				0	0	1									0	
96	00096-40577042-abstract.txt	40577042	strains	strain	AUTO:J22P168T	J22P168T	64:72; 1520:1528	... strains - J2L1-78T, J2P1-59T, J22R24T, J22R133T, [[J22P168T]], J22P271T, J22R187T, J22R193T, J2L1-63, J2R1-6, J...; ...63T=KACC 23368T), Variovorax jilinensis sp. nov. ([[J22P168T]]=CGMCC 1.64555T=KACC 23372T), Variovorax davisae s...				0	0	1									0	
96	00096-40577042-abstract.txt	40577042	strains	strain	AUTO:J22P271T	J22P271T	74:82; 1587:1595	... J2L1-78T, J2P1-59T, J22R24T, J22R133T, J22P168T, [[J22P271T]], J22R187T, J22R193T, J2L1-63, J2R1-6, J22G21, J22...; ...64555T=KACC 23372T), Variovorax davisae sp. nov. ([[J22P271T]]=CGMCC 1.64593T=KACC 23373T), Variovorax saccharol...				0	0	1									0	
96	00096-40577042-abstract.txt	40577042	strains	strain	AUTO:J22R187T	J22R187T	84:92; 1662:1670	... J2P1-59T, J22R24T, J22R133T, J22P168T, J22P271T, [[J22R187T]], J22R193T, J2L1-63, J2R1-6, J22G21, J22G47, and J...; ...ACC 23373T), Variovorax saccharolyticus sp. nov. ([[J22R187T]]=CGMCC 1.64629T=KACC 23374T) and Variovorax fucosi...				0	0	1									0	
96	00096-40577042-abstract.txt	40577042	strains	strain	AUTO:J22R193T	J22R193T	94:102; 1734:1742	"... J22R24T, J22R133T, J22P168T, J22P271T, J22R187T, [[J22R193T]], J2L1-63, J2R1-6, J22G21, J22G47, and J31P216 - w...; ...T=KACC 23374T) and Variovorax fucosicus sp. nov. ([[J22R193T]]=CGMCC 1.64631T=KACC 23375T).
"				0	0	1									0	
96	00096-40577042-abstract.txt	40577042	strains	strain	AUTO:J2L1-63	J2L1-63	104:111	...J22R133T, J22P168T, J22P271T, J22R187T, J22R193T, [[J2L1-63]], J2R1-6, J22G21, J22G47, and J31P216 - were isola...				0	0	1									0	
96	00096-40577042-abstract.txt	40577042	strains	strain	AUTO:J2R1-6	J2R1-6	113:119	... J22P168T, J22P271T, J22R187T, J22R193T, J2L1-63, [[J2R1-6]], J22G21, J22G47, and J31P216 - were isolated from...				0	0	1									0	
96	00096-40577042-abstract.txt	40577042	strains	strain	AUTO:J22G21	J22G21	121:127	...T, J22P271T, J22R187T, J22R193T, J2L1-63, J2R1-6, [[J22G21]], J22G47, and J31P216 - were isolated from the rhi...				0	0	1									0	
96	00096-40577042-abstract.txt	40577042	strains	strain	AUTO:J22G47	J22G47	129:135	...71T, J22R187T, J22R193T, J2L1-63, J2R1-6, J22G21, [[J22G47]], and J31P216 - were isolated from the rhizosphere...				0	0	1									0	
96	00096-40577042-abstract.txt	40577042	strains	strain	AUTO:J31P216	J31P216	141:148	...T, J22R193T, J2L1-63, J2R1-6, J22G21, J22G47, and [[J31P216]] - were isolated from the rhizosphere of 20-year-o...				0	0	1									0	
96	00096-40577042-abstract.txt	40577042	strains	strain	AUTO:Gsoil%203165T	Gsoil 3165T	479:490	...6% sequence similarity to Variovorax ginsengisoli [[Gsoil 3165T]], Variovorax ureilyticus UCM-2T and Variovorax hum...				0	0	1									0	
96	00096-40577042-abstract.txt	40577042	strains	strain	AUTO:UCM-2T	UCM-2T	515:521	... ginsengisoli Gsoil 3165T, Variovorax ureilyticus [[UCM-2T]] and Variovorax humicola UC38T. Phylogenomic analy...				0	0	1									0	
96	00096-40577042-abstract.txt	40577042	strains	strain	AUTO:UC38T	UC38T	546:551	...ovorax ureilyticus UCM-2T and Variovorax humicola [[UC38T]]. Phylogenomic analysis demonstrated their distinc...				0	0	1									0	
96	00096-40577042-abstract.txt	40577042	strains	strain	AUTO:CGMCC%201.60704T	CGMCC 1.60704T	1258:1272	...es: Variovorax arabinosiphilus sp. nov. (J2L1-78T=[[CGMCC 1.60704T]]=KACC 23365T), Variovorax flavidus sp. nov. (J2P1-...				0	0	1									0	
96	00096-40577042-abstract.txt	40577042	strains	strain	AUTO:KACC%2023365T	KACC 23365T	1273:1284	...arabinosiphilus sp. nov. (J2L1-78T=CGMCC 1.60704T=[[KACC 23365T]]), Variovorax flavidus sp. nov. (J2P1-59T=CGMCC 1....				0	0	1									0	
96	00096-40577042-abstract.txt	40577042	strains	strain	AUTO:CGMCC%201.60707T	CGMCC 1.60707T	1326:1340	...C 23365T), Variovorax flavidus sp. nov. (J2P1-59T=[[CGMCC 1.60707T]]=KACC 23366T), Variovorax gracilis sp. nov. (J22R2...				0	0	1									0	
96	00096-40577042-abstract.txt	40577042	strains	strain	AUTO:KACC%2023366T	KACC 23366T	1341:1352	...ovorax flavidus sp. nov. (J2P1-59T=CGMCC 1.60707T=[[KACC 23366T]]), Variovorax gracilis sp. nov. (J22R24T=CGMCC 1.6...				0	0	1									0	
96	00096-40577042-abstract.txt	40577042	strains	strain	AUTO:CGMCC%201.61001T	CGMCC 1.61001T	1393:1407	...CC 23366T), Variovorax gracilis sp. nov. (J22R24T=[[CGMCC 1.61001T]]=KACC 23367T), Variovorax brevis sp. nov. (J22R133...				0	0	1									0	
96	00096-40577042-abstract.txt	40577042	strains	strain	AUTO:KACC%2023367T	KACC 23367T	1408:1419	...iovorax gracilis sp. nov. (J22R24T=CGMCC 1.61001T=[[KACC 23367T]]), Variovorax brevis sp. nov. (J22R133T=CGMCC 1.61...				0	0	1									0	
96	00096-40577042-abstract.txt	40577042	strains	strain	AUTO:CGMCC%201.61263T	CGMCC 1.61263T	1459:1473	...ACC 23367T), Variovorax brevis sp. nov. (J22R133T=[[CGMCC 1.61263T]]=KACC 23368T), Variovorax jilinensis sp. nov. (J22...				0	0	1									0	
96	00096-40577042-abstract.txt	40577042	strains	strain	AUTO:KACC%2023368T	KACC 23368T	1474:1485	...riovorax brevis sp. nov. (J22R133T=CGMCC 1.61263T=[[KACC 23368T]]), Variovorax jilinensis sp. nov. (J22P168T=CGMCC ...				0	0	1									0	
96	00096-40577042-abstract.txt	40577042	strains	strain	AUTO:CGMCC%201.64555T	CGMCC 1.64555T	1529:1543	...23368T), Variovorax jilinensis sp. nov. (J22P168T=[[CGMCC 1.64555T]]=KACC 23372T), Variovorax davisae sp. nov. (J22P27...				0	0	1									0	
96	00096-40577042-abstract.txt	40577042	strains	strain	AUTO:KACC%2023372T	KACC 23372T	1544:1555	...orax jilinensis sp. nov. (J22P168T=CGMCC 1.64555T=[[KACC 23372T]]), Variovorax davisae sp. nov. (J22P271T=CGMCC 1.6...				0	0	1									0	
96	00096-40577042-abstract.txt	40577042	strains	strain	AUTO:CGMCC%201.64593T	CGMCC 1.64593T	1596:1610	...CC 23372T), Variovorax davisae sp. nov. (J22P271T=[[CGMCC 1.64593T]]=KACC 23373T), Variovorax saccharolyticus sp. nov....				0	0	1									0	
96	00096-40577042-abstract.txt	40577042	strains	strain	AUTO:KACC%2023373T	KACC 23373T	1611:1622	...iovorax davisae sp. nov. (J22P271T=CGMCC 1.64593T=[[KACC 23373T]]), Variovorax saccharolyticus sp. nov. (J22R187T=C...				0	0	1									0	
96	00096-40577042-abstract.txt	40577042	strains	strain	AUTO:CGMCC%201.64629T	CGMCC 1.64629T	1671:1685	...T), Variovorax saccharolyticus sp. nov. (J22R187T=[[CGMCC 1.64629T]]=KACC 23374T) and Variovorax fucosicus sp. nov. (J...				0	0	1									0	
96	00096-40577042-abstract.txt	40577042	strains	strain	AUTO:KACC%2023374T	KACC 23374T	1686:1697	...saccharolyticus sp. nov. (J22R187T=CGMCC 1.64629T=[[KACC 23374T]]) and Variovorax fucosicus sp. nov. (J22R193T=CGMC...				0	0	1									0	
96	00096-40577042-abstract.txt	40577042	strains	strain	AUTO:CGMCC%201.64631T	CGMCC 1.64631T	1743:1757	"...374T) and Variovorax fucosicus sp. nov. (J22R193T=[[CGMCC 1.64631T]]=KACC 23375T).
"				0	0	1									0	
96	00096-40577042-abstract.txt	40577042	strains	strain	AUTO:KACC%2023375T	KACC 23375T	1758:1769	"...vorax fucosicus sp. nov. (J22R193T=CGMCC 1.64631T=[[KACC 23375T]]).
"				0	0	1									0	
97	00097-40577047-abstract.txt	40577047	study_taxa	taxon_candidate	AUTO:Dryocola%20mayonis	Dryocola mayonis	1366:1382	...dings, a formal description of three new species, [[Dryocola mayonis]] sp. nov. (type strain BD586T=TSD 474T, =NCTC 1508...				0	1	0									0	
97	00097-40577047-abstract.txt	40577047	study_taxa	taxon_candidate	AUTO:Dryocola%20sharpae	Dryocola sharpae	1451:1467	...ain BD586T=TSD 474T, =NCTC 15089T, =DSM 119465T), [[Dryocola sharpae]] sp. nov. (type strain BD613T=TSD 475T, =NCTC 1509...				0	1	0									0	
97	00097-40577047-abstract.txt	40577047	study_taxa	taxon_candidate	AUTO:Dryocola%20baronae	Dryocola baronae	1539:1555	... BD613T=TSD 475T, =NCTC 15090T, =DSM 119466T) and [[Dryocola baronae]] sp. nov. (type strain BD626T=TSD 476T, =NCTC 1509...				0	1	0									0	
97	00097-40577047-abstract.txt	40577047	strains	strain	AUTO:BD586T	BD586T	71:77; 1108:1114; 1405:1411	...aracterized bacterial species, designated strains [[BD586T]], BD613T and BD626T, isolated from human clinical ...; ...n comparisons. Results confirmed the placement of [[BD586T]], BD613T and BD626T within the recently establishe...; ...w species, Dryocola mayonis sp. nov. (type strain [[BD586T]]=TSD 474T, =NCTC 15089T, =DSM 119465T), Dryocola s...				0	0	1									0	
97	00097-40577047-abstract.txt	40577047	strains	strain	AUTO:BD613T	BD613T	79:85; 598:604; 1116:1122; 1490:1496	...zed bacterial species, designated strains BD586T, [[BD613T]] and BD626T, isolated from human clinical specimen...; ..., occurring singly, in pairs and in short chains; [[BD613T]] additionally formed small aggregates. The isolate...; ...isons. Results confirmed the placement of BD586T, [[BD613T]] and BD626T within the recently established Dryoco...; ... 119465T), Dryocola sharpae sp. nov. (type strain [[BD613T]]=TSD 475T, =NCTC 15090T, =DSM 119466T) and Dryocol...				0	0	1									0	
97	00097-40577047-abstract.txt	40577047	strains	strain	AUTO:BD626T	BD626T	90:96; 1127:1133; 1578:1584	...al species, designated strains BD586T, BD613T and [[BD626T]], isolated from human clinical specimens, were ide...; ...lts confirmed the placement of BD586T, BD613T and [[BD626T]] within the recently established Dryocola genus, w...; ...9466T) and Dryocola baronae sp. nov. (type strain [[BD626T]]=TSD 476T, =NCTC 15091T, =DSM 119479T), is propose...				0	0	1									0	
97	00097-40577047-abstract.txt	40577047	strains	strain	AUTO:TSD%20474T	TSD 474T	1412:1420	...es, Dryocola mayonis sp. nov. (type strain BD586T=[[TSD 474T]], =NCTC 15089T, =DSM 119465T), Dryocola sharpae sp...				0	0	1									0	
97	00097-40577047-abstract.txt	40577047	strains	strain	AUTO:NCTC%2015089T	NCTC 15089T	1423:1434	...a mayonis sp. nov. (type strain BD586T=TSD 474T, =[[NCTC 15089T]], =DSM 119465T), Dryocola sharpae sp. nov. (type s...				0	0	1									0	
97	00097-40577047-abstract.txt	40577047	strains	strain	AUTO:DSM%20119465T	DSM 119465T	1437:1448	...nov. (type strain BD586T=TSD 474T, =NCTC 15089T, =[[DSM 119465T]]), Dryocola sharpae sp. nov. (type strain BD613T=T...				0	0	1									0	
97	00097-40577047-abstract.txt	40577047	strains	strain	AUTO:TSD%20475T	TSD 475T	1497:1505	...T), Dryocola sharpae sp. nov. (type strain BD613T=[[TSD 475T]], =NCTC 15090T, =DSM 119466T) and Dryocola baronae...				0	0	1									0	
97	00097-40577047-abstract.txt	40577047	strains	strain	AUTO:NCTC%2015090T	NCTC 15090T	1508:1519	...a sharpae sp. nov. (type strain BD613T=TSD 475T, =[[NCTC 15090T]], =DSM 119466T) and Dryocola baronae sp. nov. (typ...				0	0	1									0	
97	00097-40577047-abstract.txt	40577047	strains	strain	AUTO:DSM%20119466T	DSM 119466T	1522:1533	...nov. (type strain BD613T=TSD 475T, =NCTC 15090T, =[[DSM 119466T]]) and Dryocola baronae sp. nov. (type strain BD626...				0	0	1									0	
97	00097-40577047-abstract.txt	40577047	strains	strain	AUTO:TSD%20476T	TSD 476T	1585:1593	...and Dryocola baronae sp. nov. (type strain BD626T=[[TSD 476T]], =NCTC 15091T, =DSM 119479T), is proposed, and th...				0	0	1									0	
97	00097-40577047-abstract.txt	40577047	strains	strain	AUTO:NCTC%2015091T	NCTC 15091T	1596:1607	...a baronae sp. nov. (type strain BD626T=TSD 476T, =[[NCTC 15091T]], =DSM 119479T), is proposed, and the genus descri...				0	0	1									0	
97	00097-40577047-abstract.txt	40577047	strains	strain	AUTO:DSM%20119479T	DSM 119479T	1610:1621	...nov. (type strain BD626T=TSD 476T, =NCTC 15091T, =[[DSM 119479T]]), is proposed, and the genus description of Dryoc...				0	0	1									0	
97	00097-40577047-abstract.txt	40577047	chemical_utilization_object	chemical	AUTO:NaCl	NaCl	885:889	...CO₂-enriched conditions, as well as in media with [[NaCl]] concentrations up to 10% and at pH 7-9. Phylogene...	AUTO:BD586T	BD586T	tolerates	1	0	0	METPO:2000064	tolerates	label	CHEBI:26710	CHEBI:26710	1% sodium chloride	biolink:ChemicalEntity|biolink:ChemicalSubstance|biolink:SmallMolecule	synonym	2636	out:biolink:subclass_of:CHEBI:36093|out:biolink:subclass_of:CHEBI:38702|out:biolink:related_to:CHEBI:149552|out:biolink:has_chemical_role:CHEBI:149552|out:biolink:related_to:CHEBI:228364
97	00097-40577047-abstract.txt	40577047	chemical_utilization_object	chemical	AUTO:NaCl	NaCl	885:889	...CO₂-enriched conditions, as well as in media with [[NaCl]] concentrations up to 10% and at pH 7-9. Phylogene...	AUTO:BD613T	BD613T	tolerates	1	0	0	METPO:2000064	tolerates	label	CHEBI:26710	CHEBI:26710	1% sodium chloride	biolink:ChemicalEntity|biolink:ChemicalSubstance|biolink:SmallMolecule	synonym	2636	out:biolink:subclass_of:CHEBI:36093|out:biolink:subclass_of:CHEBI:38702|out:biolink:related_to:CHEBI:149552|out:biolink:has_chemical_role:CHEBI:149552|out:biolink:related_to:CHEBI:228364
97	00097-40577047-abstract.txt	40577047	chemical_utilization_object	chemical	AUTO:NaCl	NaCl	885:889	...CO₂-enriched conditions, as well as in media with [[NaCl]] concentrations up to 10% and at pH 7-9. Phylogene...	AUTO:BD626T	BD626T	tolerates	1	0	0	METPO:2000064	tolerates	label	CHEBI:26710	CHEBI:26710	1% sodium chloride	biolink:ChemicalEntity|biolink:ChemicalSubstance|biolink:SmallMolecule	synonym	2636	out:biolink:subclass_of:CHEBI:36093|out:biolink:subclass_of:CHEBI:38702|out:biolink:related_to:CHEBI:149552|out:biolink:has_chemical_role:CHEBI:149552|out:biolink:related_to:CHEBI:228364
98	00098-40512541-abstract.txt	40512541	study_taxa	taxon_candidate	AUTO:Mannheimia%20kashgarensis	Mannheimia kashgarensis	1681:1704	...ecies of the genus Mannheimia, for which the name [[Mannheimia kashgarensis]] sp. nov. is proposed. The type strain is E16BAT (...				0	1	0									0	
98	00098-40512541-abstract.txt	40512541	study_taxa	taxon_candidate	AUTO:Mannheimia%20caviae	Mannheimia caviae	724:741	...biting the highest sequence similarity (97.3%) to [[Mannheimia caviae]]. Whole-genome comparisons revealed average nucleo...				0	1	0				NCBITaxon:879276	NCBITaxon:879276	Mannheimia caviae	biolink:OrganismTaxon	name	10	out:biolink:subclass_of:NCBITaxon:75984|out:METPO:2000517:mediadive.medium:693|out:biolink:has_phenotype:METPO:1000604|out:biolink:has_phenotype:METPO:1000699|out:biolink:has_phenotype:METPO:1000432
98	00098-40512541-abstract.txt	40512541	study_taxa	taxon_candidate	AUTO:Mannheimia	Mannheimia	658:668; 724:734; 888:898; 1045:1055; 1650:1660; 1681:1691	...phylogeny, the strains clustered within the genus [[Mannheimia]], exhibiting the highest sequence similarity (97.3...; ...biting the highest sequence similarity (97.3%) to [[Mannheimia]] caviae. Whole-genome comparisons revealed average...; ...A-DNA hybridization values below 32.9% with other [[Mannheimia]] species, confirming their status as a novel speci...; ...s helped differentiate the new strains from other [[Mannheimia]] species and supported the identification of the n...; ... and E15BD represent a novel species of the genus [[Mannheimia]], for which the name Mannheimia kashgarensis sp. n...; ...ecies of the genus Mannheimia, for which the name [[Mannheimia]] kashgarensis sp. nov. is proposed. The type strai...				0	1	0				NCBITaxon:75984	NCBITaxon:75984	Mannheimia	biolink:OrganismTaxon	name	17	in:biolink:subclass_of:NCBITaxon:111844|in:biolink:subclass_of:NCBITaxon:3103145|out:biolink:subclass_of:NCBITaxon:712|in:biolink:subclass_of:NCBITaxon:75985|in:biolink:subclass_of:NCBITaxon:85401
98	00098-40512541-abstract.txt	40512541	strains	strain	AUTO:E16BAT	E16BAT	91:97; 1594:1600; 1746:1752	"...robic, pleomorphic rod-shaped strains, designated [[E16BAT]] and E15BD, were isolated from the nasopharynx of ...; ...respiratory disease. Based on these data, strains [[E16BAT]] and E15BD represent a novel species of the genus ...; ...garensis sp. nov. is proposed. The type strain is [[E16BAT]] (=CCTCC AB 2023215T=KCTC 8480T).
"				0	0	1									0	
98	00098-40512541-abstract.txt	40512541	strains	strain	AUTO:E15BD	E15BD	102:107; 1605:1610	...morphic rod-shaped strains, designated E16BAT and [[E15BD]], were isolated from the nasopharynx of two differ...; ... disease. Based on these data, strains E16BAT and [[E15BD]] represent a novel species of the genus Mannheimia...				0	0	1									0	
98	00098-40512541-abstract.txt	40512541	strains	strain	AUTO:CCTCC%20AB%202023215T	CCTCC AB 2023215T	1755:1772	"...sp. nov. is proposed. The type strain is E16BAT (=[[CCTCC AB 2023215T]]=KCTC 8480T).
"				0	0	1									0	
98	00098-40512541-abstract.txt	40512541	strains	strain	AUTO:KCTC%208480T	KCTC 8480T	1773:1783	"...ed. The type strain is E16BAT (=CCTCC AB 2023215T=[[KCTC 8480T]]).
"				0	0	1									0	
98	00098-40512541-abstract.txt	40512541	study_taxa	taxon_candidate	AUTO:%5Bunspecified%20microbial%20taxon%5D	[unspecified microbial taxon]						0	1	0									0	
98	00098-40512541-abstract.txt	40512541	study_taxa	taxon_candidate	AUTO:%28not%20specified%29	(not specified)						0	1	0									0	
98	00098-40512541-abstract.txt	40512541	strains	strain	AUTO:strain_of	strain_of						0	0	1									0	
99	00099-40459242-abstract.txt	40459242	study_taxa	taxon_candidate	AUTO:Foliimonas%20ilicis	Foliimonas ilicis	1866:1883	... the family Phyllobacteriaceae for which the name [[Foliimonas ilicis]] gen. nov., sp. nov. is proposed. The type of stra...				0	1	0									0	
99	00099-40459242-abstract.txt	40459242	study_taxa	taxon_candidate	AUTO:Aminobacter%20niigataensis	Aminobacter niigataensis	951:975	...7.7%, 97.6% and 97.5%, with its closest relatives [[Aminobacter niigataensis]], Aminobacter aminovorans and Mesorhizobium plurif...				0	1	0				NCBITaxon:83265	NCBITaxon:83265	Aminobacter niigataensis	biolink:OrganismTaxon	name	13	out:biolink:subclass_of:NCBITaxon:31988|out:METPO:2000517:mediadive.medium:1|out:METPO:2000517:mediadive.medium:J22|out:biolink:has_phenotype:METPO:1000699|out:biolink:has_phenotype:METPO:1000602
99	00099-40459242-abstract.txt	40459242	study_taxa	taxon_candidate	AUTO:Aminobacter%20aminovorans	Aminobacter aminovorans	977:1000	...h its closest relatives Aminobacter niigataensis, [[Aminobacter aminovorans]] and Mesorhizobium plurifarium, respectively. Phyl...				0	1	0				NCBITaxon:83263	NCBITaxon:83263	Aminobacter aminovorans	biolink:OrganismTaxon	name	50	out:biolink:subclass_of:NCBITaxon:31988|out:METPO:2000517:mediadive.medium:535|out:METPO:2000517:mediadive.medium:464|out:METPO:2000517:mediadive.medium:J22|out:METPO:2000517:mediadive.medium:1
99	00099-40459242-abstract.txt	40459242	study_taxa	taxon_candidate	AUTO:Mesorhizobium%20plurifarium	Mesorhizobium plurifarium	1005:1030	...obacter niigataensis, Aminobacter aminovorans and [[Mesorhizobium plurifarium]], respectively. Phylogenomic analyses using whole-...				0	1	0				NCBITaxon:69974	NCBITaxon:69974	Mesorhizobium plurifarium	biolink:OrganismTaxon	name	17	out:biolink:subclass_of:NCBITaxon:68287|out:METPO:2000517:mediadive.medium:J254|out:METPO:2000517:mediadive.medium:1031|out:biolink:has_phenotype:METPO:1000699|out:biolink:has_phenotype:METPO:1000602
99	00099-40459242-abstract.txt	40459242	strains	strain	AUTO:SB112T	SB112T	70:76; 309:315; 473:479; 798:804; 1281:1287; 1734:1740; 1939:1945	"...ide (CO)-oxidizing bacterial strain designated as [[SB112T]] was enriched and isolated from Ilex aquifolium le...; ...flagellum and non-spore-forming. Growth of strain [[SB112T]] was observed at 10-45 °C, pH 6.0-12.0 and NaCl co...; ... mol%, and the major fatty acids (>10%) of strain [[SB112T]] were C18 : 1 ω7c, C18 : 1 ω7c 11-methyl and C19 :...; ...sed on 16S rRNA gene sequences showed that strain [[SB112T]] formed a separate lineage within the family Phyll...; ...wn genus within this family. The genome of strain [[SB112T]] was found to possess the form II coxL gene, which...; ...tic, genomic and physiological properties, strain [[SB112T]] is considered to represent a novel species of a n...; ...nov., sp. nov. is proposed. The type of strain is [[SB112T]] (=LMG 33802T, =NCAIM B.02691T).
"				0	0	1									0	
99	00099-40459242-abstract.txt	40459242	strains	strain	AUTO:LMG%2033802T	LMG 33802T	1948:1958	"... nov. is proposed. The type of strain is SB112T (=[[LMG 33802T]], =NCAIM B.02691T).
"				0	0	1									0	
99	00099-40459242-abstract.txt	40459242	strains	strain	AUTO:NCAIM%20B.02691T	NCAIM B.02691T	1961:1975	"...osed. The type of strain is SB112T (=LMG 33802T, =[[NCAIM B.02691T]]).
"				0	0	1									0	
99	00099-40459242-abstract.txt	40459242	chemical_utilization_object	chemical	AUTO:carbon%20monoxide%20%28CO%29	carbon monoxide (CO)	8:28	A novel [[carbon monoxide (CO)]]-oxidizing bacterial strain designated as [[SB112T]] w...	AUTO:SB112T	SB112T	oxidizes	1	0	0	METPO:2000016	oxidizes	label						0	
100	00100-40587182-abstract.txt	40587182	study_taxa	taxon_candidate	AUTO:Anoxybacillus%20dikiliensis	Anoxybacillus dikiliensis	2088:2113	...pecies of the genus Anoxybacillus, which the name [[Anoxybacillus dikiliensis]] sp. nov. is proposed (type strain D401aT=DSM 1202...				0	1	0									0	
100	00100-40587182-abstract.txt	40587182	study_taxa	taxon_candidate	AUTO:Anoxybacillus%20flavithermus	Anoxybacillus flavithermus	488:514	...404 (99.9%) and had less than 98.9% similarity to [[Anoxybacillus flavithermus]] DSM 2641T, Anoxybacillus thermarum DSM 7141T, Ano...				0	1	0				NCBITaxon:33934	NCBITaxon:33934	Anoxybacillus flavithermus	biolink:OrganismTaxon	name	44	in:biolink:subclass_of:NCBITaxon:1185649|out:biolink:subclass_of:NCBITaxon:150247|out:METPO:2000517:mediadive.medium:1|out:biolink:has_phenotype:METPO:1000698|out:biolink:has_phenotype:METPO:1000871
100	00100-40587182-abstract.txt	40587182	study_taxa	taxon_candidate	AUTO:Anoxybacillus%20thermarum	Anoxybacillus thermarum	526:549	...milarity to Anoxybacillus flavithermus DSM 2641T, [[Anoxybacillus thermarum]] DSM 7141T, Anoxybacillus mongoliensis DSM 19169T ...				0	1	0				NCBITaxon:404937	NCBITaxon:404937	Anoxybacillus thermarum	biolink:OrganismTaxon	name	7	out:biolink:subclass_of:NCBITaxon:150247|out:METPO:2000517:mediadive.medium:1061|out:biolink:has_phenotype:METPO:1000698|out:biolink:has_phenotype:METPO:1000429|in:biolink:subclass_of:kgmicrobe.strain:ATCC-BAA-1156
100	00100-40587182-abstract.txt	40587182	study_taxa	taxon_candidate	AUTO:Anoxybacillus%20mongoliensis	Anoxybacillus mongoliensis	561:587	...mus DSM 2641T, Anoxybacillus thermarum DSM 7141T, [[Anoxybacillus mongoliensis]] DSM 19169T and Anoxybacillus ayderensis from the ...				0	1	0				NCBITaxon:452565	NCBITaxon:452565	Anoxybacillus mongoliensis	biolink:OrganismTaxon	name	9	out:biolink:subclass_of:NCBITaxon:150247|out:METPO:2000517:mediadive.medium:220|out:biolink:has_phenotype:METPO:1000698|out:biolink:has_phenotype:METPO:1000429|in:biolink:subclass_of:kgmicrobe.strain:DSM-19169
100	00100-40587182-abstract.txt	40587182	study_taxa	taxon_candidate	AUTO:Anoxybacillus%20ayderensis	Anoxybacillus ayderensis	603:627	... 7141T, Anoxybacillus mongoliensis DSM 19169T and [[Anoxybacillus ayderensis]] from the genus Anoxybacillus. Their 2.7 Mb whole-...				0	1	0				NCBITaxon:265546	NCBITaxon:265546	Anoxybacillus ayderensis	biolink:OrganismTaxon	name	26	out:biolink:subclass_of:NCBITaxon:150247|out:METPO:2000517:mediadive.medium:220|out:biolink:has_phenotype:METPO:1000702|out:METPO:2000006:CHEBI:17234|out:METPO:2000006:CHEBI:16634
100	00100-40587182-abstract.txt	40587182	study_taxa	taxon_candidate	AUTO:Anoxybacillus%20gonensis	Anoxybacillus gonensis	1010:1032	...48.6%), A. thermarum DSM 17141T (92.6%-48.8%) and [[Anoxybacillus gonensis]] NCIMB 13933T (91.3%-43.8%) below 95% and 70%, res...				0	1	0				NCBITaxon:198467	NCBITaxon:198467	Anoxybacillus gonensis	biolink:OrganismTaxon	name	7	out:biolink:subclass_of:NCBITaxon:150247|out:METPO:2000517:mediadive.medium:1|out:biolink:has_phenotype:METPO:1000698|in:biolink:subclass_of:kgmicrobe.strain:DSM-22626|in:biolink:subclass_of:kgmicrobe.strain:NCIMB-14579
100	00100-40587182-abstract.txt	40587182	strains	strain	AUTO:D401aT	D401aT	77:83; 402:408; 716:722; 1996:2002; 2148:2154	"..., endospore-forming, yellow, rod-shaped bacteria, [[D401aT]] and D404, were isolated from soil samples of a ho...; ...16S rRNA gene phylogenetic analysis revealed that [[D401aT]] was most closely related to D404 (99.9%) and had ...; ...7 Mb whole-genome analyses indicated that strains [[D401aT]] and D404 represented a novel species within the g...; ...ological, phylogenetic and phylogenomic features, [[D401aT]] and D404 are assigned to be a new species of the ...; ...lus dikiliensis sp. nov. is proposed (type strain [[D401aT]]=DSM 120222T=NCIMB 15614T).
"				0	0	1									0	
100	00100-40587182-abstract.txt	40587182	strains	strain	AUTO:D404	D404	88:92; 437:441; 727:731; 2007:2011	...-forming, yellow, rod-shaped bacteria, D401aT and [[D404]], were isolated from soil samples of a hot spring ...; ... revealed that D401aT was most closely related to [[D404]] (99.9%) and had less than 98.9% similarity to Ano...; ...genome analyses indicated that strains D401aT and [[D404]] represented a novel species within the genus Anox...; ...hylogenetic and phylogenomic features, D401aT and [[D404]] are assigned to be a new species of the genus Ano...				0	0	1									0	
100	00100-40587182-abstract.txt	40587182	strains	strain	AUTO:DSM%202641T	DSM 2641T	515:524	...an 98.9% similarity to Anoxybacillus flavithermus [[DSM 2641T]], Anoxybacillus thermarum DSM 7141T, Anoxybacillus...				0	0	1									0	
100	00100-40587182-abstract.txt	40587182	strains	strain	AUTO:DSM%207141T	DSM 7141T	550:559	...s flavithermus DSM 2641T, Anoxybacillus thermarum [[DSM 7141T]], Anoxybacillus mongoliensis DSM 19169T and Anoxyb...				0	0	1									0	
100	00100-40587182-abstract.txt	40587182	strains	strain	AUTO:DSM%2019169T	DSM 19169T	588:598	...s thermarum DSM 7141T, Anoxybacillus mongoliensis [[DSM 19169T]] and Anoxybacillus ayderensis from the genus Anoxy...				0	0	1									0	
100	00100-40587182-abstract.txt	40587182	strains	strain	AUTO:DSM%2014988	DSM 14988	903:912	...NA-DNA hybridization values between A. ayderensis [[DSM 14988]] (92.9%-50.5%), A. ayderensis DSM 10112T (92.4%-48...				0	0	1				kgmicrobe.strain:DSM-14988	kgmicrobe.strain:DSM-14988	DSM 14988	biolink:OrganismTaxon	name	1	out:biolink:subclass_of:NCBITaxon:265546
100	00100-40587182-abstract.txt	40587182	strains	strain	AUTO:DSM%2010112T	DSM 10112T	942:952	...ayderensis DSM 14988 (92.9%-50.5%), A. ayderensis [[DSM 10112T]] (92.4%-48.6%), A. thermarum DSM 17141T (92.6%-48....				0	0	1									0	
100	00100-40587182-abstract.txt	40587182	strains	strain	AUTO:DSM%2017141T	DSM 17141T	981:991	...ayderensis DSM 10112T (92.4%-48.6%), A. thermarum [[DSM 17141T]] (92.6%-48.8%) and Anoxybacillus gonensis NCIMB 13...				0	0	1									0	
100	00100-40587182-abstract.txt	40587182	strains	strain	AUTO:NCIMB%2013933T	NCIMB 13933T	1033:1045	...M 17141T (92.6%-48.8%) and Anoxybacillus gonensis [[NCIMB 13933T]] (91.3%-43.8%) below 95% and 70%, respectively. Th...				0	0	1									0	
100	00100-40587182-abstract.txt	40587182	strains	strain	AUTO:DSM%20120222T	DSM 120222T	2155:2166	"...iliensis sp. nov. is proposed (type strain D401aT=[[DSM 120222T]]=NCIMB 15614T).
"				0	0	1									0	
100	00100-40587182-abstract.txt	40587182	strains	strain	AUTO:NCIMB%2015614T	NCIMB 15614T	2167:2179	"... nov. is proposed (type strain D401aT=DSM 120222T=[[NCIMB 15614T]]).
"				0	0	1									0	
100	00100-40587182-abstract.txt	40587182	chemical_utilization_object	chemical	AUTO:silver%20nanoparticles	silver nanoparticles	180:200	... hot spring in Dikili, Izmir. They can synthesize [[silver nanoparticles]] and biotechnologically important thermostable alp...	AUTO:D401aT	D401aT	produces	1	0	0	METPO:2000202	produces	label	CHEBI:50826	CHEBI:50826	silver nanoparticle	biolink:SmallMolecule	synonym	3	out:biolink:subclass_of:CHEBI:33966|out:biolink:subclass_of:CHEBI:52855|in:biolink:subclass_of:CHEBI:82776
100	00100-40587182-abstract.txt	40587182	chemical_utilization_object	chemical	AUTO:silver%20nanoparticles	silver nanoparticles	180:200	... hot spring in Dikili, Izmir. They can synthesize [[silver nanoparticles]] and biotechnologically important thermostable alp...	AUTO:D404	D404	produces	1	0	0	METPO:2000202	produces	label	CHEBI:50826	CHEBI:50826	silver nanoparticle	biolink:SmallMolecule	synonym	3	out:biolink:subclass_of:CHEBI:33966|out:biolink:subclass_of:CHEBI:52855|in:biolink:subclass_of:CHEBI:82776
100	00100-40587182-abstract.txt	40587182	chemical_utilization_object	chemical	AUTO:biotin	biotin	1741:1747	...ncoded type III polyketide synthases that produce [[biotin]]. They harboured additional terpene/carotenoid and...	AUTO:D401aT	D401aT	produces	1	0	0	METPO:2000202	produces	label	CHEBI:15956	CHEBI:15956|CHEBI:57586	biotin	biolink:ChemicalEntity|biolink:SmallMolecule	name	419	out:biolink:subclass_of:CHEBI:176841|out:biolink:subclass_of:CHEBI:51570|out:biolink:related_to:CHEBI:23354|out:biolink:has_chemical_role:CHEBI:23354|out:biolink:related_to:CHEBI:23357
100	00100-40587182-abstract.txt	40587182	chemical_utilization_object	chemical	AUTO:biotin	biotin	1741:1747	...ncoded type III polyketide synthases that produce [[biotin]]. They harboured additional terpene/carotenoid and...	AUTO:D404	D404	produces	1	0	0	METPO:2000202	produces	label	CHEBI:15956	CHEBI:15956|CHEBI:57586	biotin	biolink:ChemicalEntity|biolink:SmallMolecule	name	419	out:biolink:subclass_of:CHEBI:176841|out:biolink:subclass_of:CHEBI:51570|out:biolink:related_to:CHEBI:23354|out:biolink:has_chemical_role:CHEBI:23354|out:biolink:related_to:CHEBI:23357
