doc	source_file	pmid	field	kind	entity_id	label	original_spans	context	relationship_subject_id	relationship_subject_label	chemical_relationship	chemicals_utilized	study_taxa	strains	chemical_relationship_id	chemical_relationship_label	chemical_relationship_match_type	grounded_id	grounded_ids	kg_name	kg_category	match_type	kg_edge_count	kg_edge_evidence
3	00003-41773501-abstract.txt	41773501	chemical_utilization_object	chemical	AUTO:H2	H2	297:299; 668:670; 691:693; 763:765	... autotrophic and coccoidal and grew separately on [[H2]]/CO2 and formate. [[Ax23T]] grew on NH4 + and by fixin...; ...ed per mole of CH4 produced) when grown on 10 kPa [[H2]] relative to 160 kPa H2, suggesting that it is cap...; ...uced) when grown on 10 kPa H2 relative to 160 kPa [[H2]], suggesting that it is capable of a metabolic tra...; ... is capable of a metabolic trade-off with varying [[H2]] availability. Phylogenetic analysis based on 16S ...	AUTO:Ax23T	Ax23T	uses_as_electron_donor	1	0	0	METPO:2000009	uses as electron donor	label	CHEBI:18276	CHEBI:18276	dihydrogen	biolink:ChemicalEntity|biolink:ChemicalSubstance|biolink:SmallMolecule	synonym	275	out:biolink:subclass_of:CHEBI:138675|out:biolink:subclass_of:CHEBI:25362|out:biolink:subclass_of:CHEBI:33260|out:biolink:related_to:CHEBI:15022|out:biolink:has_chemical_role:CHEBI:15022
3	00003-41773501-abstract.txt	41773501	chemical_utilization_object	chemical	AUTO:CO2	CO2	300:303	...totrophic and coccoidal and grew separately on H2/[[CO2]] and formate. [[Ax23T]] grew on NH4 + and by fixing N2...	AUTO:Ax23T	Ax23T	uses_as_carbon_source	1	0	0	METPO:2000006	uses as carbon source	label	CHEBI:16526	CHEBI:16526	carbon dioxide	biolink:ChemicalEntity|biolink:ChemicalSubstance|biolink:SmallMolecule	synonym	4406	out:biolink:subclass_of:CHEBI:138675|out:biolink:subclass_of:CHEBI:23014|out:biolink:subclass_of:CHEBI:64708|out:biolink:related_to:CHEBI:35620|out:biolink:has_chemical_role:CHEBI:35620
3	00003-41773501-abstract.txt	41773501	chemical_utilization_object	chemical	AUTO:formate	formate	308:315	...c and coccoidal and grew separately on H2/CO2 and [[formate]]. [[Ax23T]] grew on NH4 + and by fixing N2, but did no...	AUTO:Ax23T	Ax23T	uses_as_carbon_source	1	0	0	METPO:2000006	uses as carbon source	label	CHEBI:15740	CHEBI:15740|CHEBI:52343	formate	biolink:ChemicalEntity|biolink:SmallMolecule	name	1250	out:biolink:subclass_of:CHEBI:35757|out:biolink:related_to:CHEBI:75772|out:biolink:related_to:CHEBI:77746|out:biolink:related_to:CHEBI:30751|in:biolink:related_to:CHEBI:62965
3	00003-41773501-abstract.txt	41773501	chemical_utilization_object	chemical	AUTO:NH4%2B	NH4+	331:336	...w separately on H2/CO2 and formate. [[Ax23T]] grew on [[NH4 +]] and by fixing N2, but did not grow on NO3 -. The ...	AUTO:Ax23T	Ax23T	uses_for_growth	1	0	0	METPO:2000012	uses for growth	label	CHEBI:28938	CHEBI:28938	ammonium	biolink:ChemicalEntity|biolink:ChemicalSubstance|biolink:SmallMolecule	synonym	2281	in:biolink:related_to:CHEBI:16134|out:biolink:subclass_of:CHEBI:35106|out:biolink:subclass_of:CHEBI:50313|out:biolink:subclass_of:CHEBI:60242|out:biolink:related_to:CHEBI:23357
3	00003-41773501-abstract.txt	41773501	chemical_utilization_object	chemical	AUTO:N2	N2	351:353	...O2 and formate. [[Ax23T]] grew on NH4 + and by fixing [[N2]], but did not grow on NO3 -. The isolate grew at t...	AUTO:Ax23T	Ax23T	uses_for_growth	1	0	0	METPO:2000012	uses for growth	label	CHEBI:17997	CHEBI:17997	dinitrogen	biolink:ChemicalEntity|biolink:ChemicalSubstance|biolink:SmallMolecule	synonym	889	out:biolink:subclass_of:CHEBI:138675|out:biolink:subclass_of:CHEBI:25362|out:biolink:subclass_of:CHEBI:33266|out:biolink:related_to:CHEBI:77974|out:biolink:related_to:CHEBI:78017
3	00003-41773501-abstract.txt	41773501	chemical_utilization_object	chemical	AUTO:NO3-	NO3-	375:380	...ew on NH4 + and by fixing N2, but did not grow on [[NO3 -]]. The isolate grew at temperatures ranging from 33...	AUTO:Ax23T	Ax23T	does_not_use_for_growth	1	0	0	METPO:2000038	does not use for growth	label						0	
3	00003-41773501-abstract.txt	41773501	chemical_utilization_object	chemical	AUTO:CH4	CH4	633:636	...ased its growth yield (cells produced per mole of [[CH4]] produced) when grown on 10 kPa H2 relative to 160...	AUTO:Ax23T	Ax23T	produces	1	0	0	METPO:2000202	produces	label	CHEBI:16183	CHEBI:16183	methane	biolink:ChemicalEntity|biolink:ChemicalSubstance|biolink:SmallMolecule	synonym	83	out:biolink:subclass_of:CHEBI:138675|out:biolink:subclass_of:CHEBI:18310|out:biolink:subclass_of:CHEBI:37176|out:biolink:subclass_of:CHEBI:64708|out:biolink:related_to:CHEBI:35230
3	00003-41773501-abstract.txt	41773501	chemical_utilization_object	chemical	AUTO:NaCl	NaCl	519:523	... doubling time of 32 min, in the presence of 3-6% [[NaCl]] (optimum 3-4.5%) and pH 4.0-9.0 (optimum 6.0-8.0)...	AUTO:Ax23T	Ax23T	tolerates	1	0	0	METPO:2000064	tolerates	label	CHEBI:26710	CHEBI:26710	1% sodium chloride	biolink:ChemicalEntity|biolink:ChemicalSubstance|biolink:SmallMolecule	synonym	2636	out:biolink:subclass_of:CHEBI:36093|out:biolink:subclass_of:CHEBI:38702|out:biolink:related_to:CHEBI:149552|out:biolink:has_chemical_role:CHEBI:149552|out:biolink:related_to:CHEBI:228364
6	00006-41739071-abstract.txt	41739071	chemical_utilization_object	chemical	AUTO:NaCl	NaCl	439:443	...lues of 3.7-6.0 (best between 4.1 and 5.6) and at [[NaCl]] concentrations of 0-0.5% (best 0.25%, w/v).MK-8 w...	AUTO:JP12T	JP12T	tolerates	1	0	0	METPO:2000064	tolerates	label	CHEBI:26710	CHEBI:26710	1% sodium chloride	biolink:ChemicalEntity|biolink:ChemicalSubstance|biolink:SmallMolecule	synonym	2636	out:biolink:subclass_of:CHEBI:36093|out:biolink:subclass_of:CHEBI:38702|out:biolink:related_to:CHEBI:149552|out:biolink:has_chemical_role:CHEBI:149552|out:biolink:related_to:CHEBI:228364
7	00007-41701003-abstract.txt	41701003	chemical_utilization_object	chemical	AUTO:NaCl	NaCl	391:395; 463:467	...3T grew optimally at 35 °C, pH 6.0 and 0.5% (v/w) [[NaCl]], while strain MAC6T grew optimally at 30 °C, pH 6...; ...6T grew optimally at 30 °C, pH 6.0 and 4.0% (v/w) [[NaCl]]. Based on 16S rRNA gene sequence similarity, P3C3...	AUTO:P3C3T	P3C3T	tolerates	1	0	0	METPO:2000064	tolerates	label	CHEBI:26710	CHEBI:26710	1% sodium chloride	biolink:ChemicalEntity|biolink:ChemicalSubstance|biolink:SmallMolecule	synonym	2636	out:biolink:subclass_of:CHEBI:36093|out:biolink:subclass_of:CHEBI:38702|out:biolink:related_to:CHEBI:149552|out:biolink:has_chemical_role:CHEBI:149552|out:biolink:related_to:CHEBI:228364
7	00007-41701003-abstract.txt	41701003	chemical_utilization_object	chemical	AUTO:NaCl	NaCl	391:395; 463:467	...3T grew optimally at 35 °C, pH 6.0 and 0.5% (v/w) [[NaCl]], while strain [[MAC6T]] grew optimally at 30 °C, pH 6...; ...6T grew optimally at 30 °C, pH 6.0 and 4.0% (v/w) [[NaCl]]. Based on 16S rRNA gene sequence similarity, P3C3...	AUTO:MAC6T	MAC6T	tolerates	1	0	0	METPO:2000064	tolerates	label	CHEBI:26710	CHEBI:26710	1% sodium chloride	biolink:ChemicalEntity|biolink:ChemicalSubstance|biolink:SmallMolecule	synonym	2636	out:biolink:subclass_of:CHEBI:36093|out:biolink:subclass_of:CHEBI:38702|out:biolink:related_to:CHEBI:149552|out:biolink:has_chemical_role:CHEBI:149552|out:biolink:related_to:CHEBI:228364
10	00010-41553838-abstract.txt	41553838	chemical_utilization_object	chemical	AUTO:proteinogenic%20amino%20acids	proteinogenic amino acids	744:769	... compounds as carbon source (i.e. a mixture of 20 [[proteinogenic amino acids]] or peptone) and thioglycolate as reduced sulphur ...	AUTO:BV2-CT	BV2-CT	uses_as_carbon_source	1	0	0	METPO:2000006	uses as carbon source	label	CHEBI:83813	CHEBI:83813	proteinogenic amino acid	biolink:SmallMolecule	synonym	29	in:biolink:subclass_of:CHEBI:15428|in:biolink:subclass_of:CHEBI:15603|in:biolink:subclass_of:CHEBI:15971|in:biolink:subclass_of:CHEBI:16414|in:biolink:subclass_of:CHEBI:16467
10	00010-41553838-abstract.txt	41553838	chemical_utilization_object	chemical	AUTO:peptone	peptone	773:780	...i.e. a mixture of 20 proteinogenic amino acids or [[peptone]]) and thioglycolate as reduced sulphur source. Str...	AUTO:BV2-CT	BV2-CT	uses_as_carbon_source	1	0	0	METPO:2000006	uses as carbon source	label						0	
10	00010-41553838-abstract.txt	41553838	chemical_utilization_object	chemical	AUTO:thioglycolate	thioglycolate	786:799	...e of 20 proteinogenic amino acids or peptone) and [[thioglycolate]] as reduced sulphur source. Strain [[BV2-CT]] obligate...	AUTO:BV2-CT	BV2-CT	uses_as_electron_donor	1	0	0	METPO:2000009	uses as electron donor	label	CHEBI:47869	CHEBI:47869|CHEBI:30066	thioglycolate	biolink:ChemicalEntity|biolink:SmallMolecule	name	13	out:biolink:subclass_of:CHEBI:35757|out:biolink:related_to:CHEBI:30066|in:METPO:2000028:kgmicrobe.strain:bacdive_11959|in:METPO:2000006:kgmicrobe.strain:bacdive_1263|in:METPO:2000038:kgmicrobe.strain:bacdive_1290
10	00010-41553838-abstract.txt	41553838	chemical_utilization_object	chemical	AUTO:l-isoleucine	l-isoleucine	889:901	...T obligately required branched-chain amino acids ([[l-isoleucine]], l-leucine and l-valine) and l-lysine for growth....	AUTO:BV2-CT	BV2-CT	requires_for_growth	1	0	0	METPO:2000018	requires for growth	label	CHEBI:17191	CHEBI:17191|CHEBI:58045|CHEBI:30009	L-isoleucine	biolink:ChemicalEntity|biolink:SmallMolecule	name	157	out:biolink:subclass_of:CHEBI:15705|out:biolink:subclass_of:CHEBI:22658|out:biolink:subclass_of:CHEBI:24898|out:biolink:subclass_of:CHEBI:83813|out:biolink:related_to:CHEBI:75771
10	00010-41553838-abstract.txt	41553838	chemical_utilization_object	chemical	AUTO:l-leucine	l-leucine	903:912	...equired branched-chain amino acids (l-isoleucine, [[l-leucine]] and l-valine) and l-lysine for growth. It is clos...	AUTO:BV2-CT	BV2-CT	requires_for_growth	1	0	0	METPO:2000018	requires for growth	label	CHEBI:15603	CHEBI:15603|CHEBI:57427|CHEBI:30006	L-leucine	biolink:ChemicalEntity|biolink:SmallMolecule	name	477	out:biolink:subclass_of:CHEBI:15705|out:biolink:subclass_of:CHEBI:25017|out:biolink:subclass_of:CHEBI:26463|out:biolink:subclass_of:CHEBI:83813|out:biolink:related_to:CHEBI:75771
10	00010-41553838-abstract.txt	41553838	chemical_utilization_object	chemical	AUTO:l-valine	l-valine	917:925	...ed-chain amino acids (l-isoleucine, l-leucine and [[l-valine]]) and l-lysine for growth. It is closely related t...	AUTO:BV2-CT	BV2-CT	requires_for_growth	1	0	0	METPO:2000018	requires for growth	label	CHEBI:16414	CHEBI:16414|CHEBI:57762|CHEBI:30015	L-valine	biolink:ChemicalEntity|biolink:SmallMolecule	name	258	in:biolink:related_to:CHEBI:156531|out:biolink:subclass_of:CHEBI:15705|out:biolink:subclass_of:CHEBI:26463|out:biolink:subclass_of:CHEBI:27266|out:biolink:subclass_of:CHEBI:83813
10	00010-41553838-abstract.txt	41553838	chemical_utilization_object	chemical	AUTO:l-lysine	l-lysine	931:939	... acids (l-isoleucine, l-leucine and l-valine) and [[l-lysine]] for growth. It is closely related to Chloracidoba...	AUTO:BV2-CT	BV2-CT	requires_for_growth	1	0	0	METPO:2000018	requires for growth	label	CHEBI:18019	CHEBI:18019|CHEBI:32551|CHEBI:29967|CHEBI:133538	L-lysine	biolink:ChemicalEntity|biolink:SmallMolecule	name	312	out:biolink:subclass_of:CHEBI:15705|out:biolink:subclass_of:CHEBI:22658|out:biolink:subclass_of:CHEBI:25094|out:biolink:subclass_of:CHEBI:83813|out:biolink:related_to:CHEBI:27027
11	00011-41543052-abstract.txt	41543052	chemical_utilization_object	chemical	AUTO:fructose-6-phosphate	fructose-6-phosphate	962:982	...by its unique ability among Rothia species to use [[fructose-6-phosphate]] as a sole carbon source. [[RSM42T]] also exhibits an ...	AUTO:RSM42T	RSM42T	uses_as_carbon_source	1	0	0	METPO:2000006	uses as carbon source	label	CHEBI:16084	CHEBI:16084|CHEBI:15946	beta-D-fructofuranose 6-phosphate	biolink:SmallMolecule	synonym	5	out:biolink:subclass_of:CHEBI:61553|out:biolink:related_to:CHEBI:75771|out:biolink:related_to:CHEBI:57634|out:biolink:related_to:CHEBI:28645|in:biolink:related_to:CHEBI:57634
15	00015-41568814-abstract.txt	41568814	chemical_utilization_object	chemical	AUTO:NaCl	NaCl	293:297; 364:368	...rew at 15-35 °C, pH 6.0-7.0 and in 0.0-0.5% (w/v) [[NaCl]], whereas strain AW1-7T grew at 10-35 °C, pH 6.0-7...; ...AW1-7T grew at 10-35 °C, pH 6.0-7.0 and in 0-0.5% [[NaCl]]. The major fatty acids (>10%) were iso-C15:0 and ...	AUTO:AW1-3T	AW1-3T	tolerates	1	0	0	METPO:2000064	tolerates	label	CHEBI:26710	CHEBI:26710	1% sodium chloride	biolink:ChemicalEntity|biolink:ChemicalSubstance|biolink:SmallMolecule	synonym	2636	out:biolink:subclass_of:CHEBI:36093|out:biolink:subclass_of:CHEBI:38702|out:biolink:related_to:CHEBI:149552|out:biolink:has_chemical_role:CHEBI:149552|out:biolink:related_to:CHEBI:228364
15	00015-41568814-abstract.txt	41568814	chemical_utilization_object	chemical	AUTO:NaCl	NaCl	293:297; 364:368	...rew at 15-35 °C, pH 6.0-7.0 and in 0.0-0.5% (w/v) [[NaCl]], whereas strain [[AW1-7T]] grew at 10-35 °C, pH 6.0-7...; ...[[AW1-7T]] grew at 10-35 °C, pH 6.0-7.0 and in 0-0.5% [[NaCl]]. The major fatty acids (>10%) were iso-C15:0 and ...	AUTO:AW1-7T	AW1-7T	tolerates	1	0	0	METPO:2000064	tolerates	label	CHEBI:26710	CHEBI:26710	1% sodium chloride	biolink:ChemicalEntity|biolink:ChemicalSubstance|biolink:SmallMolecule	synonym	2636	out:biolink:subclass_of:CHEBI:36093|out:biolink:subclass_of:CHEBI:38702|out:biolink:related_to:CHEBI:149552|out:biolink:has_chemical_role:CHEBI:149552|out:biolink:related_to:CHEBI:228364
16	00016-41510800-abstract.txt	41510800	chemical_utilization_object	chemical	AUTO:bacteriochlorophyll%20a	bacteriochlorophyll a	263:284	...ircled by a light-harvesting I complex containing [[bacteriochlorophyll a]]. They do not produce RuBisCo and do not grow anae...	AUTO:FW153T	FW153T	produces	1	0	0	METPO:2000202	produces	label	CHEBI:30033	CHEBI:30033|CHEBI:61720	bacteriochlorophyll a	biolink:ChemicalEntity|biolink:ChemicalSubstance|biolink:SmallMolecule	name	21	out:biolink:subclass_of:CHEBI:25248|out:biolink:subclass_of:CHEBI:38201|out:biolink:related_to:CHEBI:61720|in:METPO:2000222:kgmicrobe.strain:bacdive_133325|in:METPO:2000222:kgmicrobe.strain:bacdive_133344
16	00016-41510800-abstract.txt	41510800	chemical_utilization_object	chemical	AUTO:bacteriochlorophyll%20a	bacteriochlorophyll a	263:284	...ircled by a light-harvesting I complex containing [[bacteriochlorophyll a]]. They do not produce RuBisCo and do not grow anae...	AUTO:FW199T	FW199T	produces	1	0	0	METPO:2000202	produces	label	CHEBI:30033	CHEBI:30033|CHEBI:61720	bacteriochlorophyll a	biolink:ChemicalEntity|biolink:ChemicalSubstance|biolink:SmallMolecule	name	21	out:biolink:subclass_of:CHEBI:25248|out:biolink:subclass_of:CHEBI:38201|out:biolink:related_to:CHEBI:61720|in:METPO:2000222:kgmicrobe.strain:bacdive_133325|in:METPO:2000222:kgmicrobe.strain:bacdive_133344
17	00017-41568592-abstract.txt	41568592	chemical_utilization_object	chemical	AUTO:porcine%20gastric%20mucin%20glycoprotein	porcine gastric mucin glycoprotein	275:309	...e context of a fibre-deficient diet. Using intact [[porcine gastric mucin glycoprotein]] as the main nutrient source, we isolated a Gram-p...	AUTO:UGRO018_0423T	UGRO018_0423T	uses_for_growth	1	0	0	METPO:2000012	uses for growth	label						0	
18	00018-41568815-abstract.txt	41568815	chemical_utilization_object	chemical	AUTO:raffinose	raffinose	408:417	... 2, 3, 4 and 5), including the ability to utilise [[raffinose]] and melibiose. Whole-genome sequencing data ident...	AUTO:multi%20locus%20sequence%20type%20598%20strains	multi locus sequence type 598 strains	uses_for_growth	1	0	0	METPO:2000012	uses for growth	label	CHEBI:16634	CHEBI:16634	raffinose	biolink:ChemicalEntity|biolink:SmallMolecule	name	31956	out:biolink:subclass_of:CHEBI:27150|out:biolink:subclass_of:CHEBI:74961|out:biolink:related_to:CHEBI:75771|out:biolink:has_chemical_role:CHEBI:75771|out:biolink:related_to:CHEBI:75772
18	00018-41568815-abstract.txt	41568815	chemical_utilization_object	chemical	AUTO:melibiose	melibiose	422:431	...), including the ability to utilise raffinose and [[melibiose]]. Whole-genome sequencing data identified a total ...	AUTO:multi%20locus%20sequence%20type%20598%20strains	multi locus sequence type 598 strains	uses_for_growth	1	0	0	METPO:2000012	uses for growth	label	CHEBI:28053	CHEBI:28053	melibiose	biolink:ChemicalEntity|biolink:SmallMolecule	name	15598	out:biolink:subclass_of:CHEBI:24405|out:biolink:related_to:CHEBI:75771|out:biolink:has_chemical_role:CHEBI:75771|out:biolink:related_to:CHEBI:75772|out:biolink:has_chemical_role:CHEBI:75772
19	00019-41364487-abstract.txt	41364487	chemical_utilization_object	chemical	AUTO:NaCl	NaCl	367:371	...nd grew optimally at 25 °C, pH 8.0 and 2.0% (w/v) [[NaCl]]. The major fatty acids (>10%) in both strains wer...	AUTO:S174%E1%B5%80	S174ᵀ	requires_for_growth	1	0	0	METPO:2000018	requires for growth	label	CHEBI:26710	CHEBI:26710	1% sodium chloride	biolink:ChemicalEntity|biolink:ChemicalSubstance|biolink:SmallMolecule	synonym	2636	out:biolink:subclass_of:CHEBI:36093|out:biolink:subclass_of:CHEBI:38702|out:biolink:related_to:CHEBI:149552|out:biolink:has_chemical_role:CHEBI:149552|out:biolink:related_to:CHEBI:228364
19	00019-41364487-abstract.txt	41364487	chemical_utilization_object	chemical	AUTO:NaCl	NaCl	367:371	...nd grew optimally at 25 °C, pH 8.0 and 2.0% (w/v) [[NaCl]]. The major fatty acids (>10%) in both strains wer...	AUTO:W118%E1%B5%80	W118ᵀ	requires_for_growth	1	0	0	METPO:2000018	requires for growth	label	CHEBI:26710	CHEBI:26710	1% sodium chloride	biolink:ChemicalEntity|biolink:ChemicalSubstance|biolink:SmallMolecule	synonym	2636	out:biolink:subclass_of:CHEBI:36093|out:biolink:subclass_of:CHEBI:38702|out:biolink:related_to:CHEBI:149552|out:biolink:has_chemical_role:CHEBI:149552|out:biolink:related_to:CHEBI:228364
20	00020-41410399-abstract.txt	41410399	chemical_utilization_object	chemical	AUTO:1%2C2-propanediol	1,2-propanediol	827:842; 947:962; 1130:1145	...hted distinct metabolic signatures concerning the [[1,2-propanediol]] and hydroxycinnamic acid metabolism. The gene ald...; ...oding lactaldehyde dehydrogenase, contributing to [[1,2-propanediol]] production from lactate, is present in Ff. spp. L...; ... but not in Furfurilactobacillus milii. Genes for [[1,2-propanediol]] conversion to propionate and propanol are present...	AUTO:LTH%205742T	LTH 5742T	produces	1	0	0	METPO:2000202	produces	label	CHEBI:16997	CHEBI:16997	1,2-propandiol	biolink:ChemicalEntity|biolink:ChemicalSubstance|biolink:SmallMolecule	synonym	43	out:biolink:subclass_of:CHEBI:13643|out:biolink:subclass_of:CHEBI:26284|out:biolink:related_to:CHEBI:48356|out:biolink:related_to:CHEBI:50904|out:biolink:related_to:CHEBI:75771
20	00020-41410399-abstract.txt	41410399	chemical_utilization_object	chemical	AUTO:1%2C2-propanediol	1,2-propanediol	827:842; 947:962; 1130:1145	...hted distinct metabolic signatures concerning the [[1,2-propanediol]] and hydroxycinnamic acid metabolism. The gene ald...; ...oding lactaldehyde dehydrogenase, contributing to [[1,2-propanediol]] production from lactate, is present in Ff. spp. L...; ... but not in Furfurilactobacillus milii. Genes for [[1,2-propanediol]] conversion to propionate and propanol are present...	AUTO:LTH%205750	LTH 5750	produces	1	0	0	METPO:2000202	produces	label	CHEBI:16997	CHEBI:16997	1,2-propandiol	biolink:ChemicalEntity|biolink:ChemicalSubstance|biolink:SmallMolecule	synonym	43	out:biolink:subclass_of:CHEBI:13643|out:biolink:subclass_of:CHEBI:26284|out:biolink:related_to:CHEBI:48356|out:biolink:related_to:CHEBI:50904|out:biolink:related_to:CHEBI:75771
20	00020-41410399-abstract.txt	41410399	chemical_utilization_object	chemical	AUTO:1%2C2-propanediol	1,2-propanediol	827:842; 947:962; 1130:1145	...hted distinct metabolic signatures concerning the [[1,2-propanediol]] and hydroxycinnamic acid metabolism. The gene ald...; ...oding lactaldehyde dehydrogenase, contributing to [[1,2-propanediol]] production from lactate, is present in Ff. spp. L...; ... but not in Furfurilactobacillus milii. Genes for [[1,2-propanediol]] conversion to propionate and propanol are present...	AUTO:C5T	C5T	produces	1	0	0	METPO:2000202	produces	label	CHEBI:16997	CHEBI:16997	1,2-propandiol	biolink:ChemicalEntity|biolink:ChemicalSubstance|biolink:SmallMolecule	synonym	43	out:biolink:subclass_of:CHEBI:13643|out:biolink:subclass_of:CHEBI:26284|out:biolink:related_to:CHEBI:48356|out:biolink:related_to:CHEBI:50904|out:biolink:related_to:CHEBI:75771
20	00020-41410399-abstract.txt	41410399	chemical_utilization_object	chemical	AUTO:1%2C2-propanediol	1,2-propanediol	827:842; 947:962; 1130:1145	...hted distinct metabolic signatures concerning the [[1,2-propanediol]] and hydroxycinnamic acid metabolism. The gene ald...; ...oding lactaldehyde dehydrogenase, contributing to [[1,2-propanediol]] production from lactate, is present in Ff. spp. L...; ... but not in Furfurilactobacillus milii. Genes for [[1,2-propanediol]] conversion to propionate and propanol are present...	AUTO:Furfurilactobacillus%20rossiae	Furfurilactobacillus rossiae	produces	1	0	0	METPO:2000202	produces	label	CHEBI:16997	CHEBI:16997	1,2-propandiol	biolink:ChemicalEntity|biolink:ChemicalSubstance|biolink:SmallMolecule	synonym	43	out:biolink:subclass_of:CHEBI:13643|out:biolink:subclass_of:CHEBI:26284|out:biolink:related_to:CHEBI:48356|out:biolink:related_to:CHEBI:50904|out:biolink:related_to:CHEBI:75771
21	00021-41329602-abstract.txt	41329602	chemical_utilization_object	chemical	AUTO:NaCl	NaCl	885:889	...CO₂-enriched conditions, as well as in media with [[NaCl]] concentrations up to 10% and at pH 7-9. Phylogene...	AUTO:BD586T	BD586T	tolerates	1	0	0	METPO:2000064	tolerates	label	CHEBI:26710	CHEBI:26710	1% sodium chloride	biolink:ChemicalEntity|biolink:ChemicalSubstance|biolink:SmallMolecule	synonym	2636	out:biolink:subclass_of:CHEBI:36093|out:biolink:subclass_of:CHEBI:38702|out:biolink:related_to:CHEBI:149552|out:biolink:has_chemical_role:CHEBI:149552|out:biolink:related_to:CHEBI:228364
21	00021-41329602-abstract.txt	41329602	chemical_utilization_object	chemical	AUTO:NaCl	NaCl	885:889	...CO₂-enriched conditions, as well as in media with [[NaCl]] concentrations up to 10% and at pH 7-9. Phylogene...	AUTO:BD613T	BD613T	tolerates	1	0	0	METPO:2000064	tolerates	label	CHEBI:26710	CHEBI:26710	1% sodium chloride	biolink:ChemicalEntity|biolink:ChemicalSubstance|biolink:SmallMolecule	synonym	2636	out:biolink:subclass_of:CHEBI:36093|out:biolink:subclass_of:CHEBI:38702|out:biolink:related_to:CHEBI:149552|out:biolink:has_chemical_role:CHEBI:149552|out:biolink:related_to:CHEBI:228364
21	00021-41329602-abstract.txt	41329602	chemical_utilization_object	chemical	AUTO:NaCl	NaCl	885:889	...CO₂-enriched conditions, as well as in media with [[NaCl]] concentrations up to 10% and at pH 7-9. Phylogene...	AUTO:BD626T	BD626T	tolerates	1	0	0	METPO:2000064	tolerates	label	CHEBI:26710	CHEBI:26710	1% sodium chloride	biolink:ChemicalEntity|biolink:ChemicalSubstance|biolink:SmallMolecule	synonym	2636	out:biolink:subclass_of:CHEBI:36093|out:biolink:subclass_of:CHEBI:38702|out:biolink:related_to:CHEBI:149552|out:biolink:has_chemical_role:CHEBI:149552|out:biolink:related_to:CHEBI:228364
22	00022-41369690-abstract.txt	41369690	chemical_utilization_object	chemical	AUTO:glucose	glucose	554:561; 650:657	...ydrates, amino acids and organic acids, including [[glucose]], cellobiose, glycerol, sucrose, maltose and vario...; ...e and various nitrogenous compounds. It fermented [[glucose]] into acetate, butyrate, lactate, propionate, vale...	AUTO:meth-B3%E1%B5%80	meth-B3ᵀ	ferments	1	0	0	METPO:2000011	ferments	label	CHEBI:17234	CHEBI:17234|CHEBI:42758|CHEBI:4167	glucose	biolink:ChemicalEntity|biolink:SmallMolecule	name	27450	out:biolink:subclass_of:CHEBI:33917|out:biolink:related_to:CHEBI:78675|out:biolink:has_chemical_role:CHEBI:78675|in:biolink:subclass_of:CHEBI:17634|in:METPO:2000006:NCBITaxon:1002795
22	00022-41369690-abstract.txt	41369690	chemical_utilization_object	chemical	AUTO:cellobiose	cellobiose	563:573	...amino acids and organic acids, including glucose, [[cellobiose]], glycerol, sucrose, maltose and various nitrogeno...	AUTO:meth-B3%E1%B5%80	meth-B3ᵀ	uses_for_growth	1	0	0	METPO:2000012	uses for growth	label	CHEBI:17057	CHEBI:17057|CHEBI:36217	cellobiose	biolink:ChemicalEntity|biolink:SmallMolecule	name	25783	out:biolink:subclass_of:CHEBI:24405|out:biolink:related_to:CHEBI:76924|out:biolink:has_chemical_role:CHEBI:76924|in:METPO:2000006:NCBITaxon:1002795|in:METPO:2000006:NCBITaxon:1004261
22	00022-41369690-abstract.txt	41369690	chemical_utilization_object	chemical	AUTO:glycerol	glycerol	575:583	...and organic acids, including glucose, cellobiose, [[glycerol]], sucrose, maltose and various nitrogenous compoun...	AUTO:meth-B3%E1%B5%80	meth-B3ᵀ	uses_for_growth	1	0	0	METPO:2000012	uses for growth	label	CHEBI:17754	CHEBI:17754	glycerol	biolink:ChemicalEntity|biolink:SmallMolecule	name	20099	in:biolink:related_to:CHEBI:15978|out:biolink:subclass_of:CHEBI:17522|out:biolink:subclass_of:CHEBI:27136|out:biolink:related_to:CHEBI:176497|out:biolink:has_chemical_role:CHEBI:176497
22	00022-41369690-abstract.txt	41369690	chemical_utilization_object	chemical	AUTO:sucrose	sucrose	585:592	...c acids, including glucose, cellobiose, glycerol, [[sucrose]], maltose and various nitrogenous compounds. It fe...	AUTO:meth-B3%E1%B5%80	meth-B3ᵀ	uses_for_growth	1	0	0	METPO:2000012	uses for growth	label	CHEBI:17992	CHEBI:17992	sucrose	biolink:ChemicalEntity|biolink:SmallMolecule	name	45215	in:biolink:related_to:CHEBI:17164|out:biolink:subclass_of:CHEBI:24407|out:biolink:related_to:CHEBI:25728|out:biolink:has_chemical_role:CHEBI:25728|out:biolink:related_to:CHEBI:50505
22	00022-41369690-abstract.txt	41369690	chemical_utilization_object	chemical	AUTO:maltose	maltose	594:601	...including glucose, cellobiose, glycerol, sucrose, [[maltose]] and various nitrogenous compounds. It fermented g...	AUTO:meth-B3%E1%B5%80	meth-B3ᵀ	uses_for_growth	1	0	0	METPO:2000012	uses for growth	label	CHEBI:17306	CHEBI:17306|CHEBI:18167	D-maltose	biolink:ChemicalEntity|biolink:SmallMolecule	synonym	45127	out:biolink:subclass_of:CHEBI:17593|out:biolink:subclass_of:CHEBI:24405|out:biolink:related_to:CHEBI:50505|out:biolink:has_chemical_role:CHEBI:50505|out:biolink:related_to:CHEBI:75771
22	00022-41369690-abstract.txt	41369690	chemical_utilization_object	chemical	AUTO:amino%20acids	amino acids	513:524	...h-B3ᵀ utilized a broad spectrum of carbohydrates, [[amino acids]] and organic acids, including glucose, cellobiose,...	AUTO:meth-B3%E1%B5%80	meth-B3ᵀ	uses_for_growth	1	0	0	METPO:2000012	uses for growth	label	CHEBI:33704	CHEBI:33704|CHEBI:33709	alpha-amino acid	biolink:ChemicalSubstance|biolink:SmallMolecule	synonym	1126	in:biolink:subclass_of:CHEBI:15356|in:biolink:subclass_of:CHEBI:15428|in:biolink:subclass_of:CHEBI:16449|in:biolink:subclass_of:CHEBI:16811|in:biolink:subclass_of:CHEBI:17822
22	00022-41369690-abstract.txt	41369690	chemical_utilization_object	chemical	AUTO:organic%20acids	organic acids	529:542	... broad spectrum of carbohydrates, amino acids and [[organic acids]], including glucose, cellobiose, glycerol, sucrose...	AUTO:meth-B3%E1%B5%80	meth-B3ᵀ	uses_for_growth	1	0	0	METPO:2000012	uses for growth	label	CHEBI:64709	CHEBI:64709	organic acid	biolink:ChemicalSubstance|biolink:SmallMolecule	synonym	7	in:biolink:subclass_of:CHEBI:33307|in:biolink:subclass_of:CHEBI:33551|in:biolink:subclass_of:CHEBI:33575|in:biolink:subclass_of:CHEBI:37783|in:biolink:subclass_of:CHEBI:47891
22	00022-41369690-abstract.txt	41369690	chemical_utilization_object	chemical	AUTO:nitrogenous%20compounds	nitrogenous compounds	614:635	...ellobiose, glycerol, sucrose, maltose and various [[nitrogenous compounds]]. It fermented glucose into acetate, butyrate, lac...	AUTO:meth-B3%E1%B5%80	meth-B3ᵀ	uses_for_growth	1	0	0	METPO:2000012	uses for growth	label	CHEBI:51143	CHEBI:51143	nitrogen molecular entity	biolink:ChemicalSubstance|biolink:SmallMolecule	synonym	37	in:biolink:subclass_of:CHEBI:144043|in:biolink:subclass_of:CHEBI:167642|in:biolink:subclass_of:CHEBI:22680|in:biolink:subclass_of:CHEBI:24631|in:biolink:subclass_of:CHEBI:24709
23	00023-41182829-abstract.txt	41182829	chemical_utilization_object	chemical	AUTO:carbon%20monoxide%20%28CO%29	carbon monoxide (CO)	8:28	A novel [[carbon monoxide (CO)]]-oxidizing bacterial strain designated as [[SB112T]] w...	AUTO:SB112T	SB112T	oxidizes	1	0	0	METPO:2000016	oxidizes	label						0	
24	00024-41313628-abstract.txt	41313628	chemical_utilization_object	chemical	AUTO:methane	methane	968:975; 1034:1041; 1085:1092; 1133:1140; 1179:1186	...respectively, to delineate different species. For [[methane]] activation, strain [[G7T]] carries genes encoding par...; ...on, strain [[G7T]] carries genes encoding particulate [[methane]] monooxygenase (pmoCAB). Also, genes of the methan...; ...ethane monooxygenase (pmoCAB). Also, genes of the [[methane]] utilization pathways, i.e. oxidation of methane t...; ...e methane utilization pathways, i.e. oxidation of [[methane]] to carbon dioxide and assimilation of methane-car...; ... of methane to carbon dioxide and assimilation of [[methane]]-carbon to biomass, were encoded in the genome. St...	AUTO:G7T	G7T	uses_for_growth	1	0	0	METPO:2000012	uses for growth	label	CHEBI:16183	CHEBI:16183	methane	biolink:ChemicalEntity|biolink:ChemicalSubstance|biolink:SmallMolecule	name	83	out:biolink:subclass_of:CHEBI:138675|out:biolink:subclass_of:CHEBI:18310|out:biolink:subclass_of:CHEBI:37176|out:biolink:subclass_of:CHEBI:64708|out:biolink:related_to:CHEBI:35230
24	00024-41313628-abstract.txt	41313628	chemical_utilization_object	chemical	AUTO:methane	methane	968:975; 1034:1041; 1085:1092; 1133:1140; 1179:1186	...respectively, to delineate different species. For [[methane]] activation, strain [[G7T]] carries genes encoding par...; ...on, strain [[G7T]] carries genes encoding particulate [[methane]] monooxygenase (pmoCAB). Also, genes of the methan...; ...ethane monooxygenase (pmoCAB). Also, genes of the [[methane]] utilization pathways, i.e. oxidation of methane t...; ...e methane utilization pathways, i.e. oxidation of [[methane]] to carbon dioxide and assimilation of methane-car...; ... of methane to carbon dioxide and assimilation of [[methane]]-carbon to biomass, were encoded in the genome. St...	AUTO:G7T	G7T	oxidizes	1	0	0	METPO:2000016	oxidizes	label	CHEBI:16183	CHEBI:16183	methane	biolink:ChemicalEntity|biolink:ChemicalSubstance|biolink:SmallMolecule	name	83	out:biolink:subclass_of:CHEBI:138675|out:biolink:subclass_of:CHEBI:18310|out:biolink:subclass_of:CHEBI:37176|out:biolink:subclass_of:CHEBI:64708|out:biolink:related_to:CHEBI:35230
24	00024-41313628-abstract.txt	41313628	chemical_utilization_object	chemical	AUTO:carbon%20dioxide	carbon dioxide	1144:1158	...tilization pathways, i.e. oxidation of methane to [[carbon dioxide]] and assimilation of methane-carbon to biomass, we...	AUTO:G7T	G7T	produces	1	0	0	METPO:2000202	produces	label	CHEBI:16526	CHEBI:16526	carbon dioxide	biolink:ChemicalEntity|biolink:ChemicalSubstance|biolink:SmallMolecule	name	4406	out:biolink:subclass_of:CHEBI:138675|out:biolink:subclass_of:CHEBI:23014|out:biolink:subclass_of:CHEBI:64708|out:biolink:related_to:CHEBI:35620|out:biolink:has_chemical_role:CHEBI:35620
24	00024-41313628-abstract.txt	41313628	chemical_utilization_object	chemical	AUTO:ectoine	ectoine	1397:1404	...gen fixation. Strain [[G7T]] also possessed genes for [[ectoine]] production, which was not observed in the genomes...	AUTO:G7T	G7T	produces	1	0	0	METPO:2000202	produces	label	CHEBI:27592	CHEBI:27592	ectoine	biolink:SmallMolecule	name	8	out:biolink:subclass_of:CHEBI:25384|out:biolink:subclass_of:CHEBI:35359|out:biolink:subclass_of:CHEBI:78715|out:biolink:related_to:CHEBI:25728|out:biolink:related_to:CHEBI:63475
26	00026-41263815-abstract.txt	41263815	chemical_utilization_object	chemical	AUTO:nitrate	nitrate	813:820	...rains are catalase- and oxidase-positive, reduced [[nitrate]] and utilized various carbohydrates but not N-acet...	AUTO:HTMS2	HTMS2	reduces	1	0	0	METPO:2000017	reduces	label	CHEBI:17632	CHEBI:17632	nitrate	biolink:ChemicalEntity|biolink:ChemicalSubstance|biolink:SmallMolecule	name	25573	out:biolink:subclass_of:CHEBI:33458|out:biolink:subclass_of:CHEBI:62764|out:biolink:subclass_of:CHEBI:79389|out:biolink:related_to:CHEBI:48107|in:METPO:2000019:kgmicrobe.strain:bacdive_1006
26	00026-41263815-abstract.txt	41263815	chemical_utilization_object	chemical	AUTO:nitrate	nitrate	813:820	...rains are catalase- and oxidase-positive, reduced [[nitrate]] and utilized various carbohydrates but not N-acet...	AUTO:HTMS3T	HTMS3T	reduces	1	0	0	METPO:2000017	reduces	label	CHEBI:17632	CHEBI:17632	nitrate	biolink:ChemicalEntity|biolink:ChemicalSubstance|biolink:SmallMolecule	name	25573	out:biolink:subclass_of:CHEBI:33458|out:biolink:subclass_of:CHEBI:62764|out:biolink:subclass_of:CHEBI:79389|out:biolink:related_to:CHEBI:48107|in:METPO:2000019:kgmicrobe.strain:bacdive_1006
26	00026-41263815-abstract.txt	41263815	chemical_utilization_object	chemical	AUTO:various%20carbohydrates	various carbohydrates	834:855	...nd oxidase-positive, reduced nitrate and utilized [[various carbohydrates]] but not N-acetyl-glucosamine; they differed in so...	AUTO:HTMS2	HTMS2	uses_for_growth	1	0	0	METPO:2000012	uses for growth	label						0	
26	00026-41263815-abstract.txt	41263815	chemical_utilization_object	chemical	AUTO:various%20carbohydrates	various carbohydrates	834:855	...nd oxidase-positive, reduced nitrate and utilized [[various carbohydrates]] but not N-acetyl-glucosamine; they differed in so...	AUTO:HTMS3T	HTMS3T	uses_for_growth	1	0	0	METPO:2000012	uses for growth	label						0	
26	00026-41263815-abstract.txt	41263815	chemical_utilization_object	chemical	AUTO:N-acetyl-glucosamine	N-acetyl-glucosamine	864:884	...itrate and utilized various carbohydrates but not [[N-acetyl-glucosamine]]; they differed in sorbitol assimilation. The majo...	AUTO:HTMS2	HTMS2	does_not_use_for_growth	1	0	0	METPO:2000038	does not use for growth	label						0	
26	00026-41263815-abstract.txt	41263815	chemical_utilization_object	chemical	AUTO:N-acetyl-glucosamine	N-acetyl-glucosamine	864:884	...itrate and utilized various carbohydrates but not [[N-acetyl-glucosamine]]; they differed in sorbitol assimilation. The majo...	AUTO:HTMS3T	HTMS3T	does_not_use_for_growth	1	0	0	METPO:2000038	does not use for growth	label						0	
26	00026-41263815-abstract.txt	41263815	chemical_utilization_object	chemical	AUTO:sorbitol	sorbitol	903:911	...es but not N-acetyl-glucosamine; they differed in [[sorbitol]] assimilation. The major respiratory quinone is Q-...	AUTO:HTMS2	HTMS2	ferments	1	0	0	METPO:2000011	ferments	label	CHEBI:30911	CHEBI:30911	sorbitol	biolink:ChemicalEntity|biolink:SmallMolecule	name	8801	in:biolink:subclass_of:CHEBI:17924|out:biolink:subclass_of:CHEBI:24583|out:biolink:related_to:CHEBI:76924|out:biolink:has_chemical_role:CHEBI:76924|in:METPO:2000006:NCBITaxon:338077
26	00026-41263815-abstract.txt	41263815	chemical_utilization_object	chemical	AUTO:sorbitol	sorbitol	903:911	...es but not N-acetyl-glucosamine; they differed in [[sorbitol]] assimilation. The major respiratory quinone is Q-...	AUTO:HTMS3T	HTMS3T	does_not_use_for_growth	1	0	0	METPO:2000038	does not use for growth	label	CHEBI:30911	CHEBI:30911	sorbitol	biolink:ChemicalEntity|biolink:SmallMolecule	name	8801	in:biolink:subclass_of:CHEBI:17924|out:biolink:subclass_of:CHEBI:24583|out:biolink:related_to:CHEBI:76924|out:biolink:has_chemical_role:CHEBI:76924|in:METPO:2000006:NCBITaxon:338077
28	00028-41182828-abstract.txt	41182828	chemical_utilization_object	chemical	AUTO:d-serine	d-serine	684:692	.... The strain [[KXB24]] showed positive utilization of [[d-serine]], γ-amino-butyric acid, citric acid and other comp...	AUTO:KXB24	KXB24	uses_for_growth	1	0	0	METPO:2000012	uses for growth	label	CHEBI:16523	CHEBI:16523|CHEBI:35247|CHEBI:29998	D-serine	biolink:ChemicalEntity|biolink:SmallMolecule	name	409	out:biolink:subclass_of:CHEBI:16733|out:biolink:subclass_of:CHEBI:17822|out:biolink:related_to:CHEBI:64571|out:biolink:related_to:CHEBI:76971|out:biolink:related_to:CHEBI:77746
28	00028-41182828-abstract.txt	41182828	chemical_utilization_object	chemical	AUTO:%CE%B3-amino-butyric%20acid	γ-amino-butyric acid	694:714	...in [[KXB24]] showed positive utilization of d-serine, [[γ-amino-butyric acid]], citric acid and other compounds. On nutrient aga...	AUTO:KXB24	KXB24	uses_for_growth	1	0	0	METPO:2000012	uses for growth	label						0	
28	00028-41182828-abstract.txt	41182828	chemical_utilization_object	chemical	AUTO:citric%20acid	citric acid	716:727	...ve utilization of d-serine, γ-amino-butyric acid, [[citric acid]] and other compounds. On nutrient agar, [[KXB24]], col...	AUTO:KXB24	KXB24	uses_for_growth	1	0	0	METPO:2000012	uses for growth	label	CHEBI:30769	CHEBI:30769	citric acid	biolink:SmallMolecule	name	10151	in:biolink:has_input:assay:API_20E_CIT|in:biolink:has_input:assay:API_20NE_CIT|in:biolink:has_input:assay:API_CAM_CIT|in:biolink:has_input:assay:API_biotype100_CIT|in:METPO:2000012:kgmicrobe.strain:bacdive_1006
31	00031-41166108-abstract.txt	41166108	chemical_utilization_object	chemical	AUTO:nitrogen	nitrogen	1339:1347	...var. All three isolates were capable of symbiotic [[nitrogen]] fixation with P. vulgaris. Based on genomic and p...	AUTO:K101T	K101T	uses_for_growth	1	0	0	METPO:2000012	uses for growth	label	CHEBI:17997	CHEBI:17997|CHEBI:25555	dinitrogen	biolink:ChemicalEntity|biolink:ChemicalSubstance|biolink:SmallMolecule	synonym	889	out:biolink:subclass_of:CHEBI:138675|out:biolink:subclass_of:CHEBI:25362|out:biolink:subclass_of:CHEBI:33266|out:biolink:related_to:CHEBI:77974|out:biolink:related_to:CHEBI:78017
31	00031-41166108-abstract.txt	41166108	chemical_utilization_object	chemical	AUTO:nitrogen	nitrogen	1339:1347	...var. All three isolates were capable of symbiotic [[nitrogen]] fixation with P. vulgaris. Based on genomic and p...	AUTO:C101	C101	uses_for_growth	1	0	0	METPO:2000012	uses for growth	label	CHEBI:17997	CHEBI:17997|CHEBI:25555	dinitrogen	biolink:ChemicalEntity|biolink:ChemicalSubstance|biolink:SmallMolecule	synonym	889	out:biolink:subclass_of:CHEBI:138675|out:biolink:subclass_of:CHEBI:25362|out:biolink:subclass_of:CHEBI:33266|out:biolink:related_to:CHEBI:77974|out:biolink:related_to:CHEBI:78017
31	00031-41166108-abstract.txt	41166108	chemical_utilization_object	chemical	AUTO:nitrogen	nitrogen	1339:1347	...var. All three isolates were capable of symbiotic [[nitrogen]] fixation with P. vulgaris. Based on genomic and p...	AUTO:M103	M103	uses_for_growth	1	0	0	METPO:2000012	uses for growth	label	CHEBI:17997	CHEBI:17997|CHEBI:25555	dinitrogen	biolink:ChemicalEntity|biolink:ChemicalSubstance|biolink:SmallMolecule	synonym	889	out:biolink:subclass_of:CHEBI:138675|out:biolink:subclass_of:CHEBI:25362|out:biolink:subclass_of:CHEBI:33266|out:biolink:related_to:CHEBI:77974|out:biolink:related_to:CHEBI:78017
32	00032-41925719-abstract.txt	41925719	chemical_utilization_object	chemical	AUTO:ubiquinone-10	ubiquinone-10	1120:1133	... 25.2-26.3%, respectively. Both strains contained [[ubiquinone-10]] as the sole respiratory quinone. The major fatty ...	AUTO:483%E1%B5%80	483ᵀ	uses_as_electron_acceptor	1	0	0	METPO:2000008	uses as electron acceptor	label	CHEBI:46245	CHEBI:46245	coenzyme Q10	biolink:SmallMolecule	synonym	24	out:biolink:subclass_of:CHEBI:16389|out:biolink:related_to:CHEBI:173084|out:biolink:related_to:CHEBI:22586|out:biolink:related_to:CHEBI:77746|in:biolink:has_participant:RHEA:38359
32	00032-41925719-abstract.txt	41925719	chemical_utilization_object	chemical	AUTO:ubiquinone-10	ubiquinone-10	1120:1133	... 25.2-26.3%, respectively. Both strains contained [[ubiquinone-10]] as the sole respiratory quinone. The major fatty ...	AUTO:357%E1%B5%80	357ᵀ	uses_as_electron_acceptor	1	0	0	METPO:2000008	uses as electron acceptor	label	CHEBI:46245	CHEBI:46245	coenzyme Q10	biolink:SmallMolecule	synonym	24	out:biolink:subclass_of:CHEBI:16389|out:biolink:related_to:CHEBI:173084|out:biolink:related_to:CHEBI:22586|out:biolink:related_to:CHEBI:77746|in:biolink:has_participant:RHEA:38359
33	00033-41954244-abstract.txt	41954244	chemical_utilization_object	chemical	AUTO:Fe%28II%29	Fe(II)	717:723	...thoautotrophic and (micro)aerobic conditions with [[Fe(II)]] as an electron donor. The major respiratory quino...	AUTO:HK31-PT	HK31-PT	uses_as_electron_donor	1	0	0	METPO:2000009	uses as electron donor	label	CHEBI:29033	CHEBI:29033	ferrous ion	biolink:ChemicalEntity|biolink:SmallMolecule	synonym	1087	out:biolink:subclass_of:CHEBI:24875|out:biolink:subclass_of:CHEBI:30412|out:biolink:subclass_of:CHEBI:60240|out:biolink:related_to:CHEBI:23357|out:biolink:related_to:CHEBI:75771
38	00038-41925727-abstract.txt	41925727	chemical_utilization_object	chemical	AUTO:ll-diaminopimelic%20acid	ll-diaminopimelic acid	936:958	...Whole-cell hydrolysates of strain [[BI20T]] contained [[ll-diaminopimelic acid]] and whole-cell sugars contained glucose. The pred...	AUTO:BI20T	BI20T	produces	1	0	0	METPO:2000202	produces	label						0	
38	00038-41925727-abstract.txt	41925727	chemical_utilization_object	chemical	AUTO:glucose	glucose	991:998	...aminopimelic acid and whole-cell sugars contained [[glucose]]. The predominant cellular fatty acids (>10%) were...	AUTO:BI20T	BI20T	produces	1	0	0	METPO:2000202	produces	label	CHEBI:17234	CHEBI:17234|CHEBI:42758|CHEBI:4167	glucose	biolink:ChemicalEntity|biolink:SmallMolecule	name	27450	out:biolink:subclass_of:CHEBI:33917|out:biolink:related_to:CHEBI:78675|out:biolink:has_chemical_role:CHEBI:78675|in:biolink:subclass_of:CHEBI:17634|in:METPO:2000006:NCBITaxon:1002795
41	00041-41874546-abstract.txt	41874546	chemical_utilization_object	chemical	AUTO:sodium%20chloride	sodium chloride	397:412	... °C), pH 4.0-9.0 (optimum pH 7.0) and with 0-9.0% [[sodium chloride]] (NaCl, w/v, optimum 0%). Menaquinone (MK)-10 and ...	AUTO:YIM%20135249T	YIM 135249T	tolerates	1	0	0	METPO:2000064	tolerates	label	mediadive.solution:3145	mediadive.solution:3145|mediadive.ingredient:1105|CHEBI:26710	SODIUM CHLORIDE	biolink:ChemicalMixture	name	8	in:biolink:has_part:mediadive.medium:1518|out:biolink:has_part:CHEBI:2509|out:biolink:has_part:mediadive.ingredient:4|out:biolink:has_part:CHEBI:131527|out:biolink:has_part:CHEBI:26710
41	00041-41874546-abstract.txt	41874546	chemical_utilization_object	chemical	AUTO:sodium%20chloride	sodium chloride	397:412	... °C), pH 4.0-9.0 (optimum pH 7.0) and with 0-9.0% [[sodium chloride]] (NaCl, w/v, optimum 0%). Menaquinone (MK)-10 and ...	AUTO:YIM%20135347	YIM 135347	tolerates	1	0	0	METPO:2000064	tolerates	label	mediadive.solution:3145	mediadive.solution:3145|mediadive.ingredient:1105|CHEBI:26710	SODIUM CHLORIDE	biolink:ChemicalMixture	name	8	in:biolink:has_part:mediadive.medium:1518|out:biolink:has_part:CHEBI:2509|out:biolink:has_part:mediadive.ingredient:4|out:biolink:has_part:CHEBI:131527|out:biolink:has_part:CHEBI:26710
45	00045-41871164-abstract.txt	41871164	chemical_utilization_object	chemical	AUTO:NaCl	NaCl	842:846	...imum 7.0-8.0) and in the presence of 2.5-8% (w/v) [[NaCl]] (optimum 3-4%). The predominant fatty acids (>10%...	AUTO:WXL103	WXL103	requires_for_growth	1	0	0	METPO:2000018	requires for growth	label	CHEBI:26710	CHEBI:26710	1% sodium chloride	biolink:ChemicalEntity|biolink:ChemicalSubstance|biolink:SmallMolecule	synonym	2636	out:biolink:subclass_of:CHEBI:36093|out:biolink:subclass_of:CHEBI:38702|out:biolink:related_to:CHEBI:149552|out:biolink:has_chemical_role:CHEBI:149552|out:biolink:related_to:CHEBI:228364
45	00045-41871164-abstract.txt	41871164	chemical_utilization_object	chemical	AUTO:NaCl	NaCl	842:846	...imum 7.0-8.0) and in the presence of 2.5-8% (w/v) [[NaCl]] (optimum 3-4%). The predominant fatty acids (>10%...	AUTO:WXL210T	WXL210T	requires_for_growth	1	0	0	METPO:2000018	requires for growth	label	CHEBI:26710	CHEBI:26710	1% sodium chloride	biolink:ChemicalEntity|biolink:ChemicalSubstance|biolink:SmallMolecule	synonym	2636	out:biolink:subclass_of:CHEBI:36093|out:biolink:subclass_of:CHEBI:38702|out:biolink:related_to:CHEBI:149552|out:biolink:has_chemical_role:CHEBI:149552|out:biolink:related_to:CHEBI:228364
46	00046-41818060-abstract.txt	41818060	chemical_utilization_object	chemical	AUTO:NaCl	NaCl	452:456; 560:564	...w optimally at 28.0 °C, pH 9.0 and 0.5-1.0% (w/v) [[NaCl]], whereas strains ZJ450T, ZJ454, ZJ70T and ZJ77 sh...; ... optimal growth at 28.0 °C, pH 7.0 and 1.0% (w/v) [[NaCl]]. Comparative analysis of 16S rRNA gene sequences ...	AUTO:LJ205T	LJ205T	requires_for_growth	1	0	0	METPO:2000018	requires for growth	label	CHEBI:26710	CHEBI:26710	1% sodium chloride	biolink:ChemicalEntity|biolink:ChemicalSubstance|biolink:SmallMolecule	synonym	2636	out:biolink:subclass_of:CHEBI:36093|out:biolink:subclass_of:CHEBI:38702|out:biolink:related_to:CHEBI:149552|out:biolink:has_chemical_role:CHEBI:149552|out:biolink:related_to:CHEBI:228364
46	00046-41818060-abstract.txt	41818060	chemical_utilization_object	chemical	AUTO:NaCl	NaCl	452:456; 560:564	...w optimally at 28.0 °C, pH 9.0 and 0.5-1.0% (w/v) [[NaCl]], whereas strains ZJ450T, ZJ454, ZJ70T and ZJ77 sh...; ... optimal growth at 28.0 °C, pH 7.0 and 1.0% (w/v) [[NaCl]]. Comparative analysis of 16S rRNA gene sequences ...	AUTO:TR449	TR449	requires_for_growth	1	0	0	METPO:2000018	requires for growth	label	CHEBI:26710	CHEBI:26710	1% sodium chloride	biolink:ChemicalEntity|biolink:ChemicalSubstance|biolink:SmallMolecule	synonym	2636	out:biolink:subclass_of:CHEBI:36093|out:biolink:subclass_of:CHEBI:38702|out:biolink:related_to:CHEBI:149552|out:biolink:has_chemical_role:CHEBI:149552|out:biolink:related_to:CHEBI:228364
46	00046-41818060-abstract.txt	41818060	chemical_utilization_object	chemical	AUTO:NaCl	NaCl	452:456; 560:564	...w optimally at 28.0 °C, pH 9.0 and 0.5-1.0% (w/v) [[NaCl]], whereas strains [[ZJ450T]], ZJ454, ZJ70T and ZJ77 sh...; ... optimal growth at 28.0 °C, pH 7.0 and 1.0% (w/v) [[NaCl]]. Comparative analysis of 16S rRNA gene sequences ...	AUTO:ZJ450T	ZJ450T	requires_for_growth	1	0	0	METPO:2000018	requires for growth	label	CHEBI:26710	CHEBI:26710	1% sodium chloride	biolink:ChemicalEntity|biolink:ChemicalSubstance|biolink:SmallMolecule	synonym	2636	out:biolink:subclass_of:CHEBI:36093|out:biolink:subclass_of:CHEBI:38702|out:biolink:related_to:CHEBI:149552|out:biolink:has_chemical_role:CHEBI:149552|out:biolink:related_to:CHEBI:228364
46	00046-41818060-abstract.txt	41818060	chemical_utilization_object	chemical	AUTO:NaCl	NaCl	452:456; 560:564	...w optimally at 28.0 °C, pH 9.0 and 0.5-1.0% (w/v) [[NaCl]], whereas strains ZJ450T, [[ZJ454]], ZJ70T and ZJ77 sh...; ... optimal growth at 28.0 °C, pH 7.0 and 1.0% (w/v) [[NaCl]]. Comparative analysis of 16S rRNA gene sequences ...	AUTO:ZJ454	ZJ454	requires_for_growth	1	0	0	METPO:2000018	requires for growth	label	CHEBI:26710	CHEBI:26710	1% sodium chloride	biolink:ChemicalEntity|biolink:ChemicalSubstance|biolink:SmallMolecule	synonym	2636	out:biolink:subclass_of:CHEBI:36093|out:biolink:subclass_of:CHEBI:38702|out:biolink:related_to:CHEBI:149552|out:biolink:has_chemical_role:CHEBI:149552|out:biolink:related_to:CHEBI:228364
46	00046-41818060-abstract.txt	41818060	chemical_utilization_object	chemical	AUTO:NaCl	NaCl	452:456; 560:564	...w optimally at 28.0 °C, pH 9.0 and 0.5-1.0% (w/v) [[NaCl]], whereas strains ZJ450T, ZJ454, [[ZJ70T]] and ZJ77 sh...; ... optimal growth at 28.0 °C, pH 7.0 and 1.0% (w/v) [[NaCl]]. Comparative analysis of 16S rRNA gene sequences ...	AUTO:ZJ70T	ZJ70T	requires_for_growth	1	0	0	METPO:2000018	requires for growth	label	CHEBI:26710	CHEBI:26710	1% sodium chloride	biolink:ChemicalEntity|biolink:ChemicalSubstance|biolink:SmallMolecule	synonym	2636	out:biolink:subclass_of:CHEBI:36093|out:biolink:subclass_of:CHEBI:38702|out:biolink:related_to:CHEBI:149552|out:biolink:has_chemical_role:CHEBI:149552|out:biolink:related_to:CHEBI:228364
46	00046-41818060-abstract.txt	41818060	chemical_utilization_object	chemical	AUTO:NaCl	NaCl	452:456; 560:564	...w optimally at 28.0 °C, pH 9.0 and 0.5-1.0% (w/v) [[NaCl]], whereas strains ZJ450T, ZJ454, ZJ70T and [[ZJ77]] sh...; ... optimal growth at 28.0 °C, pH 7.0 and 1.0% (w/v) [[NaCl]]. Comparative analysis of 16S rRNA gene sequences ...	AUTO:ZJ77	ZJ77	requires_for_growth	1	0	0	METPO:2000018	requires for growth	label	CHEBI:26710	CHEBI:26710	1% sodium chloride	biolink:ChemicalEntity|biolink:ChemicalSubstance|biolink:SmallMolecule	synonym	2636	out:biolink:subclass_of:CHEBI:36093|out:biolink:subclass_of:CHEBI:38702|out:biolink:related_to:CHEBI:149552|out:biolink:has_chemical_role:CHEBI:149552|out:biolink:related_to:CHEBI:228364
47	00047-41774479-abstract.txt	41774479	chemical_utilization_object	chemical	AUTO:NaCl	NaCl	287:291	...ue. Strain [[G4-2T]] grew at salinities of 0-1% (w/v) [[NaCl]] (optimum, 0.5%), pH 6.0-9.0 (optimum, 8.0) and 20...	AUTO:G4-2T	G4-2T	tolerates	1	0	0	METPO:2000064	tolerates	label	CHEBI:26710	CHEBI:26710	1% sodium chloride	biolink:ChemicalEntity|biolink:ChemicalSubstance|biolink:SmallMolecule	synonym	2636	out:biolink:subclass_of:CHEBI:36093|out:biolink:subclass_of:CHEBI:38702|out:biolink:related_to:CHEBI:149552|out:biolink:has_chemical_role:CHEBI:149552|out:biolink:related_to:CHEBI:228364
49	00049-41817573-abstract.txt	41817573	chemical_utilization_object	chemical	AUTO:plant%20cell%20wall%20components	plant cell wall components	1450:1476	...hat this strain is involved in the degradation of [[plant cell wall components]]. Based on the phylogenetic and physiological anal...	AUTO:IAD-21T	IAD-21T	degrades	1	0	0	METPO:2000007	degrades	label						0	
51	00051-41811927-abstract.txt	41811927	chemical_utilization_object	chemical	AUTO:homospermidine	homospermidine	1467:1481	...ipid). Strain [[LY29T]] possessed ubiquinone Q-10 and [[homospermidine]], whereas LY54T contained MK-9(H2) as the major qu...	AUTO:LY29T	LY29T	produces	1	0	0	METPO:2000202	produces	label	CHEBI:16554	CHEBI:16554	sym-homospermidine	biolink:SmallMolecule	synonym	4	out:biolink:subclass_of:CHEBI:38751|out:biolink:subclass_of:CHEBI:39474|out:biolink:related_to:CHEBI:57811|in:biolink:related_to:CHEBI:57811
52	00052-41785016-abstract.txt	41785016	chemical_utilization_object	chemical	AUTO:carotenoids	carotenoids	1270:1281	...d that strain [[TRA05-7T]] had the ability to produce [[carotenoids]]. Based on phylogenetic, genomic, phenotypic and c...	AUTO:TRA05-7T	TRA05-7T	produces	1	0	0	METPO:2000202	produces	label	CHEBI:23044	CHEBI:23044	carotenoid	biolink:ChemicalEntity|biolink:ChemicalSubstance|biolink:SmallMolecule	synonym	25	out:biolink:subclass_of:CHEBI:26935|out:biolink:related_to:CHEBI:23042|in:METPO:2000202:kgmicrobe.strain:bacdive_15246|in:METPO:2000202:kgmicrobe.strain:bacdive_67|in:biolink:subclass_of:CHEBI:139114
54	00054-40787854-abstract.txt	40787854	chemical_utilization_object	chemical	AUTO:carbon%20sources	carbon sources	977:991	...xhibited high auxotrophy, being unable to use all [[carbon sources]] tested, likely due to genome reduction (4.6 Mbp) ...	AUTO:DT32	DT32	does_not_use_for_growth	1	0	0	METPO:2000038	does not use for growth	label						0	
54	00054-40787854-abstract.txt	40787854	chemical_utilization_object	chemical	AUTO:carbon%20sources	carbon sources	977:991	...xhibited high auxotrophy, being unable to use all [[carbon sources]] tested, likely due to genome reduction (4.6 Mbp) ...	AUTO:DT45T	DT45T	does_not_use_for_growth	1	0	0	METPO:2000038	does not use for growth	label						0	
54	00054-40787854-abstract.txt	40787854	chemical_utilization_object	chemical	AUTO:carbon%20sources	carbon sources	977:991	...xhibited high auxotrophy, being unable to use all [[carbon sources]] tested, likely due to genome reduction (4.6 Mbp) ...	AUTO:DT55	DT55	does_not_use_for_growth	1	0	0	METPO:2000038	does not use for growth	label						0	
54	00054-40787854-abstract.txt	40787854	chemical_utilization_object	chemical	AUTO:carbon%20sources	carbon sources	977:991	...xhibited high auxotrophy, being unable to use all [[carbon sources]] tested, likely due to genome reduction (4.6 Mbp) ...	AUTO:DT59	DT59	does_not_use_for_growth	1	0	0	METPO:2000038	does not use for growth	label						0	
54	00054-40787854-abstract.txt	40787854	chemical_utilization_object	chemical	AUTO:carbon%20sources	carbon sources	977:991	...xhibited high auxotrophy, being unable to use all [[carbon sources]] tested, likely due to genome reduction (4.6 Mbp) ...	AUTO:DT194	DT194	does_not_use_for_growth	1	0	0	METPO:2000038	does not use for growth	label						0	
55	00055-40772812-abstract.txt	40772812	chemical_utilization_object	chemical	AUTO:glyphosate	glyphosate	1598:1608	... were highly resistant to, and able to metabolize [[glyphosate]], a widely used herbicide that has negative conseq...	AUTO:T1293T	T1293T	degrades	1	0	0	METPO:2000007	degrades	label	CHEBI:27744	CHEBI:27744|CHEBI:133673	glyphosate	biolink:SmallMolecule	name	9	in:biolink:related_to:CHEBI:133673|out:biolink:subclass_of:CHEBI:24373|out:biolink:subclass_of:CHEBI:44976|out:biolink:related_to:CHEBI:20569|out:biolink:related_to:CHEBI:24527
55	00055-40772812-abstract.txt	40772812	chemical_utilization_object	chemical	AUTO:glyphosate	glyphosate	1598:1608	... were highly resistant to, and able to metabolize [[glyphosate]], a widely used herbicide that has negative conseq...	AUTO:T1018	T1018	degrades	1	0	0	METPO:2000007	degrades	label	CHEBI:27744	CHEBI:27744|CHEBI:133673	glyphosate	biolink:SmallMolecule	name	9	in:biolink:related_to:CHEBI:133673|out:biolink:subclass_of:CHEBI:24373|out:biolink:subclass_of:CHEBI:44976|out:biolink:related_to:CHEBI:20569|out:biolink:related_to:CHEBI:24527
57	00057-40875437-abstract.txt	40875437	chemical_utilization_object	chemical	AUTO:NaCl	NaCl	908:912	... °C, at pH 6.0-10.0, and tolerated up to 9% (w/v) [[NaCl]]. The major fatty acids contained summed feature 8...	AUTO:MINF-07-Sa-05T	MINF-07-Sa-05T	tolerates	1	0	0	METPO:2000064	tolerates	label	CHEBI:26710	CHEBI:26710	1% sodium chloride	biolink:ChemicalEntity|biolink:ChemicalSubstance|biolink:SmallMolecule	synonym	2636	out:biolink:subclass_of:CHEBI:36093|out:biolink:subclass_of:CHEBI:38702|out:biolink:related_to:CHEBI:149552|out:biolink:has_chemical_role:CHEBI:149552|out:biolink:related_to:CHEBI:228364
58	00058-40772834-abstract.txt	40772834	chemical_utilization_object	chemical	AUTO:glucose	glucose	1372:1379	...atalase-, oxidase- and urease-negative, fermented [[glucose]], and hydrolyzed gelatin but not aesculin. The pol...	AUTO:FAM%201755T	FAM 1755T	ferments	1	0	0	METPO:2000011	ferments	label	CHEBI:17234	CHEBI:17234|CHEBI:42758|CHEBI:4167	glucose	biolink:ChemicalEntity|biolink:SmallMolecule	name	27450	out:biolink:subclass_of:CHEBI:33917|out:biolink:related_to:CHEBI:78675|out:biolink:has_chemical_role:CHEBI:78675|in:biolink:subclass_of:CHEBI:17634|in:METPO:2000006:NCBITaxon:1002795
58	00058-40772834-abstract.txt	40772834	chemical_utilization_object	chemical	AUTO:gelatin	gelatin	1396:1403	...rease-negative, fermented glucose, and hydrolyzed [[gelatin]] but not aesculin. The polar lipid profile of FAM ...	AUTO:FAM%201755T	FAM 1755T	hydrolyzes	1	0	0	METPO:2000013	hydrolyzes	label	CHEBI:5291	CHEBI:5291	gelatin	biolink:ChemicalEntity|biolink:Macromolecule	name	13023	out:biolink:subclass_of:CHEBI:60004|out:biolink:related_to:CHEBI:36080|out:biolink:related_to:CHEBI:75768|out:biolink:has_chemical_role:CHEBI:75768|out:biolink:related_to:CHEBI:76507
58	00058-40772834-abstract.txt	40772834	chemical_utilization_object	chemical	AUTO:milk%20proteins	milk proteins	1837:1850	... tepidum, the new species consistently hydrolyzed [[milk proteins]], a feature implicated in cheese spoilage. Consequ...	AUTO:FAM%201755T	FAM 1755T	hydrolyzes	1	0	0	METPO:2000013	hydrolyzes	label						0	
58	00058-40772834-abstract.txt	40772834	chemical_utilization_object	chemical	AUTO:NaCl	NaCl	1180:1184	... sporogenes and was more halotolerant [0-5% (w/v) [[NaCl]]] than C. tepidum. Although genetically closer to ...	AUTO:FAM%201755T	FAM 1755T	tolerates	1	0	0	METPO:2000064	tolerates	label	CHEBI:26710	CHEBI:26710	1% sodium chloride	biolink:ChemicalEntity|biolink:ChemicalSubstance|biolink:SmallMolecule	synonym	2636	out:biolink:subclass_of:CHEBI:36093|out:biolink:subclass_of:CHEBI:38702|out:biolink:related_to:CHEBI:149552|out:biolink:has_chemical_role:CHEBI:149552|out:biolink:related_to:CHEBI:228364
61	00061-41686070-abstract.txt	41686070	chemical_utilization_object	chemical	AUTO:ribose	ribose	1319:1325	...5:0 and summed feature 9. Strain [[LYQ92T]] contained [[ribose]], glucose and galactose as major sugars and alanin...	AUTO:LYQ92T	LYQ92T	uses_as_carbon_source	1	0	0	METPO:2000006	uses as carbon source	label	CHEBI:33942	CHEBI:33942|mediadive.ingredient:168|CHEBI:47013|CHEBI:27476|CHEBI:45506	ribose	biolink:ChemicalEntity|biolink:SmallMolecule	name	2143	in:biolink:subclass_of:CHEBI:16988|out:biolink:subclass_of:CHEBI:33916|in:METPO:2000006:NCBITaxon:1002795|in:METPO:2000006:NCBITaxon:1003091|in:METPO:2000006:NCBITaxon:1003092
61	00061-41686070-abstract.txt	41686070	chemical_utilization_object	chemical	AUTO:glucose	glucose	1327:1334	...summed feature 9. Strain [[LYQ92T]] contained ribose, [[glucose]] and galactose as major sugars and alanine, glutam...	AUTO:LYQ92T	LYQ92T	uses_as_carbon_source	1	0	0	METPO:2000006	uses as carbon source	label	CHEBI:17234	CHEBI:17234|CHEBI:42758|CHEBI:4167	glucose	biolink:ChemicalEntity|biolink:SmallMolecule	name	27450	out:biolink:subclass_of:CHEBI:33917|out:biolink:related_to:CHEBI:78675|out:biolink:has_chemical_role:CHEBI:78675|in:biolink:subclass_of:CHEBI:17634|in:METPO:2000006:NCBITaxon:1002795
61	00061-41686070-abstract.txt	41686070	chemical_utilization_object	chemical	AUTO:galactose	galactose	1339:1348; 1512:1521	...re 9. Strain [[LYQ92T]] contained ribose, glucose and [[galactose]] as major sugars and alanine, glutamic acid, serin...; ...rain LYQ121T had a similar composition but lacked [[galactose]] and serine. Based on polyphasic characterization,...	AUTO:LYQ92T	LYQ92T	produces	1	0	0	METPO:2000202	produces	label	CHEBI:28260	CHEBI:28260	galactose	biolink:ChemicalEntity|biolink:SmallMolecule	name	3267	in:biolink:subclass_of:CHEBI:12936|out:biolink:subclass_of:CHEBI:33917|out:biolink:related_to:CHEBI:78675|out:biolink:has_chemical_role:CHEBI:78675|in:METPO:2000006:NCBITaxon:1002795
62	00062-41636756-abstract.txt	41636756	chemical_utilization_object	chemical	AUTO:NaCl	NaCl	678:682; 730:734; 825:829; 877:881	... °C, pH 4.0-10.0 and in the presence of 2.0-11.0% [[NaCl]], with optimal growth at 30 °C, pH 7.0 and 3.0% Na...; ...Cl, with optimal growth at 30 °C, pH 7.0 and 3.0% [[NaCl]]. Strain M-2T grew at temperatures of 15-40 °C, pH...; ...40 °C, pH 6.0-9.0 and in the presence of 2.0-4.0% [[NaCl]], with optimal growth at 30 °C, pH 7.0 and 3.0% Na...; ...Cl, with optimal growth at 30 °C, pH 7.0 and 3.0% [[NaCl]]. Both novel strains showed low genomic relatednes...	AUTO:CHS3-5T	CHS3-5T	tolerates	1	0	0	METPO:2000064	tolerates	label	CHEBI:26710	CHEBI:26710	1% sodium chloride	biolink:ChemicalEntity|biolink:ChemicalSubstance|biolink:SmallMolecule	synonym	2636	out:biolink:subclass_of:CHEBI:36093|out:biolink:subclass_of:CHEBI:38702|out:biolink:related_to:CHEBI:149552|out:biolink:has_chemical_role:CHEBI:149552|out:biolink:related_to:CHEBI:228364
62	00062-41636756-abstract.txt	41636756	chemical_utilization_object	chemical	AUTO:NaCl	NaCl	678:682; 730:734; 825:829; 877:881	... °C, pH 4.0-10.0 and in the presence of 2.0-11.0% [[NaCl]], with optimal growth at 30 °C, pH 7.0 and 3.0% Na...; ...Cl, with optimal growth at 30 °C, pH 7.0 and 3.0% [[NaCl]]. Strain [[M-2T]] grew at temperatures of 15-40 °C, pH...; ...40 °C, pH 6.0-9.0 and in the presence of 2.0-4.0% [[NaCl]], with optimal growth at 30 °C, pH 7.0 and 3.0% Na...; ...Cl, with optimal growth at 30 °C, pH 7.0 and 3.0% [[NaCl]]. Both novel strains showed low genomic relatednes...	AUTO:M-2T	M-2T	tolerates	1	0	0	METPO:2000064	tolerates	label	CHEBI:26710	CHEBI:26710	1% sodium chloride	biolink:ChemicalEntity|biolink:ChemicalSubstance|biolink:SmallMolecule	synonym	2636	out:biolink:subclass_of:CHEBI:36093|out:biolink:subclass_of:CHEBI:38702|out:biolink:related_to:CHEBI:149552|out:biolink:has_chemical_role:CHEBI:149552|out:biolink:related_to:CHEBI:228364
63	00063-41719151-abstract.txt	41719151	chemical_utilization_object	chemical	AUTO:thiamine	thiamine	915:923	...sses biosynthetic genes for B vitamins, including [[thiamine]], riboflavin, pantothenate and folate, highlightin...	AUTO:SyP6RT	SyP6RT	produces	1	0	0	METPO:2000202	produces	label	CHEBI:26948	CHEBI:26948|CHEBI:18385|CHEBI:33283	thiamine	biolink:ChemicalEntity|biolink:SmallMolecule	name	59	out:biolink:subclass_of:CHEBI:38338|out:biolink:subclass_of:CHEBI:63048|out:biolink:subclass_of:CHEBI:75769|in:METPO:2000012:kgmicrobe.strain:bacdive_167386|in:METPO:2000002:kgmicrobe.strain:bacdive_168411
63	00063-41719151-abstract.txt	41719151	chemical_utilization_object	chemical	AUTO:riboflavin	riboflavin	925:935	...nthetic genes for B vitamins, including thiamine, [[riboflavin]], pantothenate and folate, highlighting its potent...	AUTO:SyP6RT	SyP6RT	produces	1	0	0	METPO:2000202	produces	label	CHEBI:17015	CHEBI:17015|CHEBI:57986	riboflavin	biolink:ChemicalEntity|biolink:SmallMolecule	name	295	out:biolink:subclass_of:CHEBI:176838|out:biolink:subclass_of:CHEBI:30527|out:biolink:related_to:CHEBI:22586|out:biolink:has_chemical_role:CHEBI:22586|out:biolink:related_to:CHEBI:23357
63	00063-41719151-abstract.txt	41719151	chemical_utilization_object	chemical	AUTO:pantothenate	pantothenate	937:949	...s for B vitamins, including thiamine, riboflavin, [[pantothenate]] and folate, highlighting its potential ecological...	AUTO:SyP6RT	SyP6RT	produces	1	0	0	METPO:2000202	produces	label	CHEBI:16454	CHEBI:16454|mediadive.ingredient:448|CHEBI:29032	pantothenate	biolink:ChemicalSubstance|biolink:SmallMolecule	name	6	out:biolink:subclass_of:CHEBI:35757|out:biolink:related_to:CHEBI:84735|out:biolink:related_to:CHEBI:7916|in:biolink:subclass_of:CHEBI:29032|in:biolink:related_to:CHEBI:7916
63	00063-41719151-abstract.txt	41719151	chemical_utilization_object	chemical	AUTO:folate	folate	954:960	... including thiamine, riboflavin, pantothenate and [[folate]], highlighting its potential ecological role as a ...	AUTO:SyP6RT	SyP6RT	produces	1	0	0	METPO:2000202	produces	label	CHEBI:62501	CHEBI:62501|CHEBI:27470|CHEBI:37445|CHEBI:67011	folate	biolink:ChemicalEntity|biolink:SmallMolecule	name	27	out:biolink:subclass_of:CHEBI:28965|out:biolink:subclass_of:CHEBI:67011|out:biolink:related_to:CHEBI:75772|out:biolink:related_to:CHEBI:27470|in:METPO:2000045:kgmicrobe.strain:bacdive_1757
63	00063-41719151-abstract.txt	41719151	chemical_utilization_object	chemical	AUTO:NaCl	NaCl	1150:1154	...ing optimally at 30 °C and pH 7.0 and 0.25% (w/v) [[NaCl]]. Strain [[SyP6RT]] possessed ubiquinone-10 as the sol...	AUTO:SyP6RT	SyP6RT	tolerates	1	0	0	METPO:2000064	tolerates	label	CHEBI:26710	CHEBI:26710	1% sodium chloride	biolink:ChemicalEntity|biolink:ChemicalSubstance|biolink:SmallMolecule	synonym	2636	out:biolink:subclass_of:CHEBI:36093|out:biolink:subclass_of:CHEBI:38702|out:biolink:related_to:CHEBI:149552|out:biolink:has_chemical_role:CHEBI:149552|out:biolink:related_to:CHEBI:228364
63	00063-41719151-abstract.txt	41719151	chemical_utilization_object	chemical	AUTO:oxygen	oxygen			AUTO:SyP6RT	SyP6RT	requires_for_growth	1	0	0	METPO:2000018	requires for growth	label	CHEBI:15379	CHEBI:15379|CHEBI:25805	dioxygen	biolink:ChemicalEntity|biolink:ChemicalSubstance|biolink:SmallMolecule	synonym	11447	out:biolink:subclass_of:CHEBI:138675|out:biolink:subclass_of:CHEBI:25362|out:biolink:subclass_of:CHEBI:33263|out:biolink:related_to:CHEBI:27027|out:biolink:related_to:CHEBI:33284
64	00064-41678260-abstract.txt	41678260	chemical_utilization_object	chemical	AUTO:NaCl	NaCl	322:326; 407:411; 1103:1107	...showed growth between 4 and 25 °C and 0-20% (w/v) [[NaCl]]. Strain [[CF4.4T]] showed growth at pH 6-11 [optimal ...; ...t pH 6-11 [optimal growth at pH 9-10 and 5% (w/v) [[NaCl]]]. Its 16S rRNA gene sequence showed similarities ...; ...0, with optimal growth at pH 8-9 and 0-2.5% (w/v) [[NaCl]]. Phylogenetic analysis based on its 16S rRNA gene...	AUTO:CF4.4T	CF4.4T	uses_for_growth	1	0	0	METPO:2000012	uses for growth	label	CHEBI:26710	CHEBI:26710	1% sodium chloride	biolink:ChemicalEntity|biolink:ChemicalSubstance|biolink:SmallMolecule	synonym	2636	out:biolink:subclass_of:CHEBI:36093|out:biolink:subclass_of:CHEBI:38702|out:biolink:related_to:CHEBI:149552|out:biolink:has_chemical_role:CHEBI:149552|out:biolink:related_to:CHEBI:228364
64	00064-41678260-abstract.txt	41678260	chemical_utilization_object	chemical	AUTO:NaCl	NaCl	322:326; 407:411; 1103:1107	...showed growth between 4 and 25 °C and 0-20% (w/v) [[NaCl]]. Strain CF4.4T showed growth at pH 6-11 [optimal ...; ...t pH 6-11 [optimal growth at pH 9-10 and 5% (w/v) [[NaCl]]]. Its 16S rRNA gene sequence showed similarities ...; ...0, with optimal growth at pH 8-9 and 0-2.5% (w/v) [[NaCl]]. Phylogenetic analysis based on its 16S rRNA gene...	AUTO:KK5.5T	KK5.5T	uses_for_growth	1	0	0	METPO:2000012	uses for growth	label	CHEBI:26710	CHEBI:26710	1% sodium chloride	biolink:ChemicalEntity|biolink:ChemicalSubstance|biolink:SmallMolecule	synonym	2636	out:biolink:subclass_of:CHEBI:36093|out:biolink:subclass_of:CHEBI:38702|out:biolink:related_to:CHEBI:149552|out:biolink:has_chemical_role:CHEBI:149552|out:biolink:related_to:CHEBI:228364
65	00065-41671046-abstract.txt	41671046	chemical_utilization_object	chemical	AUTO:NaCl	NaCl	505:509	...nd 10.0, with an optimum at pH 7.0, and tolerated [[NaCl]] concentrations ranging from 0% to 3% (w/v), with ...	AUTO:Mg75T	Mg75T	tolerates	1	0	0	METPO:2000064	tolerates	label	CHEBI:26710	CHEBI:26710	1% sodium chloride	biolink:ChemicalEntity|biolink:ChemicalSubstance|biolink:SmallMolecule	synonym	2636	out:biolink:subclass_of:CHEBI:36093|out:biolink:subclass_of:CHEBI:38702|out:biolink:related_to:CHEBI:149552|out:biolink:has_chemical_role:CHEBI:149552|out:biolink:related_to:CHEBI:228364
66	00066-41662159-abstract.txt	41662159	chemical_utilization_object	chemical	AUTO:NaCl	NaCl	581:585; 627:631	...w at 4-25 °C, pH 5.5-9.0 and tolerated up to 4.5% [[NaCl]]. G.S.17T grew at 4-28 °C, pH 5.0-8.5 and NaCl con...; ....5% NaCl. G.S.17T grew at 4-28 °C, pH 5.0-8.5 and [[NaCl]] concentration up to 3.0%. The 16S rRNA gene seque...	AUTO:TMP9T	TMP9T	tolerates	1	0	0	METPO:2000064	tolerates	label	CHEBI:26710	CHEBI:26710	1% sodium chloride	biolink:ChemicalEntity|biolink:ChemicalSubstance|biolink:SmallMolecule	synonym	2636	out:biolink:subclass_of:CHEBI:36093|out:biolink:subclass_of:CHEBI:38702|out:biolink:related_to:CHEBI:149552|out:biolink:has_chemical_role:CHEBI:149552|out:biolink:related_to:CHEBI:228364
66	00066-41662159-abstract.txt	41662159	chemical_utilization_object	chemical	AUTO:NaCl	NaCl	581:585; 627:631	...w at 4-25 °C, pH 5.5-9.0 and tolerated up to 4.5% [[NaCl]]. G.S.17T grew at 4-28 °C, pH 5.0-8.5 and NaCl con...; ....5% NaCl. G.S.17T grew at 4-28 °C, pH 5.0-8.5 and [[NaCl]] concentration up to 3.0%. The 16S rRNA gene seque...	AUTO:TMP25	TMP25	tolerates	1	0	0	METPO:2000064	tolerates	label	CHEBI:26710	CHEBI:26710	1% sodium chloride	biolink:ChemicalEntity|biolink:ChemicalSubstance|biolink:SmallMolecule	synonym	2636	out:biolink:subclass_of:CHEBI:36093|out:biolink:subclass_of:CHEBI:38702|out:biolink:related_to:CHEBI:149552|out:biolink:has_chemical_role:CHEBI:149552|out:biolink:related_to:CHEBI:228364
66	00066-41662159-abstract.txt	41662159	chemical_utilization_object	chemical	AUTO:NaCl	NaCl	581:585; 627:631	...w at 4-25 °C, pH 5.5-9.0 and tolerated up to 4.5% [[NaCl]]. [[G.S.17T]] grew at 4-28 °C, pH 5.0-8.5 and NaCl con...; ....5% NaCl. [[G.S.17T]] grew at 4-28 °C, pH 5.0-8.5 and [[NaCl]] concentration up to 3.0%. The 16S rRNA gene seque...	AUTO:G.S.17T	G.S.17T	tolerates	1	0	0	METPO:2000064	tolerates	label	CHEBI:26710	CHEBI:26710	1% sodium chloride	biolink:ChemicalEntity|biolink:ChemicalSubstance|biolink:SmallMolecule	synonym	2636	out:biolink:subclass_of:CHEBI:36093|out:biolink:subclass_of:CHEBI:38702|out:biolink:related_to:CHEBI:149552|out:biolink:has_chemical_role:CHEBI:149552|out:biolink:related_to:CHEBI:228364
68	00068-41641692-abstract.txt	41641692	chemical_utilization_object	chemical	AUTO:casein	casein	328:334	...), respectively. Strain [[KACHI17T]] was positive for [[casein]] hydrolysis, whereas strain TEGAF015T was negative...	AUTO:KACHI17T	KACHI17T	hydrolyzes	1	0	0	METPO:2000013	hydrolyzes	label	CHEBI:3448	CHEBI:3448	Casein	biolink:ChemicalEntity	name	12	in:biolink:has_part:mediadive.solution:3103|in:biolink:has_part:mediadive.solution:3104|in:biolink:has_part:mediadive.solution:3124|in:biolink:has_part:mediadive.solution:3125|in:biolink:has_part:mediadive.solution:3126
68	00068-41641692-abstract.txt	41641692	chemical_utilization_object	chemical	AUTO:ammonium	ammonium	1521:1529	...ble of converting dissolved organic nitrogen into [[ammonium]] during growth. These results indicated that strai...	AUTO:TEGAF015T	TEGAF015T	produces	1	0	0	METPO:2000202	produces	label	CHEBI:28938	CHEBI:28938	ammonium	biolink:ChemicalEntity|biolink:ChemicalSubstance|biolink:SmallMolecule	name	2281	in:biolink:related_to:CHEBI:16134|out:biolink:subclass_of:CHEBI:35106|out:biolink:subclass_of:CHEBI:50313|out:biolink:subclass_of:CHEBI:60242|out:biolink:related_to:CHEBI:23357
68	00068-41641692-abstract.txt	41641692	chemical_utilization_object	chemical	AUTO:ammonium	ammonium	1521:1529	...ble of converting dissolved organic nitrogen into [[ammonium]] during growth. These results indicated that strai...	AUTO:KACHI17T	KACHI17T	produces	1	0	0	METPO:2000202	produces	label	CHEBI:28938	CHEBI:28938	ammonium	biolink:ChemicalEntity|biolink:ChemicalSubstance|biolink:SmallMolecule	name	2281	in:biolink:related_to:CHEBI:16134|out:biolink:subclass_of:CHEBI:35106|out:biolink:subclass_of:CHEBI:50313|out:biolink:subclass_of:CHEBI:60242|out:biolink:related_to:CHEBI:23357
69	00069-41734014-abstract.txt	41734014	chemical_utilization_object	chemical	AUTO:sodium%20carboxymethyl%20cellulose	sodium carboxymethyl cellulose	980:1010	...N36T exhibited cellulolytic activity: it utilizes [[sodium carboxymethyl cellulose]] as the sole carbon source and encoded three endog...	AUTO:REN36T	REN36T	uses_as_carbon_source	1	0	0	METPO:2000006	uses as carbon source	label						0	
69	00069-41734014-abstract.txt	41734014	chemical_utilization_object	chemical	AUTO:cellulose	cellulose	1001:1010; 1140:1149	...olytic activity: it utilizes sodium carboxymethyl [[cellulose]] as the sole carbon source and encoded three endog...; ... family 5 (GH5)/GH9] that synergistically degrade [[cellulose]]. Digital DNA-DNA hybridization of the isolate wit...	AUTO:REN36T	REN36T	degrades	1	0	0	METPO:2000007	degrades	label	CHEBI:62968	CHEBI:62968|mediadive.ingredient:400|CHEBI:18246	cellulose	biolink:ChemicalEntity|biolink:Macromolecule	name	910	out:biolink:subclass_of:CHEBI:18246|out:biolink:subclass_of:CHEBI:72813|in:METPO:2000038:kgmicrobe.strain:bacdive_10715|in:METPO:2000038:kgmicrobe.strain:bacdive_10722|in:METPO:2000038:kgmicrobe.strain:bacdive_10768
69	00069-41734014-abstract.txt	41734014	chemical_utilization_object	chemical	AUTO:sodium%20chloride%20%28NaCl%29	sodium chloride (NaCl)	233:255	...lt concentration of 0% (with a tolerance range of [[Sodium chloride (NaCl)]] from 0% to 2%), a temperature of 37 °C (with a to...	AUTO:REN36T	REN36T	tolerates	1	0	0	METPO:2000064	tolerates	label						0	
70	00070-41729196-abstract.txt	41729196	chemical_utilization_object	chemical	AUTO:%CE%B1-arabinosidase%20activity	α-arabinosidase activity	1073:1097	...dicola, including strain [[21CYCFAH17_ST]], exhibited [[α-arabinosidase activity]], whereas strain 25CYCFAH16T and other members of ...	AUTO:21CYCFAH17_ST	21CYCFAH17_ST	produces	1	0	0	METPO:2000202	produces	label						0	
71	00071-41696783-abstract.txt	41696783	chemical_utilization_object	chemical	AUTO:sodium%20chloride	sodium chloride	419:434	... 4-40 °C and at pH 4.0-10.0. Strain [[MAC3T]] grew in [[sodium chloride]] (NaCl) concentrations (w/v) of 0-15.0%, while str...	AUTO:MAC3T	MAC3T	uses_for_growth	1	0	0	METPO:2000012	uses for growth	label	mediadive.solution:3145	mediadive.solution:3145|mediadive.ingredient:1105|CHEBI:26710	SODIUM CHLORIDE	biolink:ChemicalMixture	name	8	in:biolink:has_part:mediadive.medium:1518|out:biolink:has_part:CHEBI:2509|out:biolink:has_part:mediadive.ingredient:4|out:biolink:has_part:CHEBI:131527|out:biolink:has_part:CHEBI:26710
71	00071-41696783-abstract.txt	41696783	chemical_utilization_object	chemical	AUTO:sodium%20chloride	sodium chloride	419:434	... 4-40 °C and at pH 4.0-10.0. Strain MAC3T grew in [[sodium chloride]] (NaCl) concentrations (w/v) of 0-15.0%, while str...	AUTO:MAC8T	MAC8T	tolerates	1	0	0	METPO:2000064	tolerates	label	mediadive.solution:3145	mediadive.solution:3145|mediadive.ingredient:1105|CHEBI:26710	SODIUM CHLORIDE	biolink:ChemicalMixture	name	8	in:biolink:has_part:mediadive.medium:1518|out:biolink:has_part:CHEBI:2509|out:biolink:has_part:mediadive.ingredient:4|out:biolink:has_part:CHEBI:131527|out:biolink:has_part:CHEBI:26710
73	00073-41665478-abstract.txt	41665478	chemical_utilization_object	chemical	AUTO:indole	indole	954:960	...s, [[Reella acinonychis]], is proposed. Production of [[indole]] and acid from sucrose and dulcitol separate the g...	AUTO:Reella%20acinonychis	Reella acinonychis	produces	1	0	0	METPO:2000202	produces	label	CHEBI:35581	CHEBI:35581|CHEBI:16881	indole	biolink:ChemicalEntity|biolink:SmallMolecule	name	18915	out:biolink:subclass_of:CHEBI:24828|out:biolink:subclass_of:CHEBI:35570|out:biolink:subclass_of:CHEBI:52362|out:biolink:related_to:CHEBI:77746|in:METPO:2000222:kgmicrobe.strain:bacdive_1006
73	00073-41665478-abstract.txt	41665478	chemical_utilization_object	chemical	AUTO:acid	acid	965:969	...cinonychis, is proposed. Production of indole and [[acid]] from sucrose and dulcitol separate the genus from...	AUTO:Reella%20acinonychis	Reella acinonychis	produces	1	0	0	METPO:2000202	produces	label	CHEBI:37527	CHEBI:37527	acid	biolink:ChemicalSubstance|biolink:SmallMolecule	name	3	out:biolink:subclass_of:CHEBI:51086|in:biolink:subclass_of:CHEBI:39141|in:biolink:subclass_of:CHEBI:39143
74	00074-41641714-abstract.txt	41641714	chemical_utilization_object	chemical	AUTO:natural%20rubber	natural rubber	214:228	...1T, were isolated using mineral salts medium with [[natural rubber]] as the sole carbon source. Polyphasic taxonomy pl...	AUTO:ABSL1-1T	ABSL1-1T	uses_as_carbon_source	1	0	0	METPO:2000006	uses as carbon source	label						0	
74	00074-41641714-abstract.txt	41641714	chemical_utilization_object	chemical	AUTO:natural%20rubber	natural rubber	214:228	...1T, were isolated using mineral salts medium with [[natural rubber]] as the sole carbon source. Polyphasic taxonomy pl...	AUTO:ABSL49-1T	ABSL49-1T	uses_as_carbon_source	1	0	0	METPO:2000006	uses as carbon source	label						0	
75	00075-41627974-abstract.txt	41627974	chemical_utilization_object	chemical	AUTO:NaCl	NaCl	299:303	.... The strain grew at concentrations of 0-1% (w/v) [[NaCl]] (optimum at 0.5%), at pH 6.0-10.0 (optimum at 7.0...	AUTO:HSL-7T	HSL-7T	tolerates	1	0	0	METPO:2000064	tolerates	label	CHEBI:26710	CHEBI:26710	1% sodium chloride	biolink:ChemicalEntity|biolink:ChemicalSubstance|biolink:SmallMolecule	synonym	2636	out:biolink:subclass_of:CHEBI:36093|out:biolink:subclass_of:CHEBI:38702|out:biolink:related_to:CHEBI:149552|out:biolink:has_chemical_role:CHEBI:149552|out:biolink:related_to:CHEBI:228364
76	00076-41758554-abstract.txt	41758554	chemical_utilization_object	chemical	AUTO:human%20milk%20oligosaccharide	human milk oligosaccharide	1752:1778	...latum subsp. puerorum harboured genes involved in [[human milk oligosaccharide]] (HMO) and urea metabolism, consistent with its is...	AUTO:Bifidobacterium%20catenulatum%20subsp.%20puerorum	Bifidobacterium catenulatum subsp. puerorum	uses_for_growth	1	0	0	METPO:2000012	uses for growth	label						0	
76	00076-41758554-abstract.txt	41758554	chemical_utilization_object	chemical	AUTO:urea	urea	1789:1793	... involved in human milk oligosaccharide (HMO) and [[urea]] metabolism, consistent with its isolation from in...	AUTO:Bifidobacterium%20catenulatum%20subsp.%20puerorum	Bifidobacterium catenulatum subsp. puerorum	uses_for_growth	1	0	0	METPO:2000012	uses for growth	label	CHEBI:16199	CHEBI:16199	urea	biolink:ChemicalEntity|biolink:ChemicalSubstance|biolink:SmallMolecule	name	18231	out:biolink:subclass_of:CHEBI:29347|out:biolink:subclass_of:CHEBI:64708|out:biolink:related_to:CHEBI:33287|out:biolink:has_chemical_role:CHEBI:33287|out:biolink:related_to:CHEBI:64577
76	00076-41758554-abstract.txt	41758554	chemical_utilization_object	chemical	AUTO:inulin	inulin	2038:2044	...es supported these distinctions, including unique [[inulin]] utilization by B. catenulatum subsp. puerorum. Ba...	AUTO:Bifidobacterium%20catenulatum%20subsp.%20puerorum	Bifidobacterium catenulatum subsp. puerorum	uses_for_growth	1	0	0	METPO:2000012	uses for growth	label	CHEBI:15443	CHEBI:15443|mediadive.ingredient:516	inulin	biolink:ChemicalEntity|biolink:Macromolecule	name	14519	out:biolink:subclass_of:CHEBI:29084|in:biolink:has_input:assay:API_20STR_INU|in:biolink:has_input:assay:API_50CHac_INU|in:biolink:has_input:assay:API_50CHas_INU|in:METPO:2000037:kgmicrobe.strain:bacdive_10173
76	00076-41758554-abstract.txt	41758554	chemical_utilization_object	chemical	AUTO:human%20milk%20oligosaccharide	human milk oligosaccharide	1752:1778	...latum subsp. puerorum harboured genes involved in [[human milk oligosaccharide]] (HMO) and urea metabolism, consistent with its is...	AUTO:Bifidobacterium%20hominis	Bifidobacterium hominis	uses_for_growth	1	0	0	METPO:2000012	uses for growth	label						0	
76	00076-41758554-abstract.txt	41758554	chemical_utilization_object	chemical	AUTO:xylooligosaccharide	xylooligosaccharide	1938:1957	...d strain-dependent variation in genes for HMO and [[xylooligosaccharide]] utilization. Phenotypic analyses supported these ...	AUTO:Bifidobacterium%20hominis	Bifidobacterium hominis	uses_for_growth	1	0	0	METPO:2000012	uses for growth	label	CHEBI:62864	CHEBI:62864	xylooligosaccharide	biolink:SmallMolecule	name	2	in:biolink:subclass_of:CHEBI:62774|out:biolink:subclass_of:CHEBI:50699
78	00078-41729200-abstract.txt	41729200	chemical_utilization_object	chemical	AUTO:sodium%20chloride	sodium chloride	841:856	...lues between 5.3 and 7.0 (optimum: pH 6.5) and in [[sodium chloride]] (NaCl) concentrations ranging from 5 to 50 g l⁻¹ ...	AUTO:28AT	28AT	tolerates	1	0	0	METPO:2000064	tolerates	label	mediadive.solution:3145	mediadive.solution:3145|mediadive.ingredient:1105|CHEBI:26710	SODIUM CHLORIDE	biolink:ChemicalMixture	name	8	in:biolink:has_part:mediadive.medium:1518|out:biolink:has_part:CHEBI:2509|out:biolink:has_part:mediadive.ingredient:4|out:biolink:has_part:CHEBI:131527|out:biolink:has_part:CHEBI:26710
79	00079-41706031-abstract.txt	41706031	chemical_utilization_object	chemical	AUTO:sodium%20chloride	sodium chloride	782:797	...en 6.5 and 9.0 (optimum 7.0) and with 1-10% (w/v) [[sodium chloride]] (optimum 5%). The strain exhibited an aggregated ...	AUTO:SD5T	SD5T	tolerates	1	0	0	METPO:2000064	tolerates	label	mediadive.solution:3145	mediadive.solution:3145|mediadive.ingredient:1105|CHEBI:26710	SODIUM CHLORIDE	biolink:ChemicalMixture	name	8	in:biolink:has_part:mediadive.medium:1518|out:biolink:has_part:CHEBI:2509|out:biolink:has_part:mediadive.ingredient:4|out:biolink:has_part:CHEBI:131527|out:biolink:has_part:CHEBI:26710
80	00080-41665931-abstract.txt	41665931	chemical_utilization_object	chemical	AUTO:nitrate	nitrate	379:386	...0. Strain [[HB62T]] could grow anaerobically by using [[nitrate]] and sulphate as electron acceptors. The 16S rRNA ...	AUTO:HB62T	HB62T	uses_as_electron_acceptor	1	0	0	METPO:2000008	uses as electron acceptor	label	CHEBI:17632	CHEBI:17632	nitrate	biolink:ChemicalEntity|biolink:ChemicalSubstance|biolink:SmallMolecule	name	25573	out:biolink:subclass_of:CHEBI:33458|out:biolink:subclass_of:CHEBI:62764|out:biolink:subclass_of:CHEBI:79389|out:biolink:related_to:CHEBI:48107|in:METPO:2000019:kgmicrobe.strain:bacdive_1006
80	00080-41665931-abstract.txt	41665931	chemical_utilization_object	chemical	AUTO:sulphate	sulphate	391:399	...62T could grow anaerobically by using nitrate and [[sulphate]] as electron acceptors. The 16S rRNA gene sequence...	AUTO:HB62T	HB62T	uses_as_electron_acceptor	1	0	0	METPO:2000008	uses as electron acceptor	label	CHEBI:16189	CHEBI:16189	sulfate	biolink:ChemicalEntity|biolink:ChemicalSubstance|biolink:SmallMolecule	synonym	554	out:biolink:subclass_of:CHEBI:24834|out:biolink:subclass_of:CHEBI:33482|out:biolink:subclass_of:CHEBI:48154|out:biolink:subclass_of:CHEBI:79388|out:biolink:related_to:CHEBI:23357
81	00081-41661661-abstract.txt	41661661	chemical_utilization_object	chemical	AUTO:silver%20nanoparticles	silver nanoparticles	180:200	... hot spring in Dikili, Izmir. They can synthesize [[silver nanoparticles]] and biotechnologically important thermostable alp...	AUTO:D401aT	D401aT	produces	1	0	0	METPO:2000202	produces	label	CHEBI:50826	CHEBI:50826	silver nanoparticle	biolink:SmallMolecule	synonym	3	out:biolink:subclass_of:CHEBI:33966|out:biolink:subclass_of:CHEBI:52855|in:biolink:subclass_of:CHEBI:82776
81	00081-41661661-abstract.txt	41661661	chemical_utilization_object	chemical	AUTO:silver%20nanoparticles	silver nanoparticles	180:200	... hot spring in Dikili, Izmir. They can synthesize [[silver nanoparticles]] and biotechnologically important thermostable alp...	AUTO:D404	D404	produces	1	0	0	METPO:2000202	produces	label	CHEBI:50826	CHEBI:50826	silver nanoparticle	biolink:SmallMolecule	synonym	3	out:biolink:subclass_of:CHEBI:33966|out:biolink:subclass_of:CHEBI:52855|in:biolink:subclass_of:CHEBI:82776
81	00081-41661661-abstract.txt	41661661	chemical_utilization_object	chemical	AUTO:biotin	biotin	1741:1747	...ncoded type III polyketide synthases that produce [[biotin]]. They harboured additional terpene/carotenoid and...	AUTO:D401aT	D401aT	produces	1	0	0	METPO:2000202	produces	label	CHEBI:15956	CHEBI:15956|CHEBI:57586	biotin	biolink:ChemicalEntity|biolink:SmallMolecule	name	419	out:biolink:subclass_of:CHEBI:176841|out:biolink:subclass_of:CHEBI:51570|out:biolink:related_to:CHEBI:23354|out:biolink:has_chemical_role:CHEBI:23354|out:biolink:related_to:CHEBI:23357
81	00081-41661661-abstract.txt	41661661	chemical_utilization_object	chemical	AUTO:biotin	biotin	1741:1747	...ncoded type III polyketide synthases that produce [[biotin]]. They harboured additional terpene/carotenoid and...	AUTO:D404	D404	produces	1	0	0	METPO:2000202	produces	label	CHEBI:15956	CHEBI:15956|CHEBI:57586	biotin	biolink:ChemicalEntity|biolink:SmallMolecule	name	419	out:biolink:subclass_of:CHEBI:176841|out:biolink:subclass_of:CHEBI:51570|out:biolink:related_to:CHEBI:23354|out:biolink:has_chemical_role:CHEBI:23354|out:biolink:related_to:CHEBI:23357
82	00082-41746692-abstract.txt	41746692	chemical_utilization_object	chemical	AUTO:oxygen	oxygen			AUTO:c1-l78T	c1-l78T	requires_for_growth	1	0	0	METPO:2000018	requires for growth	label	CHEBI:15379	CHEBI:15379|CHEBI:25805	dioxygen	biolink:ChemicalEntity|biolink:ChemicalSubstance|biolink:SmallMolecule	synonym	11447	out:biolink:subclass_of:CHEBI:138675|out:biolink:subclass_of:CHEBI:25362|out:biolink:subclass_of:CHEBI:33263|out:biolink:related_to:CHEBI:27027|out:biolink:related_to:CHEBI:33284
83	00083-41729564-abstract.txt	41729564	chemical_utilization_object	chemical	AUTO:brain%20heart%20infusion%20agar%20supplemented%20with%205%25%20defibrinated%20sheep%20blood	brain heart infusion agar supplemented with 5% defibrinated sheep blood	783:854	...700, Y2011T and Y2014 exhibited optimal growth on [[brain heart infusion agar supplemented with 5% defibrinated sheep blood]] medium at 30 °C, forming convex, opaque, smooth c...	AUTO:Y1685T	Y1685T	uses_for_growth	1	0	0	METPO:2000012	uses for growth	label						0	
83	00083-41729564-abstract.txt	41729564	chemical_utilization_object	chemical	AUTO:brain%20heart%20infusion%20agar%20supplemented%20with%205%25%20defibrinated%20sheep%20blood	brain heart infusion agar supplemented with 5% defibrinated sheep blood	783:854	...700, Y2011T and Y2014 exhibited optimal growth on [[brain heart infusion agar supplemented with 5% defibrinated sheep blood]] medium at 30 °C, forming convex, opaque, smooth c...	AUTO:Y1700	Y1700	uses_for_growth	1	0	0	METPO:2000012	uses for growth	label						0	
83	00083-41729564-abstract.txt	41729564	chemical_utilization_object	chemical	AUTO:brain%20heart%20infusion%20agar%20supplemented%20with%205%25%20defibrinated%20sheep%20blood	brain heart infusion agar supplemented with 5% defibrinated sheep blood	783:854	...700, [[Y2011T]] and Y2014 exhibited optimal growth on [[brain heart infusion agar supplemented with 5% defibrinated sheep blood]] medium at 30 °C, forming convex, opaque, smooth c...	AUTO:Y2011T	Y2011T	uses_for_growth	1	0	0	METPO:2000012	uses for growth	label						0	
83	00083-41729564-abstract.txt	41729564	chemical_utilization_object	chemical	AUTO:brain%20heart%20infusion%20agar%20supplemented%20with%205%25%20defibrinated%20sheep%20blood	brain heart infusion agar supplemented with 5% defibrinated sheep blood	783:854	...700, Y2011T and [[Y2014]] exhibited optimal growth on [[brain heart infusion agar supplemented with 5% defibrinated sheep blood]] medium at 30 °C, forming convex, opaque, smooth c...	AUTO:Y2014	Y2014	uses_for_growth	1	0	0	METPO:2000012	uses for growth	label						0	
84	00084-41637121-abstract.txt	41637121	chemical_utilization_object	chemical	AUTO:NaCl	NaCl	1087:1091	...timal growth occurs at 25 °C, pH 7.0 and 2% (w/v) [[NaCl]]. Based on phenotypic, phylogenetic, chemotaxonomi...	AUTO:DFM-14T	DFM-14T	tolerates	1	0	0	METPO:2000064	tolerates	label	CHEBI:26710	CHEBI:26710	1% sodium chloride	biolink:ChemicalEntity|biolink:ChemicalSubstance|biolink:SmallMolecule	synonym	2636	out:biolink:subclass_of:CHEBI:36093|out:biolink:subclass_of:CHEBI:38702|out:biolink:related_to:CHEBI:149552|out:biolink:has_chemical_role:CHEBI:149552|out:biolink:related_to:CHEBI:228364
86	00086-41627989-abstract.txt	41627989	chemical_utilization_object	chemical	AUTO:inorganic%20sulphur%20compounds	inorganic sulphur compounds	1117:1144	...C18 : 1 ω6c). Apart from the ability of oxidizing [[inorganic sulphur compounds]], [[AFSI2.2T]] presented further in vitro plant growth...	AUTO:AFSI2.2T	AFSI2.2T	oxidizes	1	0	0	METPO:2000016	oxidizes	label						0	
86	00086-41627989-abstract.txt	41627989	chemical_utilization_object	chemical	AUTO:indole-3-acetic%20acid	indole-3-acetic acid	1244:1264	...-promoting (PGP) activities such as production of [[indole-3-acetic acid]] and siderophores and 1-aminocyclopropane-1-carbox...	AUTO:AFSI2.2T	AFSI2.2T	produces	1	0	0	METPO:2000202	produces	label	CHEBI:16411	CHEBI:16411	acetic acid	biolink:ChemicalEntity|biolink:SmallMolecule	synonym	222	out:biolink:subclass_of:CHEBI:24803|out:biolink:subclass_of:CHEBI:25384|out:biolink:related_to:CHEBI:22676|out:biolink:related_to:CHEBI:37848|out:biolink:related_to:CHEBI:75771
86	00086-41627989-abstract.txt	41627989	chemical_utilization_object	chemical	AUTO:siderophores	siderophores	1269:1281	...es such as production of indole-3-acetic acid and [[siderophores]] and 1-aminocyclopropane-1-carboxylate deaminase a...	AUTO:AFSI2.2T	AFSI2.2T	produces	1	0	0	METPO:2000202	produces	label	CHEBI:26672	CHEBI:26672	siderophore	biolink:ChemicalEntity|biolink:SmallMolecule	synonym	51	out:biolink:subclass_of:CHEBI:23357|out:biolink:subclass_of:CHEBI:24028|out:biolink:subclass_of:CHEBI:24874|in:biolink:related_to:CHEBI:29669|in:METPO:2000202:kgmicrobe.strain:bacdive_133241
86	00086-41627989-abstract.txt	41627989	chemical_utilization_object	chemical	AUTO:1-aminocyclopropane-1-carboxylate	1-aminocyclopropane-1-carboxylate	1286:1319	...tion of indole-3-acetic acid and siderophores and [[1-aminocyclopropane-1-carboxylate]] deaminase activity. Genes associated with these P...	AUTO:AFSI2.2T	AFSI2.2T	produces	1	0	0	METPO:2000202	produces	label	CHEBI:58360	CHEBI:58360|CHEBI:30526	1-aminocyclopropanecarboxylic acid zwitterion	biolink:SmallMolecule	synonym	22	in:biolink:related_to:CHEBI:18053|in:biolink:related_to:CHEBI:30526|out:biolink:subclass_of:CHEBI:35238|out:biolink:related_to:CHEBI:76924|out:biolink:related_to:CHEBI:30526
88	00088-41700997-abstract.txt	41700997	chemical_utilization_object	chemical	AUTO:NaCl	NaCl	342:346; 370:374	...n-negative, aerobic and able to grow at 1.4-4.8 M [[NaCl]] (with optimum at 3.1 M NaCl), pH 5.0-9.0 (optimum...; ... to grow at 1.4-4.8 M NaCl (with optimum at 3.1 M [[NaCl]]), pH 5.0-9.0 (optimum, pH 7.5) and 20-60 °C (opti...	AUTO:AD34T	AD34T	requires_for_growth	1	0	0	METPO:2000018	requires for growth	label	CHEBI:26710	CHEBI:26710	1% sodium chloride	biolink:ChemicalEntity|biolink:ChemicalSubstance|biolink:SmallMolecule	synonym	2636	out:biolink:subclass_of:CHEBI:36093|out:biolink:subclass_of:CHEBI:38702|out:biolink:related_to:CHEBI:149552|out:biolink:has_chemical_role:CHEBI:149552|out:biolink:related_to:CHEBI:228364
88	00088-41700997-abstract.txt	41700997	chemical_utilization_object	chemical	AUTO:NaCl	NaCl	342:346; 370:374	...n-negative, aerobic and able to grow at 1.4-4.8 M [[NaCl]] (with optimum at 3.1 M NaCl), pH 5.0-9.0 (optimum...; ... to grow at 1.4-4.8 M NaCl (with optimum at 3.1 M [[NaCl]]), pH 5.0-9.0 (optimum, pH 7.5) and 20-60 °C (opti...	AUTO:PAK95	PAK95	requires_for_growth	1	0	0	METPO:2000018	requires for growth	label	CHEBI:26710	CHEBI:26710	1% sodium chloride	biolink:ChemicalEntity|biolink:ChemicalSubstance|biolink:SmallMolecule	synonym	2636	out:biolink:subclass_of:CHEBI:36093|out:biolink:subclass_of:CHEBI:38702|out:biolink:related_to:CHEBI:149552|out:biolink:has_chemical_role:CHEBI:149552|out:biolink:related_to:CHEBI:228364
90	00090-40632136-abstract.txt	40632136	chemical_utilization_object	chemical	AUTO:NaCl	NaCl	834:838; 855:859	...ptimum at pH 9.0) and salinities of 13-20 % (w/v) [[NaCl]] (optimum at 15% NaCl). Cells tested positive for ...; ... salinities of 13-20 % (w/v) NaCl (optimum at 15% [[NaCl]]). Cells tested positive for oxidase and catalase ...	AUTO:N2T	N2T	uses_for_growth	1	0	0	METPO:2000012	uses for growth	label	CHEBI:26710	CHEBI:26710	1% sodium chloride	biolink:ChemicalEntity|biolink:ChemicalSubstance|biolink:SmallMolecule	synonym	2636	out:biolink:subclass_of:CHEBI:36093|out:biolink:subclass_of:CHEBI:38702|out:biolink:related_to:CHEBI:149552|out:biolink:has_chemical_role:CHEBI:149552|out:biolink:related_to:CHEBI:228364
91	00091-40720258-abstract.txt	40720258	chemical_utilization_object	chemical	AUTO:aromatic%20compounds	aromatic compounds			AUTO:H27-S2T	H27-S2T	degrades	1	0	0	METPO:2000007	degrades	label	CHEBI:33655	CHEBI:33655	aromatic compound	biolink:ChemicalSubstance|biolink:SmallMolecule	synonym	44	in:biolink:subclass_of:CHEBI:112855|in:biolink:subclass_of:CHEBI:116656|in:biolink:subclass_of:CHEBI:116928|in:biolink:subclass_of:CHEBI:124928|in:biolink:subclass_of:CHEBI:125882
91	00091-40720258-abstract.txt	40720258	chemical_utilization_object	chemical	AUTO:aromatic%20compounds	aromatic compounds			AUTO:H34-AA3	H34-AA3	degrades	1	0	0	METPO:2000007	degrades	label	CHEBI:33655	CHEBI:33655	aromatic compound	biolink:ChemicalSubstance|biolink:SmallMolecule	synonym	44	in:biolink:subclass_of:CHEBI:112855|in:biolink:subclass_of:CHEBI:116656|in:biolink:subclass_of:CHEBI:116928|in:biolink:subclass_of:CHEBI:124928|in:biolink:subclass_of:CHEBI:125882
91	00091-40720258-abstract.txt	40720258	chemical_utilization_object	chemical	AUTO:aromatic%20compounds	aromatic compounds			AUTO:H34-S5	H34-S5	degrades	1	0	0	METPO:2000007	degrades	label	CHEBI:33655	CHEBI:33655	aromatic compound	biolink:ChemicalSubstance|biolink:SmallMolecule	synonym	44	in:biolink:subclass_of:CHEBI:112855|in:biolink:subclass_of:CHEBI:116656|in:biolink:subclass_of:CHEBI:116928|in:biolink:subclass_of:CHEBI:124928|in:biolink:subclass_of:CHEBI:125882
92	00092-40643100-abstract.txt	40643100	chemical_utilization_object	chemical	AUTO:maltose	maltose	780:787	...s from R. paludigena in its ability to assimilate [[maltose]], l-arabinose and citric acid. Both the phylogenet...	AUTO:CGMCC%202.7770	CGMCC 2.7770	uses_for_growth	1	0	0	METPO:2000012	uses for growth	label	CHEBI:17306	CHEBI:17306|CHEBI:18167	D-maltose	biolink:ChemicalEntity|biolink:SmallMolecule	synonym	45127	out:biolink:subclass_of:CHEBI:17593|out:biolink:subclass_of:CHEBI:24405|out:biolink:related_to:CHEBI:50505|out:biolink:has_chemical_role:CHEBI:50505|out:biolink:related_to:CHEBI:75771
92	00092-40643100-abstract.txt	40643100	chemical_utilization_object	chemical	AUTO:l-arabinose	l-arabinose	789:800	... paludigena in its ability to assimilate maltose, [[l-arabinose]] and citric acid. Both the phylogenetic analysis a...	AUTO:CGMCC%202.7770	CGMCC 2.7770	uses_for_growth	1	0	0	METPO:2000012	uses for growth	label	CHEBI:30849	CHEBI:30849|CHEBI:17535|CHEBI:6182	L-arabinose	biolink:ChemicalEntity|biolink:SmallMolecule	name	19346	out:biolink:subclass_of:CHEBI:22599|out:biolink:related_to:CHEBI:75772|out:biolink:related_to:CHEBI:77746|out:biolink:related_to:CHEBI:84735|in:METPO:2000028:kgmicrobe.strain:bacdive_10173
92	00092-40643100-abstract.txt	40643100	chemical_utilization_object	chemical	AUTO:citric%20acid	citric acid	805:816	...ts ability to assimilate maltose, l-arabinose and [[citric acid]]. Both the phylogenetic analysis and phenotypic ch...	AUTO:CGMCC%202.7770	CGMCC 2.7770	uses_for_growth	1	0	0	METPO:2000012	uses for growth	label	CHEBI:30769	CHEBI:30769	citric acid	biolink:SmallMolecule	name	10151	in:biolink:has_input:assay:API_20E_CIT|in:biolink:has_input:assay:API_20NE_CIT|in:biolink:has_input:assay:API_CAM_CIT|in:biolink:has_input:assay:API_biotype100_CIT|in:METPO:2000012:kgmicrobe.strain:bacdive_1006
93	00093-40627528-abstract.txt	40627528	chemical_utilization_object	chemical	AUTO:d-raffinose	d-raffinose	1149:1160	...differs from A. insulae in its ability to utilize [[d-raffinose]], d-ribose and d-xylose. Based on these polyphasic...	AUTO:2305UL40-4T	2305UL40-4T	uses_for_growth	1	0	0	METPO:2000012	uses for growth	label						0	
93	00093-40627528-abstract.txt	40627528	chemical_utilization_object	chemical	AUTO:d-ribose	d-ribose	1162:1170	...A. insulae in its ability to utilize d-raffinose, [[d-ribose]] and d-xylose. Based on these polyphasic taxonomic...	AUTO:2305UL40-4T	2305UL40-4T	uses_for_growth	1	0	0	METPO:2000012	uses for growth	label	CHEBI:16988	CHEBI:16988|CHEBI:47013|CHEBI:47014	D-ribose	biolink:ChemicalEntity|biolink:SmallMolecule	name	14473	out:biolink:subclass_of:CHEBI:33942|out:biolink:related_to:CHEBI:77746|out:biolink:related_to:CHEBI:78675|out:biolink:related_to:CHEBI:46997|in:biolink:related_to:CHEBI:28816
93	00093-40627528-abstract.txt	40627528	chemical_utilization_object	chemical	AUTO:d-xylose	d-xylose	1175:1183	... its ability to utilize d-raffinose, d-ribose and [[d-xylose]]. Based on these polyphasic taxonomic characterist...	AUTO:2305UL40-4T	2305UL40-4T	uses_for_growth	1	0	0	METPO:2000012	uses for growth	label	CHEBI:65327	CHEBI:65327|CHEBI:53455|CHEBI:15936	D-xylose	biolink:ChemicalEntity|biolink:SmallMolecule	name	12230	out:biolink:subclass_of:CHEBI:18222|out:biolink:related_to:CHEBI:65328|in:biolink:related_to:CHEBI:65328|in:METPO:2000037:kgmicrobe.strain:bacdive_1006|in:METPO:2000037:kgmicrobe.strain:bacdive_10173
94	00094-40637718-abstract.txt	40637718	chemical_utilization_object	chemical	AUTO:methanol	methanol	230:238	...f 0.5-1.0 µm, and formed aggregates. They reduced [[methanol]] and monomethylamine into methane, using H2 as an ...	AUTO:LWZ-6T	LWZ-6T	reduces	1	0	0	METPO:2000017	reduces	label	CHEBI:17790	CHEBI:17790	methanol	biolink:ChemicalEntity|biolink:ChemicalSubstance|biolink:SmallMolecule	name	629	out:biolink:subclass_of:CHEBI:134179|out:biolink:subclass_of:CHEBI:15734|out:biolink:subclass_of:CHEBI:50584|out:biolink:subclass_of:CHEBI:64708|out:biolink:related_to:CHEBI:131604
94	00094-40637718-abstract.txt	40637718	chemical_utilization_object	chemical	AUTO:monomethylamine	monomethylamine	243:258	... and formed aggregates. They reduced methanol and [[monomethylamine]] into methane, using H2 as an electron donor. Dime...	AUTO:LWZ-6T	LWZ-6T	reduces	1	0	0	METPO:2000017	reduces	label	CHEBI:16830	CHEBI:16830	methylamine	biolink:ChemicalEntity|biolink:SmallMolecule	synonym	79	out:biolink:subclass_of:CHEBI:17062|out:biolink:subclass_of:CHEBI:25274|out:biolink:subclass_of:CHEBI:64708|out:biolink:related_to:CHEBI:75771|out:biolink:has_chemical_role:CHEBI:75771
94	00094-40637718-abstract.txt	40637718	chemical_utilization_object	chemical	AUTO:H2	H2	279:281; 352:354	... methanol and monomethylamine into methane, using [[H2]] as an electron donor. Dimethylamine, trimethylami...; .... Dimethylamine, trimethylamine and methanethiol, [[H2]]/CO2, formate, acetate, pyruvate, lactate and gluc...	AUTO:LWZ-6T	LWZ-6T	uses_as_electron_donor	1	0	0	METPO:2000009	uses as electron donor	label	CHEBI:18276	CHEBI:18276	dihydrogen	biolink:ChemicalEntity|biolink:ChemicalSubstance|biolink:SmallMolecule	synonym	275	out:biolink:subclass_of:CHEBI:138675|out:biolink:subclass_of:CHEBI:25362|out:biolink:subclass_of:CHEBI:33260|out:biolink:related_to:CHEBI:15022|out:biolink:has_chemical_role:CHEBI:15022
94	00094-40637718-abstract.txt	40637718	chemical_utilization_object	chemical	AUTO:dimethylamine	dimethylamine	304:317	...mine into methane, using H2 as an electron donor. [[Dimethylamine]], trimethylamine and methanethiol, H2/CO2, formate...	AUTO:LWZ-6T	LWZ-6T	does_not_use_for_growth	1	0	0	METPO:2000038	does not use for growth	label	CHEBI:17170	CHEBI:17170|CHEBI:58040	dimethylamine	biolink:ChemicalEntity|biolink:SmallMolecule	name	54	out:biolink:subclass_of:CHEBI:25274|out:biolink:subclass_of:CHEBI:50981|out:biolink:related_to:CHEBI:25212|out:biolink:has_chemical_role:CHEBI:25212|out:biolink:related_to:CHEBI:58040
94	00094-40637718-abstract.txt	40637718	chemical_utilization_object	chemical	AUTO:trimethylamine	trimethylamine	319:333	...ne, using H2 as an electron donor. Dimethylamine, [[trimethylamine]] and methanethiol, H2/CO2, formate, acetate, pyruv...	AUTO:LWZ-6T	LWZ-6T	does_not_use_for_growth	1	0	0	METPO:2000038	does not use for growth	label	CHEBI:18139	CHEBI:18139|mediadive.ingredient:1975|CHEBI:58389	trimethylamine	biolink:ChemicalEntity|biolink:ChemicalSubstance|biolink:SmallMolecule	name	66	in:biolink:related_to:CHEBI:15724|out:biolink:subclass_of:CHEBI:25274|out:biolink:subclass_of:CHEBI:32876|out:biolink:related_to:CHEBI:76967|out:biolink:has_chemical_role:CHEBI:76967
94	00094-40637718-abstract.txt	40637718	chemical_utilization_object	chemical	AUTO:methanethiol	methanethiol	338:350	...electron donor. Dimethylamine, trimethylamine and [[methanethiol]], H2/CO2, formate, acetate, pyruvate, lactate and ...	AUTO:LWZ-6T	LWZ-6T	does_not_use_for_growth	1	0	0	METPO:2000038	does not use for growth	label	CHEBI:16007	CHEBI:16007	methanethiol	biolink:SmallMolecule	name	73	out:biolink:subclass_of:CHEBI:47908|out:biolink:related_to:CHEBI:75772|out:biolink:related_to:CHEBI:77746|in:biolink:related_to:CHEBI:48563|in:biolink:related_to:CHEBI:74357
94	00094-40637718-abstract.txt	40637718	chemical_utilization_object	chemical	AUTO:H2/CO2	H2/CO2	352:358	.... Dimethylamine, trimethylamine and methanethiol, [[H2/CO2]], formate, acetate, pyruvate, lactate and glucose ...	AUTO:LWZ-6T	LWZ-6T	does_not_use_for_growth	1	0	0	METPO:2000038	does not use for growth	label						0	
94	00094-40637718-abstract.txt	40637718	chemical_utilization_object	chemical	AUTO:formate	formate	360:367	...ylamine, trimethylamine and methanethiol, H2/CO2, [[formate]], acetate, pyruvate, lactate and glucose were not ...	AUTO:LWZ-6T	LWZ-6T	does_not_use_for_growth	1	0	0	METPO:2000038	does not use for growth	label	CHEBI:15740	CHEBI:15740|CHEBI:52343	formate	biolink:ChemicalEntity|biolink:SmallMolecule	name	1250	out:biolink:subclass_of:CHEBI:35757|out:biolink:related_to:CHEBI:75772|out:biolink:related_to:CHEBI:77746|out:biolink:related_to:CHEBI:30751|in:biolink:related_to:CHEBI:62965
94	00094-40637718-abstract.txt	40637718	chemical_utilization_object	chemical	AUTO:acetate	acetate	369:376; 479:486	...trimethylamine and methanethiol, H2/CO2, formate, [[acetate]], pyruvate, lactate and glucose were not used as e...; ...gy sources. Strain [[LWZ-6T]] required yeast extract, [[acetate]] or CO2 as carbon sources. Strain [[LWZ-6T]] grew at 3...	AUTO:LWZ-6T	LWZ-6T	uses_as_carbon_source	1	0	0	METPO:2000006	uses as carbon source	label	CHEBI:30089	CHEBI:30089|mediadive.ingredient:1861|CHEBI:47622	acetate	biolink:ChemicalEntity|biolink:SmallMolecule	name	3823	in:biolink:related_to:CHEBI:18172|in:biolink:related_to:CHEBI:18401|in:biolink:related_to:CHEBI:25147|in:biolink:related_to:CHEBI:29805|out:biolink:subclass_of:CHEBI:35757
94	00094-40637718-abstract.txt	40637718	chemical_utilization_object	chemical	AUTO:acetate	acetate	369:376; 479:486	...trimethylamine and methanethiol, H2/CO2, formate, [[acetate]], pyruvate, lactate and glucose were not used as e...; ...gy sources. Strain [[LWZ-6T]] required yeast extract, [[acetate]] or CO2 as carbon sources. Strain [[LWZ-6T]] grew at 3...	AUTO:LWZ-6T	LWZ-6T	requires_for_growth	1	0	0	METPO:2000018	requires for growth	label	CHEBI:30089	CHEBI:30089|mediadive.ingredient:1861|CHEBI:47622	acetate	biolink:ChemicalEntity|biolink:SmallMolecule	name	3823	in:biolink:related_to:CHEBI:18172|in:biolink:related_to:CHEBI:18401|in:biolink:related_to:CHEBI:25147|in:biolink:related_to:CHEBI:29805|out:biolink:subclass_of:CHEBI:35757
94	00094-40637718-abstract.txt	40637718	chemical_utilization_object	chemical	AUTO:pyruvate	pyruvate	378:386	...amine and methanethiol, H2/CO2, formate, acetate, [[pyruvate]], lactate and glucose were not used as energy sour...	AUTO:LWZ-6T	LWZ-6T	does_not_use_for_growth	1	0	0	METPO:2000038	does not use for growth	label	CHEBI:15361	CHEBI:15361	pyruvate	biolink:ChemicalEntity|biolink:SmallMolecule	name	2707	out:biolink:subclass_of:CHEBI:35179|out:biolink:related_to:CHEBI:23357|out:biolink:has_chemical_role:CHEBI:23357|out:biolink:related_to:CHEBI:78675|out:biolink:has_chemical_role:CHEBI:78675
94	00094-40637718-abstract.txt	40637718	chemical_utilization_object	chemical	AUTO:lactate	lactate	388:395	...methanethiol, H2/CO2, formate, acetate, pyruvate, [[lactate]] and glucose were not used as energy sources. Stra...	AUTO:LWZ-6T	LWZ-6T	does_not_use_for_growth	1	0	0	METPO:2000038	does not use for growth	label	CHEBI:24996	CHEBI:24996|mediadive.ingredient:1385	lactate	biolink:ChemicalEntity|biolink:SmallMolecule	name	2262	in:biolink:subclass_of:CHEBI:16004|in:biolink:subclass_of:CHEBI:16651|out:biolink:subclass_of:CHEBI:36059|out:biolink:related_to:CHEBI:76971|out:biolink:has_chemical_role:CHEBI:76971
94	00094-40637718-abstract.txt	40637718	chemical_utilization_object	chemical	AUTO:glucose	glucose	400:407	..., H2/CO2, formate, acetate, pyruvate, lactate and [[glucose]] were not used as energy sources. Strain [[LWZ-6T]] re...	AUTO:LWZ-6T	LWZ-6T	does_not_use_for_growth	1	0	0	METPO:2000038	does not use for growth	label	CHEBI:17234	CHEBI:17234|CHEBI:42758|CHEBI:4167	glucose	biolink:ChemicalEntity|biolink:SmallMolecule	name	27450	out:biolink:subclass_of:CHEBI:33917|out:biolink:related_to:CHEBI:78675|out:biolink:has_chemical_role:CHEBI:78675|in:biolink:subclass_of:CHEBI:17634|in:METPO:2000006:NCBITaxon:1002795
94	00094-40637718-abstract.txt	40637718	chemical_utilization_object	chemical	AUTO:yeast%20extract	yeast extract	464:477	...ot used as energy sources. Strain [[LWZ-6T]] required [[yeast extract]], acetate or CO2 as carbon sources. Strain [[LWZ-6T]] ...	AUTO:LWZ-6T	LWZ-6T	requires_for_growth	1	0	0	METPO:2000018	requires for growth	label	CAS-RN:8013-01-2	CAS-RN:8013-01-2	Yeast extract	biolink:ChemicalEntity	name	2656	in:biolink:has_part:mediadive.solution:100|in:biolink:has_part:mediadive.solution:1004|in:biolink:has_part:mediadive.solution:1005|in:biolink:has_part:mediadive.solution:101|in:biolink:has_part:mediadive.solution:1025
94	00094-40637718-abstract.txt	40637718	chemical_utilization_object	chemical	AUTO:CO2	CO2	355:358; 490:493	...imethylamine, trimethylamine and methanethiol, H2/[[CO2]], formate, acetate, pyruvate, lactate and glucose ...; ... Strain [[LWZ-6T]] required yeast extract, acetate or [[CO2]] as carbon sources. Strain [[LWZ-6T]] grew at 35-65 °C...	AUTO:LWZ-6T	LWZ-6T	requires_for_growth	1	0	0	METPO:2000018	requires for growth	label	CHEBI:16526	CHEBI:16526	carbon dioxide	biolink:ChemicalEntity|biolink:ChemicalSubstance|biolink:SmallMolecule	synonym	4406	out:biolink:subclass_of:CHEBI:138675|out:biolink:subclass_of:CHEBI:23014|out:biolink:subclass_of:CHEBI:64708|out:biolink:related_to:CHEBI:35620|out:biolink:has_chemical_role:CHEBI:35620
97	00097-40577047-abstract.txt	40577047	chemical_utilization_object	chemical	AUTO:chitin	chitin	8:14; 1335:1341	A novel [[chitin]]olytic bacterium, designated as [[NN19T]], was isolate...; ...e genus Cellvibrio, for which the name Cellvibrio [[chitin]]ivorans sp. nov. is proposed. The type strain is N...	AUTO:NN19T	NN19T	uses_for_growth	1	0	0	METPO:2000012	uses for growth	label	CHEBI:17029	CHEBI:17029|mediadive.ingredient:2138	chitin	biolink:ChemicalEntity|biolink:ChemicalSubstance|biolink:Macromolecule	name	476	out:biolink:subclass_of:CHEBI:21638|out:biolink:subclass_of:CHEBI:22506|out:biolink:related_to:CHEBI:73336|out:biolink:related_to:CHEBI:75771|out:biolink:related_to:CHEBI:75772
98	00098-40512541-abstract.txt	40512541	chemical_utilization_object	chemical	AUTO:ll-diaminopimelic%20acid	ll-diaminopimelic acid	365:387	...in the genus Streptomyces. Both strains contained [[ll-diaminopimelic acid]] in their cell wall, with glucose, mannose, ribose...	AUTO:MCC20T	MCC20T	uses_for_growth	1	0	0	METPO:2000012	uses for growth	label						0	
98	00098-40512541-abstract.txt	40512541	chemical_utilization_object	chemical	AUTO:ll-diaminopimelic%20acid	ll-diaminopimelic acid	365:387	...in the genus Streptomyces. Both strains contained [[ll-diaminopimelic acid]] in their cell wall, with glucose, mannose, ribose...	AUTO:MCC57	MCC57	uses_for_growth	1	0	0	METPO:2000012	uses for growth	label						0	
98	00098-40512541-abstract.txt	40512541	chemical_utilization_object	chemical	AUTO:glucose	glucose	413:420	...d ll-diaminopimelic acid in their cell wall, with [[glucose]], mannose, ribose and rhamnose identified as whole...	AUTO:MCC20T	MCC20T	uses_for_growth	1	0	0	METPO:2000012	uses for growth	label	CHEBI:17234	CHEBI:17234|CHEBI:42758|CHEBI:4167	glucose	biolink:ChemicalEntity|biolink:SmallMolecule	name	27450	out:biolink:subclass_of:CHEBI:33917|out:biolink:related_to:CHEBI:78675|out:biolink:has_chemical_role:CHEBI:78675|in:biolink:subclass_of:CHEBI:17634|in:METPO:2000006:NCBITaxon:1002795
98	00098-40512541-abstract.txt	40512541	chemical_utilization_object	chemical	AUTO:glucose	glucose	413:420	...d ll-diaminopimelic acid in their cell wall, with [[glucose]], mannose, ribose and rhamnose identified as whole...	AUTO:MCC57	MCC57	uses_for_growth	1	0	0	METPO:2000012	uses for growth	label	CHEBI:17234	CHEBI:17234|CHEBI:42758|CHEBI:4167	glucose	biolink:ChemicalEntity|biolink:SmallMolecule	name	27450	out:biolink:subclass_of:CHEBI:33917|out:biolink:related_to:CHEBI:78675|out:biolink:has_chemical_role:CHEBI:78675|in:biolink:subclass_of:CHEBI:17634|in:METPO:2000006:NCBITaxon:1002795
98	00098-40512541-abstract.txt	40512541	chemical_utilization_object	chemical	AUTO:mannose	mannose	422:429	...inopimelic acid in their cell wall, with glucose, [[mannose]], ribose and rhamnose identified as whole-cell sug...	AUTO:MCC20T	MCC20T	uses_for_growth	1	0	0	METPO:2000012	uses for growth	label	CHEBI:37684	CHEBI:37684	mannose	biolink:ChemicalEntity|biolink:SmallMolecule	name	4385	in:biolink:subclass_of:CHEBI:16024|out:biolink:subclass_of:CHEBI:33917|out:biolink:related_to:CHEBI:78675|out:biolink:has_chemical_role:CHEBI:78675|in:METPO:2000006:NCBITaxon:1002795
98	00098-40512541-abstract.txt	40512541	chemical_utilization_object	chemical	AUTO:mannose	mannose	422:429	...inopimelic acid in their cell wall, with glucose, [[mannose]], ribose and rhamnose identified as whole-cell sug...	AUTO:MCC57	MCC57	uses_for_growth	1	0	0	METPO:2000012	uses for growth	label	CHEBI:37684	CHEBI:37684	mannose	biolink:ChemicalEntity|biolink:SmallMolecule	name	4385	in:biolink:subclass_of:CHEBI:16024|out:biolink:subclass_of:CHEBI:33917|out:biolink:related_to:CHEBI:78675|out:biolink:has_chemical_role:CHEBI:78675|in:METPO:2000006:NCBITaxon:1002795
98	00098-40512541-abstract.txt	40512541	chemical_utilization_object	chemical	AUTO:ribose	ribose	431:437	...c acid in their cell wall, with glucose, mannose, [[ribose]] and rhamnose identified as whole-cell sugars. The...	AUTO:MCC20T	MCC20T	uses_for_growth	1	0	0	METPO:2000012	uses for growth	label	CHEBI:33942	CHEBI:33942|mediadive.ingredient:168|CHEBI:47013|CHEBI:27476|CHEBI:45506	ribose	biolink:ChemicalEntity|biolink:SmallMolecule	name	2143	in:biolink:subclass_of:CHEBI:16988|out:biolink:subclass_of:CHEBI:33916|in:METPO:2000006:NCBITaxon:1002795|in:METPO:2000006:NCBITaxon:1003091|in:METPO:2000006:NCBITaxon:1003092
98	00098-40512541-abstract.txt	40512541	chemical_utilization_object	chemical	AUTO:ribose	ribose	431:437	...c acid in their cell wall, with glucose, mannose, [[ribose]] and rhamnose identified as whole-cell sugars. The...	AUTO:MCC57	MCC57	uses_for_growth	1	0	0	METPO:2000012	uses for growth	label	CHEBI:33942	CHEBI:33942|mediadive.ingredient:168|CHEBI:47013|CHEBI:27476|CHEBI:45506	ribose	biolink:ChemicalEntity|biolink:SmallMolecule	name	2143	in:biolink:subclass_of:CHEBI:16988|out:biolink:subclass_of:CHEBI:33916|in:METPO:2000006:NCBITaxon:1002795|in:METPO:2000006:NCBITaxon:1003091|in:METPO:2000006:NCBITaxon:1003092
98	00098-40512541-abstract.txt	40512541	chemical_utilization_object	chemical	AUTO:rhamnose	rhamnose	442:450	...heir cell wall, with glucose, mannose, ribose and [[rhamnose]] identified as whole-cell sugars. Their phospholip...	AUTO:MCC20T	MCC20T	uses_for_growth	1	0	0	METPO:2000012	uses for growth	label	CHEBI:26546	CHEBI:26546	rhamnose	biolink:ChemicalEntity|biolink:SmallMolecule	name	2517	out:biolink:subclass_of:CHEBI:33983|out:biolink:related_to:CHEBI:76924|out:biolink:has_chemical_role:CHEBI:76924|out:biolink:related_to:CHEBI:76969|out:biolink:has_chemical_role:CHEBI:76969
98	00098-40512541-abstract.txt	40512541	chemical_utilization_object	chemical	AUTO:rhamnose	rhamnose	442:450	...heir cell wall, with glucose, mannose, ribose and [[rhamnose]] identified as whole-cell sugars. Their phospholip...	AUTO:MCC57	MCC57	uses_for_growth	1	0	0	METPO:2000012	uses for growth	label	CHEBI:26546	CHEBI:26546	rhamnose	biolink:ChemicalEntity|biolink:SmallMolecule	name	2517	out:biolink:subclass_of:CHEBI:33983|out:biolink:related_to:CHEBI:76924|out:biolink:has_chemical_role:CHEBI:76924|out:biolink:related_to:CHEBI:76969|out:biolink:has_chemical_role:CHEBI:76969
